三峡大学,1407,1151,558,1902,4354,1360,0,2,2.2891693,736,0,1,3.0945272
三江学院,31,23,14,37,34,29,0,0,0.9189189,29,0,0,1.0967742
上海交通大学,42110,34198,17586,38735,247204,7374,2,12,6.3819284,742,1,5,5.8704348
上海体育学院,105,69,69,134,376,103,2,7,2.8059702,67,0,3,3.5809524
上海商学院,97,76,39,70,39,8,0,0,0.55714285,6,0,0,0.40206185
上海大学,15414,12475,6084,16661,58504,2480,1,5,3.5114338,1425,0,2,3.7955105
上海对外经贸大学,192,159,69,169,112,30,0,0,0.6627219,30,0,0,0.5833333
上海师范大学,2346,1674,1403,2299,18149,2493,2,10,7.894302,741,1,6,7.7361465
上海应用技术学院,976,740,542,1250,2376,402,0,3,1.9008,80,0,2,2.4344263
上海政法学院,37,32,12,18,20,16,0,1,1.1111112,6,0,1,0.5405405
上海海事大学,1630,1354,675,1398,3709,542,0,2,2.653076,542,0,1,2.27546
上海海洋大学,898,683,499,1539,2777,202,1,4,1.8044184,83,0,3,3.0924277
上海理工大学,2713,2168,1236,3367,8610,1055,0,2,2.5571725,542,0,2,3.1736085
上海电力学院,824,638,469,986,1694,294,0,2,1.7180527,155,0,1,2.0558252
上海科技大学,91,33,80,80,56,12,0,1,0.7,12,0,1,0.61538464
上海立信会计学院,202,165,90,134,224,32,0,1,1.6716418,32,0,0,1.1089109
上海第二工业大学,611,480,311,504,3904,2281,0,2,7.7460318,735,0,1,6.3895254
上海纽约大学,25,12,18,21,13,4,0,1,0.61904764,4,0,1,0.52
上海财经大学,982,651,599,728,3021,271,1,3,4.1497254,265,0,2,3.0763748
上海金融学院,101,66,71,70,246,92,0,2,3.5142858,23,0,2,2.4356437
上海音乐学院,4,4,1,4,1,1,0,1,0.25,1,0,1,0.25
上饶师范学院,72,52,35,78,451,327,1,6,5.782051,245,1,4,6.263889
东北农业大学,1466,1154,622,2786,7093,676,1,6,2.545944,176,1,5,4.8383355
东北大学,30423,23468,12525,22010,225962,3135,1,9,10.266334,1957,1,5,7.427341
东北师范大学,3777,2792,1964,4603,30283,3278,3,14,6.5789704,763,2,8,8.017739
东北林业大学,3024,2519,1094,3911,11780,1092,0,5,3.0120175,623,0,2,3.8955026
东北电力大学,772,674,205,1129,515,53,0,1,0.4561559,31,0,0,0.66709846
东北石油大学,612,541,201,1019,331,55,0,0,0.32482827,27,0,0,0.5408497
东北财经大学,265,210,107,232,455,84,0,1,1.9612069,42,0,1,1.7169812
东华大学,5086,4119,2218,5068,38192,2934,1,7,7.5359116,1959,1,5,7.509241
东南大学,20247,16746,7529,17631,101488,9940,1,7,5.7562246,737,0,3,5.0124955
中北大学,1673,1466,495,2182,5250,788,0,2,2.4060495,542,0,1,3.1380754
中华女子学院,48,31,25,49,73,17,0,1,1.4897959,10,0,2,1.5208334
中南大学,15649,12742,6422,21657,80909,3163,1,8,3.7359283,1425,1,4,5.1702347
中南民族大学,867,544,542,982,4074,764,1,6,4.1486764,620,1,4,4.6989617
中南财经政法大学,388,251,209,317,394,37,0,1,1.2429022,21,0,1,1.015464
中原工学院,805,667,277,700,1466,374,0,1,2.0942857,367,0,1,1.821118
中国人民公安大学,129,94,60,117,192,49,0,1,1.6410257,30,0,1,1.4883721
中国人民大学,3376,2297,1983,2720,12433,564,1,4,4.5709558,171,0,3,3.6827607
中国传媒大学,1287,1170,306,1402,934,94,0,1,0.66619116,33,0,0,0.72571874
中国农业大学,8363,6528,4445,12595,73053,3345,5,17,5.800159,881,3,10,8.735263
中国劳动关系学院,26,8,21,23,22,14,0,0,0.95652175,14,0,0,0.84615386
中国医科大学,96,49,78,139,1042,173,6,15,7.4964027,102,4,13,10.854167
中国政法大学,305,272,67,219,574,364,0,1,2.6210046,364,0,0,1.8819672
中国民用航空飞行学院,162,117,79,176,206,38,0,1,1.1704545,25,0,1,1.2716049
中国民航大学,1105,914,383,1200,1336,98,0,1,1.1133333,37,0,1,1.2090498
中国海洋大学,6629,5189,3313,8736,40262,2243,2,9,4.6087456,734,1,5,6.073616
中国石油大学（华东）,5159,4124,2720,7711,16463,1134,1,4,2.135002,499,0,2,3.1911223
中国矿业大学,5139,4105,2293,7284,16900,1328,0,3,2.3201537,361,0,2,3.2885776
中国科学技术大学,26930,20933,12079,24226,167810,6047,2,11,6.9268556,1022,1,5,6.2313404
中国美术学院,19,12,11,20,42,40,0,0,2.1,40,0,0,2.2105262
中国药科大学,2666,2061,1360,4567,22153,1527,5,16,4.850668,742,3,9,8.309452
中国计量学院,2352,1927,1051,2301,5338,970,0,2,2.319861,377,0,1,2.2695577
中央民族大学,639,458,347,830,1478,230,0,2,1.7807229,123,0,1,2.312989
中央财经大学,838,533,511,582,2049,195,0,2,3.5206184,135,0,2,2.4451075
中山大学,22325,16458,11164,26739,182344,3662,4,18,6.819402,1958,2,8,8.167705
临沂大学,394,307,203,407,783,76,0,2,1.9238329,76,0,1,1.9873097
九江学院,455,346,185,464,787,150,0,2,1.6961207,133,0,1,1.7296703
云南中医学院,53,13,47,74,326,166,0,2,4.4054055,166,0,1,6.1509433
云南农业大学,608,339,425,1011,4050,390,2,8,4.0059347,285,2,7,6.6611843
云南大学,4025,3000,1928,4534,21193,1348,1,6,4.674239,623,1,4,5.2653418
云南师范大学,1103,805,586,1323,2832,156,0,3,2.1405895,134,0,2,2.567543
云南财经大学,271,168,171,223,568,139,0,4,2.5470853,25,0,3,2.095941
井冈山大学,296,230,148,360,572,108,0,2,1.5888889,44,0,1,1.9324324
仲恺农业工程学院,232,152,161,256,662,103,1,3,2.5859375,80,0,3,2.8534484
佛山科学技术学院,392,285,255,397,991,79,1,5,2.4962218,79,0,2,2.5280612
佳木斯大学,272,149,198,481,1422,245,0,4,2.956341,245,1,4,5.227941
信阳师范学院,495,358,322,471,1942,520,1,6,4.1231422,78,1,4,3.9232323
兰州大学,11392,8922,4901,13411,70721,2915,2,11,5.273358,737,1,6,6.207953
兰州理工大学,1683,1489,546,2152,5365,661,0,3,2.4930298,622,0,2,3.1877599
内蒙古农业大学,511,347,311,927,2538,566,2,7,2.737864,103,1,6,4.966732
内蒙古医科大学,134,84,91,322,373,103,0,1,1.158385,46,0,1,2.783582
内蒙古大学,1450,1148,560,1995,4643,741,0,3,2.3273182,735,0,2,3.202069
内蒙古工业大学,768,626,312,1131,1116,182,0,2,0.98673743,80,0,1,1.453125
内蒙古师范大学,306,200,169,379,795,140,0,2,2.0976253,113,0,2,2.5980392
内蒙古科技大学,537,435,178,728,989,217,0,1,1.3585165,38,0,2,1.8417132
内蒙古财经大学,17,9,13,22,14,10,0,0,0.6363636,10,0,0,0.8235294
北京中医药大学,818,534,478,1503,5240,1666,1,5,3.4863605,1450,0,4,6.405868
北京交通大学,9837,8492,3484,9201,20585,859,0,2,2.2372568,368,0,1,2.0926096
北京体育大学,80,46,57,124,465,97,2,6,3.75,97,1,6,5.8125
北京化工大学,5255,4270,2495,6266,43079,3334,3,13,6.87504,736,2,8,8.197717
北京协和医学院,3109,2108,1746,5985,28577,879,3,14,4.7747703,674,2,9,9.191702
北京城市学院,87,49,53,99,442,245,0,1,4.4646463,245,0,1,5.0804596
北京外国语大学,135,112,47,102,227,34,0,1,2.22549,34,0,1,1.6814815
北京大学,50114,38226,22178,46090,300694,3353,2,12,6.5240617,1427,1,4,6.0001993
北京工业大学,7452,6203,2631,8352,21397,1731,0,3,2.5619013,620,0,2,2.8713098
北京工商大学,1050,790,475,1155,2156,227,0,2,1.8666667,70,0,1,2.0533333
北京师范大学,13083,9464,6939,11699,75550,2025,2,9,6.457817,1820,1,5,5.7746696
北京建筑大学,498,382,228,582,503,79,0,0,0.86426115,51,0,0,1.0100402
北京林业大学,2674,2038,1271,3980,11238,744,1,5,2.8236182,622,1,4,4.2026925
北京物资学院,333,299,102,305,212,65,0,0,0.69508195,56,0,0,0.6366366
北京理工大学,16423,13798,5661,15204,45638,2117,0,3,3.0017102,368,0,2,2.7789075
北京电子科技学院,126,78,84,145,126,36,0,1,0.8689655,14,0,1,1.0
北京石油化工学院,289,183,192,380,1117,121,0,3,2.9394736,121,0,2,3.865052
北京科技大学,9070,7072,4374,10866,43936,1698,1,5,4.0434384,1425,1,3,4.8441014
北京第二外国语学院,88,64,47,76,317,157,0,1,4.1710525,82,0,2,3.6022727
北京联合大学,1327,1072,468,1031,1455,115,0,1,1.4112512,57,0,1,1.0964582
北京航空航天大学,18770,15882,6681,17833,56804,3503,0,3,3.1853306,743,0,2,3.0263186
北京语言大学,140,104,61,111,516,383,0,1,4.6486487,73,0,1,3.6857142
北京邮电大学,9754,8586,2987,10458,16123,1650,0,2,1.5416906,117,0,1,1.6529629
北华大学,854,693,328,1106,1015,116,0,0,0.9177215,116,0,0,1.1885246
北方工业大学,1265,1052,465,1167,1453,140,0,1,1.2450728,68,0,1,1.1486166
华东交通大学,833,653,326,868,1413,113,0,1,1.6278802,71,0,1,1.6962785
华东师范大学,9288,6883,4816,8817,53658,2580,2,11,6.0857434,305,1,5,5.7771316
华东政法大学,109,79,32,84,57,15,0,0,0.6785714,15,0,0,0.5229358
华东理工大学,9069,7182,4406,9583,74914,6081,3,15,7.8173847,739,2,8,8.2604475
华中师范大学,4376,3402,1929,4931,15968,2675,0,4,3.2382884,567,0,2,3.6489944
华中科技大学,30863,26142,10331,34435,114095,2715,1,5,3.313344,981,0,2,3.6968215
华侨大学,1515,1284,588,1590,6806,1374,1,6,4.2805033,161,0,3,4.492409
华北理工大学,77,59,44,158,77,23,0,0,0.48734176,19,0,0,1.0
华北电力大学,5290,4596,1769,6244,13094,938,0,1,2.0970533,743,0,1,2.4752362
华北科技学院,339,280,124,397,373,72,0,1,0.9395466,50,0,0,1.100295
华南农业大学,2857,2086,1698,4926,27029,3917,3,13,5.4870076,1958,2,8,9.460623
华南师范大学,4905,3697,2532,5090,24317,1984,1,9,4.7774067,735,1,4,4.9575944
华南理工大学,15712,12829,6119,15091,79534,3319,1,7,5.2702937,1012,1,4,5.0619907
南京中医药大学,541,385,295,1133,1938,422,1,5,1.7105031,70,1,4,3.5822551
南京信息工程大学,2632,1912,1594,2703,6455,352,0,3,2.3880873,122,0,2,2.4525075
南京农业大学,4985,4046,2174,8885,44800,1780,5,17,5.042206,302,3,11,8.98696
南京医科大学,5551,3978,3062,10279,44175,3318,5,17,4.297597,544,3,9,7.9580255
南京大学,32400,25178,14803,31310,207231,7059,2,13,6.6186843,1102,1,5,6.3960185
南京审计学院,203,139,134,174,399,109,0,2,2.2931035,90,0,1,1.9655173
南京师范大学,4384,3150,2354,4578,23476,1502,2,9,5.1280036,736,1,4,5.354927
南京林业大学,1360,1011,768,1832,5218,473,1,5,2.8482533,115,0,4,3.8367648
南京理工大学,8569,7203,3258,7812,36709,4638,1,4,4.699053,623,0,3,4.2839303
南京航空航天大学,6753,5580,2890,7278,29655,3685,1,4,4.0746083,736,0,3,4.3913817
南京财经大学,303,211,207,247,636,115,0,2,2.5748987,45,0,2,2.09901
南京邮电大学,2245,1769,1076,2765,6415,1097,0,2,2.3200724,543,0,1,2.857461
南华大学,1263,866,746,2013,7393,363,1,8,3.672628,363,1,4,5.8535233
南开大学,15303,11894,6279,15321,91904,2936,2,12,5.9985642,1952,1,5,6.00562
南方医科大学,3376,2384,1945,6919,22008,536,3,10,3.1808064,368,2,7,6.518957
南方科技大学,304,116,258,262,851,109,0,3,3.2480917,107,0,2,2.7993422
南昌大学,4249,3388,1904,6082,17440,1117,1,5,2.867478,738,0,3,4.104495
南昌航空大学,908,705,450,1245,2707,395,0,3,2.174297,126,0,2,2.9812775
南通大学,2251,1720,1061,3723,11344,1255,2,9,3.0470052,621,1,4,5.039538
厦门大学,11161,8528,5248,13090,60779,1673,1,7,4.6431627,622,1,4,5.445659
厦门理工学院,326,213,216,338,633,69,0,1,1.872781,42,0,1,1.9417177
合肥学院,342,254,185,456,987,147,0,1,2.1644738,135,0,1,2.8859649
合肥工业大学,4700,3746,2211,5760,20500,1127,1,5,3.5590277,734,0,3,4.361702
合肥师范学院,194,112,161,180,1014,629,0,2,5.633333,545,0,1,5.2268043
吉林大学,21062,16554,9084,25729,119143,2878,1,8,4.630689,742,1,4,5.656775
吉林师范大学,494,348,282,693,2416,510,1,6,3.4862914,145,0,3,4.8906884
吉林财经大学,78,59,50,85,35,14,0,0,0.4117647,14,0,0,0.44871795
吉首大学,395,277,264,532,1298,214,0,4,2.4398496,57,0,3,3.2860758
同济大学,16329,12590,7595,16851,80587,3193,1,7,4.7823277,2341,1,4,4.9352074
哈尔滨医科大学,3550,2717,1658,7947,27841,2784,4,14,3.5033345,1833,2,8,7.842535
哈尔滨商业大学,903,808,204,872,818,160,0,0,0.9380734,80,0,0,0.9058693
哈尔滨学院,262,180,115,400,1167,209,0,1,2.9175,209,0,1,4.4541984
哈尔滨工业大学,30762,26024,10922,26409,133499,3979,1,6,5.055057,621,0,3,4.3397374
哈尔滨工程大学,7746,6926,2044,8659,21740,3696,0,2,2.5106826,738,0,1,2.8066099
哈尔滨师范大学,958,686,509,1169,5402,1691,1,5,4.6210437,737,0,4,5.6388307
哈尔滨理工大学,2663,2194,955,3638,4065,353,0,1,1.1173722,331,0,1,1.5264739
唐山学院,160,121,68,174,112,39,0,0,0.6436782,39,0,0,0.7
唐山师范学院,27,22,13,24,30,8,0,2,1.25,8,0,1,1.1111112
商丘师范学院,173,103,130,173,532,104,1,5,3.0751445,41,1,4,3.0751445
嘉应学院,138,107,64,101,700,385,1,3,6.930693,72,1,4,5.072464
四川农业大学,1783,1493,678,3701,9769,920,2,10,2.639557,134,2,6,5.478968
四川外国语大学,11,3,10,10,0,0,0,0,0.0,0,0,0,0.0
四川大学,20870,16927,7959,26003,126714,2546,3,13,4.873053,1953,1,5,6.071586
四川师范大学,1289,994,666,1094,3480,369,0,2,3.1809871,115,0,2,2.6997674
四川理工学院,468,351,218,517,1482,412,0,2,2.8665378,412,0,1,3.1666667
国际关系学院,35,14,24,36,9,2,0,0,0.25,2,0,0,0.25714287
复旦大学,29695,22680,13923,29924,242911,6820,4,18,8.117598,1425,1,7,8.180199
外交学院,17,10,8,16,27,17,0,1,1.6875,17,0,1,1.5882353
大理大学,205,132,150,319,623,114,1,6,1.952978,46,1,3,3.0390244
大连交通大学,942,725,458,1095,2311,186,0,2,2.1105022,156,0,2,2.453291
大连医科大学,1539,979,879,3101,13200,1427,2,8,4.2566915,1426,1,7,8.576998
大连外国语大学,38,25,19,33,40,22,0,0,1.2121212,22,0,0,1.0526316
大连工业大学,432,289,285,766,2003,329,0,3,2.6148825,246,0,3,4.6365743
大连民族大学,622,395,437,635,3816,865,1,5,6.009449,620,0,3,6.1350484
大连海事大学,3153,2708,1065,3117,8869,1167,0,2,2.845364,620,0,1,2.8128767
大连海洋大学,562,398,304,787,1508,191,0,2,1.9161372,79,0,2,2.683274
大连理工大学,18413,14601,8035,17682,104086,2808,2,9,5.8865514,734,1,5,5.652854
大连科技学院,12,11,4,15,2,1,0,0,0.13333334,1,0,0,0.16666667
天津中医药大学,484,287,296,888,2469,398,1,6,2.7804055,246,1,5,5.1012397
天津体育学院,34,17,31,53,241,114,1,17,4.5471697,45,1,11,7.0882354
天津农学院,218,141,129,352,854,297,0,3,2.4261363,91,0,3,3.917431
天津医科大学,3292,2367,1650,5872,23772,1365,2,9,4.048365,620,1,6,7.2211423
天津商业大学,472,393,225,503,1765,499,0,4,3.5089464,115,0,2,3.7394068
天津外国语大学,32,18,18,32,49,22,0,1,1.53125,22,0,1,1.53125
天津大学,19826,16959,6967,21195,93925,3611,1,6,4.43147,741,0,3,4.737466
天津工业大学,2513,2142,991,2954,10603,1313,0,3,3.5893703,734,0,2,4.2192597
天津师范大学,950,616,584,1042,3724,323,1,5,3.5738964,248,0,3,3.92
天津理工大学,2065,1625,845,2621,5056,717,0,1,1.9290347,620,0,1,2.4484262
天津科技大学,1850,1430,834,2687,6621,654,1,5,2.4640863,143,0,3,3.578919
天津职业技术师范大学,642,485,319,590,769,100,0,1,1.3033898,83,0,1,1.1978194
天津财经大学,217,176,71,207,164,55,0,0,0.79227054,16,0,0,0.7557604
太原师范学院,103,58,69,100,236,116,0,1,2.36,30,0,2,2.2912621
太原理工大学,2850,2345,1057,3929,8230,832,0,3,2.0946805,742,0,2,2.8877194
太原科技大学,722,536,330,852,1171,415,0,1,1.3744131,54,0,1,1.6218836
宁夏大学,530,375,279,636,1623,86,0,4,2.5518868,48,0,3,3.0622642
宁波大学,4094,3236,1792,4231,14455,1128,1,4,3.41645,624,0,2,3.5307767
宁波工程学院,509,381,283,511,1245,304,0,2,2.4363992,245,0,2,2.4459724
宁波诺丁汉大学,212,139,129,179,820,275,0,3,4.5810056,149,0,2,3.8679245
安庆师范学院,132,100,72,123,245,41,0,1,1.9918699,37,0,1,1.8560606
安康学院,66,54,31,63,256,51,2,9,4.0634923,47,1,4,3.878788
安徽中医药大学,64,46,35,178,123,24,0,1,0.69101125,24,0,2,1.921875
安徽农业大学,622,441,338,1254,3807,561,1,6,3.035885,544,1,5,6.120579
安徽医科大学,2361,1667,1209,4665,20453,1163,4,14,4.3843517,944,2,8,8.662855
安徽大学,3519,2761,1667,3963,17407,3242,1,5,4.3923793,736,0,3,4.9465756
安徽工业大学,1273,1011,688,1507,6776,1089,1,5,4.4963503,734,0,3,5.3228593
安徽工程大学,192,157,108,293,288,54,0,1,0.98293513,26,0,1,1.5
安徽师范大学,1294,1060,561,1822,6662,791,2,9,3.6564214,368,1,5,5.148377
安徽建筑大学,61,43,43,116,53,13,0,2,0.45689654,12,0,1,0.86885244
安徽理工大学,870,731,366,1197,1957,345,0,1,1.6349206,254,0,1,2.2494252
安徽财经大学,150,117,68,118,180,28,0,2,1.5254238,19,0,1,1.2
安阳师范学院人文管理学院,294,125,229,127,1272,104,3,8,10.015748,82,1,3,4.3265305
宜春学院,88,52,53,132,575,184,0,8,4.3560605,184,0,3,6.534091
宿迁学院,37,33,22,39,44,23,0,2,1.1282052,23,0,1,1.1891892
山东农业大学,1899,1519,808,3759,14265,670,4,13,3.7948923,245,3,9,7.5118484
山东大学,24813,19977,10560,26701,138872,3588,2,12,5.2010036,1833,1,5,5.5967436
山东师范大学,2282,1753,1047,2609,8752,687,1,5,3.354542,147,0,3,3.8352323
山东理工大学,2132,1837,726,2041,6420,513,0,3,3.1455169,327,0,2,3.011257
山东科技大学,2229,1721,986,2731,4734,352,0,1,1.733431,290,0,1,2.1238225
山东财经大学,159,111,80,154,145,40,0,0,0.9415584,27,0,0,0.9119497
山西中医学院,17,7,15,15,92,36,1,14,6.133333,36,1,7,5.4117646
山西农业大学,312,223,164,630,1623,226,1,6,2.5761905,217,1,4,5.201923
山西医科大学,783,463,509,1592,6200,738,2,7,3.8944724,738,2,7,7.918263
山西大同大学,253,180,163,250,1176,306,1,8,4.704,98,1,4,4.6482215
山西大学,2909,2327,1218,3221,12890,900,1,7,4.001863,289,1,4,4.431076
山西师范大学,799,583,381,859,3911,920,1,5,4.5529685,735,0,3,4.8948684
山西财经大学,91,72,46,97,147,25,0,1,1.515464,25,0,1,1.6153846
川北医学院,259,167,161,544,1444,120,2,7,2.6544118,104,1,5,5.5752897
巢湖学院,44,38,15,37,45,25,0,1,1.2162162,12,0,1,1.0227273
常熟理工学院,575,435,361,632,2290,584,0,4,3.6234176,543,0,3,3.9826088
平顶山学院,158,119,81,141,372,249,0,1,2.6382978,246,0,0,2.3544304
广东医学院,796,463,579,1497,5150,736,2,9,3.4402137,736,2,6,6.469849
广东外语外贸大学,476,377,213,288,1231,214,0,3,4.2743053,78,0,1,2.5861344
广东工业大学,2989,2396,1366,3223,8871,830,0,2,2.7524047,776,0,2,2.9678822
广东海洋大学,557,421,323,757,2195,178,1,4,2.8996036,121,1,3,3.940754
广东科学技术职业学院,44,28,28,40,35,10,0,1,0.875,10,0,1,0.79545456
广东科技学院,6,3,4,5,2,2,0,0,0.4,2,0,0,0.33333334
广东药学院,530,359,370,862,3711,831,2,9,4.3051043,736,2,7,7.001887
广州中医药大学,506,332,277,1141,1990,216,1,4,1.7440841,133,0,3,3.9328063
广州医科大学,1019,671,653,2371,3869,251,1,5,1.6318009,81,1,3,3.7968597
广州大学,1880,1323,1016,2108,6609,320,0,3,3.1351993,179,0,3,3.5154254
广西医科大学,1304,954,565,2737,9320,948,3,10,3.405188,239,2,7,7.147239
广西大学,3251,2336,1665,4233,11144,545,1,4,2.6326482,362,0,3,3.4278684
广西师范大学,1336,891,776,1496,5390,527,1,6,3.6029413,86,1,4,4.034431
广西民族大学,406,288,207,483,1018,95,0,3,2.1076605,89,0,3,2.507389
广西财经学院,48,35,15,56,34,9,0,1,0.60714287,8,0,1,0.7083333
廊坊东方职业技术学院,526,371,293,282,2782,363,0,6,9.865249,288,0,3,5.2889733
廊坊师范学院,86,63,44,57,168,112,0,1,2.9473684,15,0,3,1.9534883
徐州医学院,806,551,427,1904,3669,254,2,7,1.9269958,121,1,5,4.5521092
徐州工程学院,170,122,85,181,409,80,0,1,2.2596686,80,0,1,2.4058824
忻州师范学院,112,93,42,98,220,100,0,1,2.2448978,15,0,2,1.9642857
怀化学院,140,104,81,132,225,27,1,3,1.7045455,27,0,2,1.6071428
惠州学院,182,127,105,173,1046,620,0,6,6.0462427,620,0,2,5.747253
成都东软学院,8,8,1,16,1,1,0,0,0.0625,1,0,0,0.125
成都信息工程大学,824,648,291,937,991,123,0,1,1.0576308,39,0,1,1.2026699
成都医学院,198,96,152,319,859,128,1,4,2.69279,57,1,5,4.3383837
成都理工大学,1427,1019,786,2068,5107,245,0,3,2.4695358,245,0,2,3.5788367
扬州大学,3553,2779,1567,5083,22092,2955,1,8,4.3462524,620,1,5,6.217844
承德医学院,82,49,39,210,206,42,0,2,0.9809524,42,0,2,2.512195
新乡医学院,549,406,277,1219,1436,136,1,4,1.1780148,136,1,3,2.615665
新疆农业大学,205,99,148,293,1075,91,1,5,3.668942,61,1,5,5.243902
新疆医科大学,704,489,360,1726,3123,305,1,6,1.8093859,136,1,5,4.4360795
新疆大学,1805,1293,968,1962,12795,3122,1,5,6.5214067,735,1,4,7.0886426
新疆师范大学,282,186,180,302,829,56,0,3,2.745033,38,0,3,2.9397163
新疆财经大学,44,28,23,37,86,59,0,0,2.3243244,57,0,0,1.9545455
无锡职业技术学院,44,34,22,52,63,20,0,1,1.2115384,20,0,1,1.4318181
日照职业技术学院,27,17,15,39,229,205,0,1,5.8717947,205,0,1,8.481482
昆明冶金高等专科学校,25,6,20,32,22,12,0,2,0.6875,12,0,0,0.88
昆明医科大学,539,321,346,1465,4067,2001,1,4,2.7761092,1961,0,3,7.5454545
昆明学院,264,193,141,446,318,63,0,1,0.71300447,62,0,1,1.2045455
昆明理工大学,3010,2483,1206,4291,8330,1121,0,2,1.9412724,623,0,1,2.7674417
景德镇陶瓷学院,359,262,175,372,1588,707,0,2,4.2688174,292,0,3,4.4233985
暨南大学,5572,3934,2945,7012,29547,1622,1,8,4.2137766,622,1,5,5.302764
曲阜师范大学,1941,1465,1062,1729,8062,639,1,5,4.662811,245,1,4,4.153529
杭州师范大学,1909,1121,1367,2017,10688,752,1,8,5.298959,735,1,4,5.598743
杭州电子科技大学,3471,2815,1493,3147,7078,779,0,2,2.2491262,207,0,1,2.0391817
桂林医学院,125,69,87,271,466,116,0,4,1.7195572,116,1,3,3.728
桂林理工大学,975,724,460,1411,3354,425,0,3,2.3770375,289,0,2,3.44
桂林电子科技大学,1563,1230,671,1927,2995,329,0,1,1.5542294,248,0,1,1.9161868
武汉大学,24903,20487,9464,27145,120594,3906,1,8,4.442586,784,0,4,4.8425493
武汉工程大学,1254,883,693,1587,6174,875,0,4,3.8903592,746,0,2,4.9234447
武汉理工大学,8669,7318,2922,10206,37969,7998,0,3,3.7202625,790,0,2,4.3798594
武汉科技大学,1953,1480,950,2554,5165,246,0,2,2.022318,245,0,2,2.6446493
武汉软件工程职业学院,17,10,11,18,0,0,0,0,0.0,0,0,0,0.0
武汉轻工大学,718,536,355,850,2450,637,0,3,2.8823528,621,0,2,3.4122562
汉口学院,3,1,2,4,1,1,0,1,0.25,1,0,0,0.33333334
汕头大学,2421,1836,1260,3398,19260,1637,4,15,5.66804,736,2,8,7.9553905
江南大学,4607,4017,1718,5573,25618,2989,2,9,4.596806,739,1,5,5.5606685
江汉大学,646,471,327,620,929,54,0,2,1.4983871,31,0,1,1.4380805
江苏大学,6818,5811,2600,9593,30826,3123,1,5,3.2133849,737,0,3,4.5212674
江苏师范大学,565,375,382,759,1069,155,0,3,1.4084321,68,0,2,1.8920354
江苏第二师范学院,14,10,8,15,15,11,0,0,1.0,11,0,0,1.0714285
江西中医药大学,222,124,150,331,1000,132,1,6,3.021148,90,1,6,4.5045047
江西农业大学,567,386,340,952,3394,536,2,9,3.565126,365,1,5,5.985891
江西师范大学,1654,1250,761,1569,5001,867,0,4,3.1873806,258,0,2,3.0235791
江西理工大学,757,661,248,1043,1317,492,0,1,1.2627038,73,0,1,1.7397622
江西科技师范大学,730,590,367,564,3862,1812,1,7,6.847518,545,0,3,5.290411
江西财经大学,905,689,326,532,1295,99,0,2,2.4342105,44,0,1,1.4309392
沈阳农业大学,682,505,352,1213,2807,142,1,3,2.3140972,136,0,3,4.1158357
沈阳化工大学,421,334,230,727,733,115,0,3,1.0082531,42,0,2,1.7410927
沈阳医学院,141,55,115,213,1073,151,4,11,5.0375586,91,1,7,7.609929
沈阳大学,666,525,315,738,1018,102,0,2,1.3794038,58,0,1,1.5285286
沈阳工业大学,2216,1990,561,2538,2491,164,0,1,0.9814815,106,0,1,1.1240975
沈阳工程学院,294,194,169,283,231,34,0,1,0.81625444,33,0,0,0.78571427
沈阳师范大学,769,625,321,750,2594,734,1,3,3.4586666,734,0,1,3.3732119
沈阳建筑大学,556,422,253,759,904,198,0,0,1.1910409,87,0,0,1.6258993
沈阳理工大学,918,820,334,995,756,72,0,1,0.759799,51,0,0,0.8235294
沈阳航空航天大学,951,791,449,1170,3355,1190,0,1,2.8675213,81,0,2,3.5278654
沈阳药科大学,1682,1241,896,2889,16040,1506,4,14,5.552094,620,4,10,9.536266
河北体育学院,20,12,10,31,1,1,0,0,0.032258064,1,0,0,0.05
河北农业大学,820,661,307,1654,2802,646,1,4,1.694075,98,0,3,3.4170732
河北医科大学,1659,1306,704,3532,9695,390,2,10,2.7449038,195,1,7,5.843882
河北大学,3297,2784,1053,4152,10493,1015,0,3,2.5272157,325,0,2,3.1825902
河北工业大学,3601,2964,1336,4350,10885,807,0,2,2.5022988,734,0,1,3.0227714
河北工程大学,1611,1444,376,1343,1973,767,0,1,1.469099,735,0,0,1.2247051
河北师范大学,1830,1332,973,2262,7656,521,1,7,3.3846154,215,0,3,4.1836066
河北科技大学,1837,1476,644,1883,3956,346,0,2,2.1009028,255,0,1,2.153511
河北科技师范学院,439,327,189,675,800,138,0,1,1.1851852,46,0,1,1.8223234
河北经贸大学,227,193,89,231,191,86,0,1,0.8268398,32,0,0,0.8414097
河北金融学院,21,18,10,31,34,18,0,0,1.0967742,18,0,0,1.6190476
河南农业大学,976,761,489,1870,4691,372,3,9,2.5085561,92,1,6,4.8063526
河南大学,3227,2509,1413,4070,27846,3431,1,5,6.841769,739,0,3,8.629067
河南工业大学,1466,1192,550,1439,3345,292,0,3,2.3245308,167,0,1,2.281719
河南师范大学,2473,1916,1215,2564,15360,1843,1,6,5.9906397,741,0,4,6.2110796
河南科技大学,1805,1398,843,2462,5713,973,0,3,2.320471,410,0,2,3.165097
河海大学,5024,4275,1936,5955,11921,432,0,2,2.0018473,303,0,1,2.3728106
泉州师范学院,128,103,77,107,320,125,0,2,2.9906542,37,0,1,2.5
洛阳理工学院,336,251,160,390,336,62,0,1,0.86153847,35,0,1,1.0
济南大学,2239,1908,886,2625,13303,2559,1,5,5.0678096,735,0,2,5.9414916
济宁医学院,122,79,80,271,295,63,0,2,1.0885609,37,0,2,2.418033
浙江万里学院,559,443,218,551,867,74,0,2,1.5735028,44,0,1,1.5509839
浙江中医药大学,464,266,322,821,2547,645,1,5,3.1023142,621,1,5,5.489224
浙江外国语学院,31,17,23,34,51,11,0,2,1.5,11,0,2,1.6451613
浙江大学,52145,43308,19591,46362,314638,6995,3,14,6.786549,1873,1,5,6.0339055
浙江大学城市学院,496,337,261,546,652,79,0,1,1.1941392,79,0,1,1.3145162
浙江工业大学,5121,4110,2233,5731,21184,1735,1,4,3.696388,742,0,2,4.136692
浙江工商大学,2282,1869,846,1788,5797,532,0,3,3.24217,146,0,2,2.5403156
浙江师范大学,2860,2197,1330,2622,12574,784,1,7,4.795576,543,1,4,4.3965034
浙江海洋学院,640,497,285,608,2301,937,0,2,3.7845395,206,0,3,3.5953126
浙江理工大学,2458,1865,1255,2834,12445,1235,1,6,4.3913198,624,0,4,5.0630593
浙江科技学院,862,675,327,672,2588,621,0,2,3.8511906,621,0,1,3.0023203
浙江财经大学,377,250,208,249,731,142,0,2,2.9357429,51,0,2,1.938992
海南医学院,399,365,57,152,414,128,1,5,2.7236843,56,0,0,1.037594
海南大学,859,597,482,1176,2688,118,0,3,2.2857144,112,0,2,3.12922
海南师范大学,432,285,252,481,1350,183,0,3,2.8066528,99,0,2,3.125
淄博职业学院,67,57,15,62,294,164,0,0,4.7419353,81,0,0,4.3880596
淮北师范大学,60,37,45,62,300,83,1,4,4.83871,55,1,4,5.0
深圳信息职业技术学院,252,194,122,222,226,89,0,2,1.018018,84,0,1,0.8968254
深圳大学,3926,2627,2297,4038,15227,1434,1,4,3.7709262,1421,0,2,3.8785024
清华大学,63429,51248,24561,43847,384480,5666,2,12,8.768673,1220,1,4,6.0615807
渤海大学,1046,874,430,966,4477,1130,0,3,4.6345754,539,0,2,4.2801147
温州医科大学,2563,1761,1491,5410,19374,1222,2,11,3.581146,672,2,7,7.5591106
温州大学,1719,1340,757,1662,4639,728,0,2,2.7912154,622,0,1,2.698662
湖北中医药大学,92,55,62,156,497,290,1,4,3.1858974,264,0,3,5.402174
湖北医药学院,260,156,181,628,894,206,0,2,1.4235669,206,0,2,3.4384615
湖北大学,2566,1884,1479,3204,13132,753,1,6,4.0986266,623,0,3,5.117693
湖北工业大学,1091,873,413,1339,1666,268,0,1,1.2442122,213,0,1,1.5270394
湖南农业大学,858,521,572,1399,7362,1281,2,9,5.26233,622,1,7,8.58042
湖南商学院,167,145,54,130,104,15,0,2,0.8,6,0,0,0.6227545
湖南城市学院,243,157,145,228,435,50,0,2,1.9078947,50,0,1,1.7901235
湖南大学,7892,6188,3442,9459,44756,2628,1,7,4.7315784,739,1,4,5.671059
湖南女子学院,14,6,12,10,31,24,1,2,3.1,12,1,2,2.2142856
湖南工业大学,619,484,303,767,1705,318,0,1,2.2229466,310,0,1,2.7544427
湖南工学院,112,68,74,143,199,38,1,3,1.3916084,23,0,2,1.7767857
湖南工程学院,362,282,189,345,1837,677,0,1,5.324638,622,0,1,5.0745854
湖南师范大学,2753,2052,1391,3109,14728,950,2,11,4.7372146,538,1,5,5.3498
湖南文理学院,313,252,167,238,853,129,1,4,3.5840337,74,0,2,2.7252395
湖南理工学院,349,277,201,373,1482,720,0,4,3.9731903,292,0,2,4.2464185
湖南科技大学,1189,942,664,1485,3856,1169,0,3,2.596633,735,0,2,3.2430613
湖南科技学院,181,152,97,156,1413,734,0,1,9.057693,734,0,2,7.8066297
湖南第一师范学院,63,35,41,57,69,31,0,2,1.2105263,18,0,1,1.0952381
湖南警察学院,7,6,4,6,3,3,1,1,0.5,2,0,0,0.42857143
湖南财政经济学院,13,12,2,11,7,4,0,1,0.6363636,4,0,1,0.53846157
湘南学院,137,107,88,165,732,292,1,4,4.4363637,89,1,4,5.3430657
湘潭大学,2686,2108,1280,3267,14206,1368,1,7,4.348332,622,1,4,5.2889056
滨州医学院,139,76,93,285,608,80,1,5,2.1333334,55,1,5,4.3741007
滨州学院,534,377,324,859,1914,424,1,3,2.2281723,174,0,3,3.5842698
潍坊医学院,220,145,119,481,1022,83,1,5,2.1247401,83,1,4,4.6454544
潍坊学院,644,580,163,407,1491,550,0,2,3.6633906,550,0,0,2.3152175
烟台大学,1501,1136,735,1634,8554,2090,1,5,5.2350063,623,0,3,5.6988673
燕山大学,4286,3582,1546,5441,13562,2753,0,3,2.4925566,735,0,2,3.1642556
玉林师范学院,127,76,86,120,1078,620,1,5,8.983334,620,1,4,8.488189
甘肃农业大学,384,262,231,726,2143,94,2,7,2.9517906,71,2,6,5.580729
电子科技大学,13457,11802,4534,13658,36900,2169,0,2,2.7017133,738,0,1,2.7420673
皖南医学院,269,141,193,500,1320,112,1,5,2.64,82,1,5,4.907063
石家庄学院,160,98,101,179,584,243,0,2,3.26257,89,0,2,3.65
石家庄经济学院,285,195,154,334,496,133,0,2,1.4850299,70,0,1,1.7403508
石河子大学,821,586,461,1686,3891,231,1,5,2.3078291,231,0,4,4.739342
福州大学,4075,3330,1603,4130,24609,4118,1,8,5.9585958,620,1,5,6.0390186
福建中医药大学,376,289,177,671,1178,184,1,5,1.7555887,39,1,3,3.1329787
福建农林大学,846,591,521,1609,4218,233,2,7,2.621504,135,1,5,4.9858155
福建医科大学,1359,910,785,2866,7470,816,1,6,2.60642,239,1,5,5.496689
福建工程学院,189,145,96,202,172,44,0,1,0.85148513,42,0,1,0.9100529
福建师范大学,2370,1889,1155,2363,9414,885,1,5,3.9839187,746,0,2,3.972152
绍兴文理学院,517,418,233,594,1473,208,0,4,2.479798,88,0,2,2.8491297
聊城大学,1646,1230,786,1356,6985,1036,1,6,5.15118,362,1,3,4.243621
肇庆学院,160,118,96,175,444,117,0,2,2.5371428,57,0,2,2.775
苏州农业职业技术学院,16,11,12,14,60,21,0,7,4.285714,21,0,7,3.75
苏州大学,6884,5299,3151,8469,38362,1824,2,10,4.5296965,531,1,5,5.5726323
苏州科技学院,333,240,188,390,1202,735,0,2,3.0820513,361,0,1,3.6096096
莆田学院,88,64,58,80,309,69,1,5,3.8625,60,0,4,3.5113637
蚌埠医学院,308,219,189,679,1396,109,1,6,2.0559647,96,1,4,4.5324674
衡水学院,49,36,27,77,360,292,0,0,4.6753244,292,0,0,7.3469386
衡阳师范学院,219,170,138,230,788,334,0,2,3.426087,290,0,2,3.5981736
西交利物浦大学,527,295,358,341,1519,385,0,2,4.4545455,212,0,2,2.8823528
西北大学,4911,3879,1968,5859,22690,2437,1,5,3.8726745,2315,0,3,4.62024
西北工业大学,9455,8080,3301,10986,30870,1568,1,4,2.8099399,736,0,2,3.264939
西北师范大学,1729,1440,665,2120,6431,361,1,5,3.0334907,254,1,3,3.719491
西北民族大学,277,225,129,415,726,134,0,1,1.7493976,133,0,1,2.6209385
西华大学,795,648,327,991,1873,302,0,2,1.8900101,184,0,2,2.355975
西华师范大学,982,796,356,933,3458,1319,0,3,3.7063236,624,0,2,3.521385
西南交通大学,6035,5114,2220,6273,20743,926,1,4,3.3067112,377,0,2,3.4371169
西南大学,5045,4155,2029,6527,20120,1882,1,6,3.08258,248,0,3,3.988107
西南林业大学,289,196,200,345,2016,840,0,2,5.843478,255,0,4,6.9757786
西南石油大学,946,743,515,1649,2055,277,0,2,1.2462099,133,0,2,2.1723044
西南科技大学,1244,962,632,1684,4773,582,0,2,2.834323,546,0,1,3.8368168
西南财经大学,552,394,385,449,1771,266,0,3,3.9443207,266,0,3,3.2083333
西安交通大学,22009,18410,8109,22432,103376,2279,1,8,4.6084166,739,1,4,4.6969876
西安外国语大学,55,38,22,32,134,93,0,1,4.1875,23,0,0,2.4363637
西安工程大学,570,445,247,758,1211,258,0,1,1.5976254,248,0,1,2.1245613
西安建筑科技大学,1029,795,498,1518,3601,288,0,3,2.3722003,126,0,3,3.499514
西安电子科技大学,11754,10636,3024,10141,31677,2747,1,4,3.1236565,246,0,2,2.6949975
西安石油大学,455,344,223,542,603,150,0,1,1.1125461,132,0,0,1.3252747
西安科技大学,1063,906,293,1331,889,65,0,1,0.66791886,35,0,0,0.8363123
西藏大学,197,56,169,240,1228,187,1,4,5.116667,187,1,3,6.2335024
许昌学院,358,274,174,346,1983,1418,0,3,5.731214,741,0,2,5.5391064
贵州大学,1869,1458,865,2237,6671,799,1,4,2.9821188,209,0,2,3.5692885
贵州师范大学,511,355,274,562,1106,131,0,3,1.9679716,61,0,2,2.1643836
贵阳中医学院,44,25,29,72,134,30,0,3,1.8611112,24,1,4,3.0454545
赤峰学院,113,92,54,126,548,403,0,1,4.3492064,186,0,1,4.8495574
辽东学院,91,66,50,115,112,32,0,0,0.973913,32,0,0,1.2307693
辽宁医学院,289,195,152,647,916,158,1,4,1.415765,112,1,3,3.1695502
辽宁大学,1398,952,782,2103,5071,884,1,4,2.411317,362,0,3,3.6273248
辽宁工业大学,547,446,206,552,2945,2305,0,2,5.335145,170,0,2,5.383912
辽宁工程技术大学,751,631,224,1195,868,371,0,1,0.72635984,361,0,0,1.1557922
辽宁师范大学,1546,1100,907,1782,7729,754,1,6,4.3372617,364,1,5,4.999353
辽宁科技大学,516,424,211,707,749,134,0,1,1.0594059,77,0,1,1.4515504
运城学院,130,99,70,166,342,87,0,3,2.060241,28,0,3,2.6307693
遵义医学院,236,143,146,576,1651,256,1,7,2.8663194,124,2,7,6.995763
邢台学院,49,29,29,67,20,5,0,0,0.29850745,4,0,0,0.40816328
邯郸学院,236,190,99,235,205,109,0,0,0.87234044,30,0,0,0.86864406
邵阳学院,133,109,69,151,1047,756,0,2,6.933775,734,0,2,7.8721805
郑州大学,6861,5343,3049,10264,31533,1893,1,6,3.072194,621,1,4,4.5959773
郑州轻工业学院,937,755,423,1208,2927,601,0,4,2.4230132,217,0,2,3.1237993
重庆三峡学院,310,257,108,263,587,86,0,2,2.231939,46,0,1,1.8935484
重庆交通大学,745,611,329,772,2194,1124,0,1,2.841969,143,0,1,2.9449666
重庆医科大学,2412,1893,1166,5595,12567,512,2,8,2.2461126,133,2,5,5.210199
重庆大学,10844,8969,4375,12571,43535,4115,1,5,3.4631295,622,0,3,4.0146623
重庆工商大学,577,446,290,536,1468,521,0,3,2.738806,197,0,2,2.5441942
重庆师范大学,848,578,486,717,3196,298,0,4,4.457462,298,0,4,3.768868
重庆理工大学,570,423,309,776,1693,558,0,2,2.181701,551,0,2,2.9701755
重庆科技学院,621,512,267,585,1002,380,0,1,1.7128205,378,0,0,1.6135266
重庆邮电大学,1593,1312,649,2069,3381,372,0,2,1.6341227,202,0,1,2.1224105
长安大学,2144,1717,890,2729,4651,497,0,1,1.7042873,431,0,1,2.1693096
长春大学,1772,1291,868,2301,6516,666,0,2,2.8318121,382,0,1,3.6772008
长春师范大学,167,117,104,201,748,159,0,4,3.721393,85,0,3,4.479042
长春理工大学,2391,1955,835,3061,6875,3040,0,1,2.2459981,753,0,1,2.875366
长江大学,2093,1704,923,2601,15938,1495,2,9,6.127643,551,1,6,7.614907
长江师范学院,89,64,50,100,128,16,0,1,1.28,16,0,1,1.4382023
长沙学院,371,264,212,512,833,200,0,1,1.6269531,48,0,1,2.2452831
长沙理工大学,1969,1598,876,2116,6534,739,0,2,3.0879016,739,0,2,3.3184357
长治医学院,85,40,78,120,812,390,1,4,6.766667,121,2,6,9.552941
长治学院,17,13,15,22,68,33,1,5,3.090909,33,1,3,4.0
闽江学院,226,153,140,148,590,99,0,2,3.9864864,62,0,2,2.6106195
阜阳师范学院,82,63,46,112,151,34,0,2,1.3482143,17,0,2,1.8414634
陕西中医药大学,60,33,40,123,232,78,0,3,1.8861789,73,0,2,3.8666666
陕西师范大学,2983,2372,1369,3490,15600,871,2,9,4.469914,292,1,5,5.229635
陕西理工学院,276,216,116,310,849,380,0,2,2.7387097,372,0,1,3.076087
陕西科技大学,892,808,228,1310,4980,1431,0,3,3.8015268,290,0,2,5.5829597
集美大学,949,747,526,1032,3198,322,1,5,3.0988371,78,0,3,3.369863
青岛农业大学,619,380,397,909,3997,630,1,6,4.3971395,624,1,5,6.457189
青岛大学,3277,2333,1838,4836,19253,1916,1,6,3.9811828,734,1,4,5.8751907
青岛滨海学院,26,15,17,32,9,6,0,0,0.28125,6,0,0,0.34615386
青岛理工大学,676,505,364,770,1909,319,0,2,2.4792209,247,0,1,2.8239646
青岛科技大学,2176,1706,895,2496,12610,1281,1,6,5.0520835,734,1,4,5.795037
青岛职业技术学院,10,2,8,8,12,9,0,3,1.5,7,0,2,1.2
青海大学,213,102,153,351,797,86,1,4,2.2706552,39,1,5,3.741784
青海师范大学,199,114,134,241,842,162,1,6,3.4937758,162,1,3,4.231156
鞍山师范学院,130,88,96,110,808,207,0,5,7.3454547,59,1,8,6.2153845
首都医科大学,5250,3709,2908,9572,33398,1642,2,9,3.489135,1426,1,6,6.3615236
首都师范大学,3592,2588,2042,3557,18635,2422,1,6,5.2389655,1965,0,3,5.1879177
首都经济贸易大学,278,187,157,226,428,68,0,1,1.8938053,53,0,1,1.5395683
鲁东大学,1105,843,529,1092,4230,1431,1,4,3.8736265,737,0,2,3.8280542
黄冈师范学院,401,324,156,339,568,116,0,2,1.6755162,83,0,1,1.4164588
黄河科技学院,78,63,33,85,182,141,0,2,2.1411765,66,0,1,2.3333333
黑龙江中医药大学,264,161,145,409,1767,991,2,10,4.3202934,121,2,9,6.693182
黑龙江大学,2163,1683,900,2232,9923,1037,1,5,4.4457884,623,0,2,4.58761
黑龙江科技大学,69,38,47,105,60,27,0,0,0.5714286,13,0,0,0.8695652
齐鲁工业大学,269,216,140,482,2650,1163,0,3,5.4979253,621,0,1,9.851301
齐齐哈尔医学院,91,64,53,168,727,292,2,5,4.327381,245,2,6,7.989011
齐齐哈尔大学,335,251,164,519,927,249,0,2,1.7861272,246,0,1,2.7671642
龙岩学院,84,56,62,87,228,49,0,7,2.6206896,36,0,2,2.7142856
