university,wb_cnt_since2015,ret_cnt,like_cnt,cmt_cnt
中国人民大学,3740,53.402941,68.509358,30.092246
北京协和医学院,18,3.611111,1.888889,1.0
北京师范大学,20,21.5,21.5,7.85
中国传媒大学,12,54.416667,113.833333,30.833333
外交学院,1180,39.069492,67.515254,35.126271
中央戏剧学院,17,84.882353,401.117647,89.235294
中华女子学院,19,4.842105,4.0,2.631579
中国地质大学北京,14,1.5,0.571429,0.642857
中国青年政治学院,19,8.105263,1.684211,3.421053
北京工业大学耿丹学院,33,0.818182,0.393939,2.030303
北京交通职业技术学院,142,0.725352,1.119718,1.140845
北京科技经营管理学院,23,0.695652,0.043478,2.391304
北京交通运输职业学院,29,2.310345,0.0,1.551724
天津理工大学,8,2.25,0.125,2.875
天津职业技术师范大学,15,0.066667,0.0,1.6
天津美术学院,8,0.875,0.0,1.0
天津师范大学津沽学院,387,1.062016,2.521964,1.793282
天津市职业大学,5,1.0,0.0,1.6
天津轻工职业技术学院,24,0.0,0.0,0.583333
天津交通职业学院,12,0.083333,0.0,2.333333
天津城市建设管理职业技术学院,36,0.111111,0.0,0.444444
华北理工大学,2004,4.99501,25.326846,9.027445
衡水学院,13,0.692308,0.0,1.230769
河北科技学院,666,19.418919,13.95045,27.219219
河北工程大学科信学院,10,0.2,1.0,3.1
河北农业大学现代科技学院,43,1.372093,0.348837,1.093023
中国地质大学长城学院,16,0.25,0.0,1.6875
河北工程技术高等专科学校,34,0.0,0.0,0.294118
承德石油高等专科学校,3,0.0,0.0,2.666667
石家庄工商职业学院,196,0.571429,0.704082,0.561224
河北司法警官职业学院,86,3.627907,1.744186,1.662791
河北女子职业技术学院,11,22.636364,0.0,9.272727
石家庄医学高等专科学校,11,0.0,0.0,0.909091
石家庄经济职业学院,1,0.0,1.0,0.0
冀中职业学院,6,0.166667,0.166667,2.166667
保定幼儿师范高等专科学校,25,0.64,1.4,1.0
太原科技大学,12,3.5,2.25,1.916667
长治医学院,20,1.35,1.5,2.65
山西大同大学,20,2.75,1.6,4.95
吕梁学院,18,3.277778,0.277778,3.611111
山西农业大学信息学院,13,2.538462,0.384615,3.153846
山西工商学院,478,1.451883,5.456067,2.39749
山西艺术职业学院,17,1.117647,3.941176,2.0
山西交通职业技术学院,70,1.2,0.3,2.071429
山西林业职业技术学院,3,0.333333,0.0,2.0
忻州职业技术学院,74,0.675676,1.0,1.824324
通辽职业学院,104,0.663462,5.923077,2.086538
内蒙古能源职业学院,7,2.285714,7.571429,7.857143
赤峰工业职业技术学院,1,0.0,0.0,0.0
辽宁地质工程职业学院,169,12.982249,1.727811,0.366864
大连装备制造职业技术学院,17,1.352941,0.058824,1.235294
辽宁工程职业学院,1,0.0,0.0,0.0
铁岭卫生职业学院,3,0.0,0.0,0.0
延边大学,967,2.262668,9.539814,3.779731
吉林农业大学,9,0.0,0.666667,0.0
通化师范学院,7,0.0,0.142857,0.0
白城师范学院,16,0.5625,1.875,0.875
吉林华桥外国语学院,13,1.461538,1.923077,3.384615
长春光华学院,21,1.380952,0.857143,1.190476
吉林建筑大学城建学院,47,1.446809,0.617021,2.489362
长春汽车工业高等专科学校,171,1.573099,2.590643,3.883041
黑龙江外国语学院,436,1.873853,7.428899,2.548165
黑龙江工商学院,2,0.0,0.0,3.0
黑龙江艺术职业学院,79,4.265823,6.873418,2.253165
黑龙江司法警官职业学院,30,0.233333,0.166667,1.566667
黑龙江生物科技职业学院,63,0.777778,0.904762,1.968254
黑龙江公安警官职业学院,11,1.363636,0.090909,4.181818
黑龙江信息技术职业学院,14,0.357143,0.0,1.214286
黑龙江农垦科技职业学院,5,0.2,0.0,1.4
黑龙江旅游职业技术学院,25,0.68,0.0,1.32
黑龙江生态工程职业学院,7,0.0,0.0,0.142857
黑龙江护理高等专科学校,74,0.959459,1.351351,1.297297
上海民远职业技术学院,22,1.227273,0.090909,2.909091
上海济光职业技术学院,18,0.111111,0.0,3.722222
上海中侨职业技术学院,12,0.25,0.0,3.666667
上海中华职业技术学院,31,0.677419,0.064516,3.322581
上海健康职业技术学院,13,0.615385,0.0,1.0
苏州大学,12,27.083333,0.083333,10.583333
南京工业大学,27,11.148148,0.0,2.62963
江南大学,17,5.470588,0.0,6.470588
盐城工学院,695,2.889209,8.388489,4.040288
江苏师范大学,11,8.090909,4.727273,3.363636
南京财经大学,14,20.714286,122.642857,27.428571
苏州科技学院,17,1.823529,3.941176,2.705882
常州工学院,15,3.4,3.333333,2.866667
南京工程学院,19,8.157895,3.052632,5.0
淮海工学院,801,2.564295,4.700375,2.380774
泰州学院,10,2.4,2.8,1.1
中国矿业大学徐海学院,11,0.181818,1.818182,0.636364
中国传媒大学南广学院,17,21.529412,33.647059,16.588235
南京师范大学中北学院,14,1.0,1.5,1.214286
苏州大学文正学院,9,2.222222,2.666667,3.222222
扬州大学广陵学院,30,8.866667,2.166667,5.633333
南京财经大学红山学院,967,0.810755,1.552223,0.23061
南通大学杏林学院,9,0.444444,1.555556,1.555556
宿迁学院,20,6.35,2.6,7.0
江苏第二师范学院,13,4.615385,3.076923,3.076923
昆山杜克大学,19,2.631579,1.684211,2.947368
无锡职业技术学院,38,4.605263,3.5,3.605263
南京工业职业技术学院,344,6.892442,11.898256,11.125
沙洲职业工学院,64,0.71875,1.484375,0.671875
九州职业技术学院,98,1.163265,0.285714,1.163265
江苏海事职业技术学院,12,0.0,0.0,1.583333
钟山职业技术学院,54,0.574074,1.888889,0.907407
江南影视艺术职业学院,60,0.45,0.333333,0.766667
金肯职业技术学院,44,0.25,0.022727,3.068182
常州轻工职业技术学院,2,1.0,0.0,6.5
江苏农林职业技术学院,12,1.583333,0.0,1.333333
无锡城市职业技术学院,367,0.174387,0.828338,0.316076
苏州健雄职业技术学院,1,0.0,0.0,0.0
扬州工业职业技术学院,18,3.166667,2.555556,25.888889
苏州港大思培科技职业学院,15,2.066667,1.0,1.4
南京视觉艺术职业学院,22,2.363636,0.0,4.181818
宁波职业技术学院,254,3.074803,7.027559,3.295276
台州职业技术学院,43,0.837209,1.767442,1.046512
浙江艺术职业学院,10,1.0,1.2,1.0
浙江警官职业学院,15,3.866667,1.4,3.666667
湖州职业技术学院,20,2.55,1.75,1.9
浙江纺织服装职业技术学院,21,4.047619,0.333333,1.619048
宁波卫生职业技术学院,17,37.235294,1.705882,9.705882
福建幼儿师范高等专科学校,437,2.816934,2.844394,1.187643
漳州科技职业学院,47,0.829787,1.744681,0.617021
泉州工程职业技术学院,20,1.65,1.15,4.15
赣南医学院,1018,0.863458,3.156189,1.746562
萍乡学院,427,1.023419,3.367681,2.117096
江西工程学院,387,4.511628,8.498708,4.299742
江西理工大学应用科学学院,811,0.212084,1.178792,0.389642
江西医学高等专科学校,1980,0.141414,0.857071,0.147475
江西建设职业技术学院,524,0.40458,1.772901,1.003817
江西新能源科技职业学院,1604,0.113466,1.057357,0.195761
济南大学,1305,10.327203,15.478927,13.96092
山东财经大学东方学院,168,1.208333,3.017857,2.422619
山东农业大学,1543,2.353856,21.193778,7.168503
德州学院,767,4.074316,8.157757,4.578879
济宁学院,644,1.649068,9.687888,3.215839
青岛大学,1155,9.782684,19.938528,6.576623
山东英才学院,2427,2.858261,3.237742,1.772971
山东农业工程学院,169,1.213018,4.16568,1.863905
青岛职业技术学院,157,1.847134,8.936306,2.312102
济宁职业技术学院,165,1.224242,3.727273,2.139394
山东服装职业学院,103,0.961165,2.300971,2.009709
青岛酒店管理职业技术学院,61,0.770492,6.213115,3.901639
山东工业职业学院,63,1.063492,2.650794,1.412698
潍坊工商职业学院,101,0.70297,1.148515,1.237624
济南工程职业技术学院,89,2.044944,3.685393,1.550562
山东药品食品职业学院,80,0.0,0.0,0.0
山东司法警官职业学院,478,0.41841,5.324268,2.175732
济南幼儿师范高等专科学校,160,1.36875,3.66875,1.46875
潍坊工程职业学院,183,1.234973,0.978142,1.639344
河南工业大学,2464,9.771916,16.416802,9.651786
南阳师范学院,570,3.101754,6.577193,3.301754
新乡学院,1520,5.801974,5.971711,3.782895
安阳师范学院人文管理学院,546,5.012821,7.943223,2.28022
开封大学,369,5.747967,3.934959,1.823848
河南经贸职业学院,15,0.0,0.0,0.0
武昌理工学院,187,6.15508,11.518717,14.165775
江汉大学文理学院,114,1.342105,5.236842,2.666667
武汉体育学院体育科技学院,79,1.126582,3.113924,2.278481
武汉理工大学华夏学院,639,2.841941,9.028169,3.298905
襄阳职业技术学院,179,1.011173,3.01676,2.01676
武汉电力职业技术学院,45,0.177778,1.622222,0.955556
武昌职业学院,184,5.25,9.125,6.206522
湖北科技职业学院,324,0.419753,1.845679,1.533951
湖南科技大学,586,8.665529,14.40273,6.595563
衡阳师范学院,531,6.092279,15.781544,10.079096
湖南警察学院,223,3.565022,8.35426,5.556054
湖南农业大学东方科技学院,60,1.466667,2.416667,1.65
长沙理工大学城南学院,287,1.620209,3.961672,1.780488
长沙航空职业技术学院,137,2.007299,3.948905,2.846715
湖南网络工程职业学院,63,0.857143,1.15873,1.206349
娄底职业技术学院,72,1.055556,2.819444,2.0
湖南化工职业技术学院,27,0.777778,5.185185,4.074074
邵阳医学高等专科学校,53,0.716981,1.075472,1.622642
长沙电力职业技术学院,24,1.416667,1.791667,0.875
广东邮电职业技术学院,66,1.136364,2.151515,1.045455
广东工贸职业技术学院,132,1.583333,3.636364,2.060606
广州体育职业技术学院,89,0.438202,1.101124,1.089888
广州涉外经济职业技术学院,53,1.264151,3.358491,1.754717
肇庆医学高等专科学校,92,2.706522,3.695652,3.076087
广东工程职业技术学院,102,0.833333,3.382353,2.696078
广州科技贸易职业学院,85,2.0,2.458824,1.4
东莞职业技术学院,102,34.735294,4.215686,6.676471
广州东华职业学院,84,2.261905,0.857143,6.583333
广东碧桂园职业学院,46,0.369565,0.652174,0.130435
桂林理工大学,643,4.076205,10.48056,4.684292
广西师范学院,33,0.0,0.0,0.0
广西财经学院,764,5.760471,22.706806,6.947644
广西大学行健文理学院,516,2.131783,3.532946,2.056202
广西外国语学院,200,0.0,0.0,0.0
广西工业职业技术学院,195,0.74359,2.830769,1.446154
广西工商职业技术学院,193,3.025907,10.860104,10.663212
广西幼儿师范高等专科学校,415,2.024096,5.428916,2.342169
三亚学院,612,4.503268,5.972222,5.094771
三亚理工职业学院,73,2.424658,0.794521,2.561644
重庆师范大学,946,23.327696,72.445032,33.012685
四川美术学院,967,13.440538,21.82213,8.370217
重庆师范大学涉外商贸学院,290,1.548276,5.844828,2.003448
重庆信息技术职业学院,186,0.252688,0.962366,0.252688
重庆三峡医药高等专科学校,124,2.717742,7.112903,2.669355
重庆化工职业学院,48,0.5,1.125,0.708333
重庆轻工职业学院,260,0.184615,2.615385,0.792308
成都信息工程大学,1408,5.113636,5.893466,5.142045
内江师范学院,63,0.0,0.0,0.0
遵义师范学院,372,7.973118,15.188172,8.462366
黔南民族师范学院,192,0.75,3.489583,1.359375
贵州大学科技学院,266,2.988722,7.552632,2.590226
黔南民族医学高等专科学校,87,0.0,0.0,0.0
安顺职业技术学院,229,15.816594,29.925764,27.200873
贵州电力职业技术学院,9,0.333333,3.333333,1.0
六盘水职业技术学院,27,1.037037,0.962963,1.111111
遵义医药高等专科学校,145,0.944828,3.682759,1.57931
贵阳幼儿师范高等专科学校,119,3.033613,3.97479,1.428571
西南林业大学,144,0.0,0.0,0.0
昭通学院,269,14.364312,55.223048,50.215613
保山学院,187,0.240642,2.983957,2.390374
玉溪师范学院,466,1.328326,3.487124,1.506438
昆明理工大学津桥学院,270,1.892593,5.7,2.255556
云南交通职业技术学院,453,1.220751,3.713024,2.92936
云南热带作物职业学院,80,0.6,1.15,0.1125
保山中医药高等专科学校,24,0.291667,0.666667,0.333333
德宏职业学院,118,0.813559,1.949153,0.550847
拉萨师范高等专科学校,54,1.62963,1.648148,0.555556
西安电子科技大学,1144,37.237762,36.706294,22.156469
西北农林科技大学,1379,13.010152,77.675127,10.069616
西安音乐学院,676,4.007396,19.872781,5.945266
西安欧亚学院,889,6.07874,17.952756,10.998875
西安财经学院行知学院,185,2.0,4.8,7.172973
西安电力高等专科学校,4,23.5,23.25,19.5
陕西国防工业职业技术学院,117,2.760684,8.153846,2.504274
宝鸡职业技术学院,188,5.558511,6.430851,7.446809
西安职业技术学院,16,0.375,1.6875,0.9375
铜川职业技术学院,71,2.760563,2.464789,1.0
兰州交通大学,680,9.560294,14.466176,11.052941
天水师范学院,505,2.532673,4.877228,2.312871
兰州工业学院,385,3.657143,6.714286,8.966234
兰州石化职业技术学院,159,1.855346,3.761006,1.415094
酒泉职业技术学院,136,1.588235,1.808824,1.301471
甘肃工业职业技术学院,85,1.211765,3.823529,0.905882
甘肃机电职业技术学院,40,1.4,0.4,0.275
白银矿冶职业技术学院,27,0.888889,0.62963,0.518519
临夏现代职业学院,1069,0.014032,0.98971,0.023386
北京航空航天大学,1005,12.354229,19.541294,9.108458
北方工业大学,29,9.37931,4.37931,2.862069
北京邮电大学,16,21.0,7.3125,18.625
中国农业大学,17,40.176471,7.941176,20.764706
首都师范大学,15,4.066667,4.866667,2.8
中央财经大学,20,35.3,7.8,10.75
中国人民公安大学,679,35.805596,21.896907,15.256259
中国音乐学院,22,19.136364,15.409091,11.318182
中央民族大学,25,10.0,64.96,11.12
中国石油大学北京,9,3.888889,1.666667,2.666667
中国劳动关系学院,16,1.1875,1.1875,0.9375
北京警察学院,14,9.142857,5.428571,6.071429
北京京北职业技术学院,26,1.538462,1.038462,1.423077
北京财贸职业学院,208,2.293269,11.725962,2.019231
北京科技职业学院,30,0.166667,0.6,0.9
北京艺术传媒职业学院,14,0.357143,0.214286,0.5
南开大学,12,33.583333,13.666667,8.666667
天津农学院,16,1.875,0.625,1.125
天津外国语大学,12,16.416667,1.916667,5.166667
天津天狮学院,30,0.033333,0.166667,1.966667
天津商业大学宝德学院,11,0.0,0.0,1.545455
天津大学仁爱学院,210,3.190476,3.814286,2.747619
天津渤海职业技术学院,81,1.037037,0.259259,1.555556
天津商务职业学院,15,1.2,0.0,3.133333
天津冶金职业技术学院,10,0.8,0.0,0.5
天津广播影视职业学院,2,0.0,0.0,0.0
河北科技大学,20,0.6,0.0,0.65
承德医学院,494,7.967611,46.823887,7.619433
唐山师范学院,11,1.454545,3.090909,1.727273
邢台学院,18,1.944444,2.5,2.555556
燕山大学,15,15.533333,2.0,2.733333
河北体育学院,9,1.0,1.0,2.333333
中央司法警官学院,8,0.125,4.75,4.375
河北美术学院,26,3.038462,4.346154,5.5
河北师范大学汇华学院,1412,0.744334,3.463173,0.883853
太原学院,827,1.291415,7.788392,2.102781
山西财经大学华商学院,8,0.0,1.75,0.75
山西传媒学院,15,7.066667,5.266667,4.0
山西建筑职业技术学院,167,0.0,0.0,0.0
太原城市职业技术学院,47,0.0,0.0,0.0
山西体育职业学院,59,0.711864,0.457627,0.830508
山西青年职业学院,217,0.612903,3.806452,1.036866
吕梁职业技术学院,3,0.333333,0.0,1.333333
内蒙古工业大学,14,0.285714,0.0,0.642857
内蒙古医科大学,551,1.800363,4.662432,2.210526
内蒙古财经大学,15,81.333333,273.866667,248.4
呼和浩特民族学院,10,0.1,1.3,0.7
内蒙古艺术学院,35,1.342857,0.828571,0.742857
内蒙古丰州职业学院,20,0.25,0.25,0.2
内蒙古交通职业技术学院,92,1.684783,1.347826,0.663043
乌海职业技术学院,36,2.638889,0.277778,2.777778
内蒙古科技职业学院,1,2.0,0.0,2.0
赤峰职业技术学院,7,0.714286,0.0,0.571429
内蒙古经贸外语职业学院,9,0.0,0.111111,0.111111
包头铁道职业技术学院,1,0.0,0.0,0.0
内蒙古美术职业学院,9,0.444444,0.444444,0.222222
鄂尔多斯生态环境职业学院,30,3.1,0.633333,0.766667
辽宁大学,8,2.125,0.0,2.75
沈阳工业大学,9,1.666667,0.0,1.555556
辽宁科技大学,858,2.668998,6.431235,3.744755
沈阳农业大学,10,1.7,3.1,2.6
辽宁中医药大学,10,0.9,6.6,2.2
沈阳医学院,14,1.714286,3.857143,1.857143
大连外国语大学,19,17.631579,8.842105,9.842105
鲁迅美术学院,24,3.416667,2.458333,1.75
辽宁警察学院,187,1.957219,14.780749,3.86631
沈阳工业大学工程学院,57,0.385965,0.035088,0.736842
吉林铁道职业技术学院,109,8.073394,18.394495,16.431193
吉林城市职业技术学院,1,0.0,0.0,0.0
哈尔滨理工大学,17,0.0,0.0,1.470588
佳木斯大学,11,0.363636,0.0,3.363636
东北农业大学,15,1.466667,0.0,1.466667
黑龙江中医药大学,11,0.363636,0.0,1.818182
齐齐哈尔大学,12,0.25,0.0,1.416667
大庆师范学院,26,0.0,0.0,0.0
黑河学院,706,0.518414,2.78187,1.705382
大庆职业学院,52,0.019231,0.0,0.403846
黑龙江农垦职业学院,2,0.0,0.0,0.0
哈尔滨电力职业技术学院,1,0.0,1.0,1.0
黑龙江幼儿师范高等专科学校,64,0.421875,0.375,0.765625
佳木斯职业学院,57,0.438596,0.77193,0.192982
上海理工大学,779,6.419769,23.78819,6.274711
上海电力学院,27,4.222222,2.62963,2.333333
华东师范大学,17,27.823529,20.411765,10.529412
上海海关学院,16,25.875,8.875,7.0625
上海体育学院,23,7.434783,2.913043,5.217391
上海立信会计学院,29,64.275862,18.758621,32.448276
上海政法学院,21,14.095238,2.619048,4.380952
上海视觉艺术学院,718,12.541783,73.150418,12.94429
上海工商职业技术学院,1,3.0,1.0,1.0
上海电子信息职业技术学院,30,0.333333,0.1,0.333333
上海欧华职业技术学院,37,0.108108,0.0,1.756757
上海工商外国语职业学院,14,0.0,0.0,0.785714
上海电影艺术职业学院,24,0.416667,0.083333,1.291667
南京航空航天大学,921,28.80456,111.87405,34.163952
南京邮电大学,8,4.625,3.5,5.0
南京信息工程大学,18,22.888889,109.333333,28.611111
南京农业大学,14,11.071429,7.428571,3.642857
中国药科大学,18,23.0,13.333333,9.666667
盐城师范学院,30,0.966667,1.4,0.7
南京艺术学院,1369,25.634039,83.766253,23.059898
南京审计学院,34,9.676471,8.735294,5.029412
徐州工程学院,15,1.2,0.666667,0.4
南通理工学院,18,0.222222,1.055556,0.388889
无锡太湖学院,22,1.409091,0.681818,1.363636
南京大学金陵学院,12,1.833333,1.166667,2.416667
南京理工大学泰州科技学院,17,1.0,0.647059,0.352941
南京医科大学康达学院,204,1.720588,1.421569,1.872549
江苏大学京江学院,21,0.0,0.0,4.428571
苏州职业大学,64,0.328125,1.546875,1.25
扬州市职业大学,9,0.111111,1.333333,0.444444
泰州职业技术学院,21,0.285714,0.904762,0.714286
应天职业技术学院,17,0.764706,0.117647,1.588235
苏州卫生职业技术学院,42,2.0,0.095238,3.642857
无锡商业职业技术学院,13,0.846154,0.076923,0.769231
淮安信息职业技术学院,14,0.357143,0.0,2.0
苏州农业职业技术学院,102,0.490196,1.852941,0.656863
苏州工业园区职业技术学院,34,1.705882,0.941176,1.029412
太湖创意职业技术学院,25,0.92,0.12,1.56
江苏财会职业学院,1319,0.066717,2.150114,3.012889
金华职业技术学院,494,3.665992,12.32996,3.55668
浙江机电职业技术学院,7,1.0,1.285714,0.142857
浙江商业职业技术学院,7,0.0,1.285714,0.285714
浙江金融职业学院,16,0.4375,2.1875,0.6875
绍兴职业技术学院,7,2.142857,2.857143,0.857143
义乌工商职业技术学院,34,0.147059,0.264706,0.176471
嘉兴南洋职业技术学院,6,2.666667,0.666667,2.0
温州科技职业学院,40,1.225,1.5,1.0
中国科学技术大学,17,77.411765,8.058824,27.235294
安徽工程大学,598,1.906355,6.924749,2.148829
泉州工艺美术职业学院,53,0.830189,1.735849,0.754717
厦门软件职业技术学院,77,2.467532,2.714286,3.441558
泉州轻工职业学院,70,29.985714,6.485714,15.042857
江西中医药大学,873,2.564719,8.334479,1.864834
江西科技师范大学,770,5.357143,6.44026,7.150649
江西服装学院,598,3.240803,6.720736,3.135452
江西科技师范大学理工学院,261,1.111111,1.605364,1.835249
江西司法警官职业学院,94,2.723404,7.361702,3.670213
江西信息应用职业技术学院,102,0.352941,0.95098,0.264706
南昌职业学院,259,1.061776,3.050193,2.200772
江西制造职业技术学院,70,0.442857,4.642857,2.414286
江西枫林涉外经贸职业学院,25,0.0,0.6,0.48
赣州师范高等专科学校,391,0.626598,2.930946,1.074169
青岛科技大学,728,3.618132,7.381868,3.991758
山东科技大学泰山科技学院,73,1.39726,2.739726,0.630137
齐鲁工业大学,710,7.383099,17.067606,7.688732
泰山医学院,577,32.627383,110.103986,25.902946
山东师范大学,1578,33.702788,204.363752,24.940431
菏泽学院,377,1.809019,5.557029,2.453581
青岛滨海学院,1271,1.88749,3.896145,1.630212
山东女子学院,694,7.5,32.85879,12.815562
齐鲁理工学院,515,0.986408,2.780583,1.617476
山东医学高等专科学校,107,1.934579,7.635514,3.280374
曲阜远东职业技术学院,39,0.666667,0.615385,1.0
潍坊职业学院,225,0.791111,3.044444,2.435556
山东圣翰财贸职业学院,79,0.227848,1.43038,0.886076
山东外贸职业学院,172,1.430233,14.401163,2.226744
青岛求实职业技术学院,130,1.923077,1.023077,1.561538
德州职业技术学院,139,1.057554,1.863309,1.014388
山东铝业职业学院,26,1.307692,3.038462,1.461538
山东商务职业学院,606,1.930693,4.636964,2.975248
山东理工职业学院,91,2.098901,4.241758,4.351648
泰山护理职业学院,781,1.300896,3.322663,0.546735
郑州大学,4762,62.00294,178.50126,30.668837
郑州航空工业管理学院,711,11.476793,28.223629,19.219409
南阳理工学院,1037,3.934426,5.691418,4.996143
黄河交通学院,261,21.678161,7.582375,14.551724
商丘学院,482,7.605809,20.778008,6.985477
许昌职业技术学院,236,2.355932,5.733051,3.15678
河南质量工程职业学院,90,0.944444,3.455556,1.177778
嵩山少林武术职业学院,44,1.795455,4.954545,1.568182
郑州旅游职业学院,100,1.21,4.46,3.42
安阳职业技术学院,170,0.776471,1.588235,0.723529
许昌电气职业学院,88,0.931818,2.045455,1.125
安阳幼儿师范高等专科学校,59,1.271186,2.338983,1.033898
长江大学,872,4.706422,25.454128,6.494266
湖北师范学院,2015,3.101737,9.500248,1.598015
湖北汽车工业学院,433,11.26097,26.986143,7.057737
湖北经济学院,922,9.780911,13.924078,11.056399
武汉工程大学邮电与信息工程学院,50,4.66,13.74,5.82
湖北民族学院科技学院,90,1.633333,5.788889,2.044444
华中师范大学武汉传媒学院,342,3.400585,15.494152,6.511696
武汉船舶职业技术学院,102,1.568627,7.04902,3.392157
武汉软件工程职业学院,235,1.757447,3.089362,1.476596
武汉交通职业学院,323,1.80805,5.619195,2.179567
三峡旅游职业技术学院,86,1.0,1.337209,2.05814
湖南中医药大学,392,13.395408,19.260204,11.635204
怀化学院,453,2.931567,7.313466,2.969095
湖南女子学院,543,10.495396,50.046041,12.589319
衡阳师范学院南岳学院,49,1.897959,8.306122,2.55102
湖南工业职业技术学院,138,2.471014,4.688406,2.833333
湖南商务职业技术学院,168,0.577381,4.291667,1.791667
长沙商贸旅游职业技术学院,89,0.550562,2.685393,1.179775
长沙职业技术学院,257,0.747082,1.669261,0.894942
湖南石油化工职业技术学院,58,0.0,0.0,0.0
湖南水利水电职业技术学院,38,0.368421,1.368421,0.473684
湖南电子科技职业学院,25,1.56,4.76,4.48
湖南三一工业职业技术学院,19,0.684211,0.105263,0.789474
湘南幼儿师范高等专科学校,47,0.404255,3.042553,1.93617
华南农业大学,941,30.007439,50.065887,33.239107
广东药学院,290,29.206897,20.393103,26.258621
肇庆学院,572,2.881119,6.594406,3.666084
广东技术师范学院,288,7.635417,17.0,10.020833
广东警官学院,147,3.619048,3.591837,4.156463
东莞理工学院,394,17.441624,40.472081,19.050761
中山大学南方学院,309,5.983819,10.582524,7.265372
北京师范大学珠海分校,265,4.332075,12.233962,6.973585
广东理工学院,405,0.945679,2.474074,2.037037
广东交通职业技术学院,171,0.0,0.0,0.0
广东松山职业技术学院,132,1.333333,2.166667,0.954545
广州康大职业技术学院,81,0.679012,1.407407,0.703704
广东女子职业技术学院,43,0.0,0.0,0.0
广西民族大学,2779,4.259446,8.827996,6.377474
广西机电职业技术学院,191,3.078534,7.774869,6.565445
柳州铁道职业技术学院,72,1.583333,3.861111,2.791667
广西演艺职业学院,66,4.590909,6.651515,9.636364
广西经济职业学院,84,0.940476,1.238095,1.202381
海南师范大学,882,3.150794,6.987528,3.890023
三亚航空旅游职业学院,59,2.237288,3.576271,3.033898
西南大学,3255,21.248541,69.541935,22.35361
重庆邮电大学移通学院,291,3.32646,17.28866,5.57732
重庆城市管理职业学院,291,1.676976,5.079038,2.343643
重庆科创职业学院,181,2.486188,17.093923,3.198895
重庆公共运输职业学院,98,0.979592,9.77551,3.785714
西南交通大学,2018,17.729931,27.181863,14.323092
成都中医药大学,898,5.012249,7.95657,4.672606
西南财经大学,1397,20.226915,45.527559,21.574087
成都东软学院,761,4.532194,9.48226,4.816032
四川大学锦江学院,432,7.972222,30.363426,7.087963
成都航空职业技术学院,372,4.663978,15.438172,6.674731
四川交通职业技术学院,474,22.075949,28.729958,27.993671
泸州职业技术学院,605,3.887603,6.236364,2.195041
四川管理职业学院,108,0.416667,2.018519,1.314815
四川财经职业学院,633,4.033175,14.567141,14.462875
四川希望汽车职业学院,247,0.461538,2.157895,0.688259
贵阳中医学院,625,3.576,10.0512,5.8944
贵州工程应用技术学院,45,0.0,0.0,0.0
西安翻译学院,670,6.367164,17.913433,17.865672
陕西科技大学镐京学院,74,2.013514,5.202703,9.175676
西安科技大学高新学院,306,3.356209,6.575163,10.575163
西安航空职业技术学院,166,1.39759,3.915663,1.86747
西安海棠职业学院,656,17.467988,29.463415,17.454268
陕西旅游烹饪职业学院,34,0.323529,1.205882,0.411765
西北师范大学,1536,8.125,9.964844,4.83724
甘肃政法学院,508,4.100394,6.984252,3.190945
兰州财经大学长青学院,1386,0.208514,6.91342,3.066378
北京工业大学,84,1.583333,26.154762,4.535714
北京科技大学,1112,20.173561,44.119604,12.721223
北京服装学院,16,6.8125,7.4375,3.5
北京石油化工学院,12,0.666667,0.333333,3.166667
北京农学院,20,5.5,4.95,2.9
北京中医药大学,28,36.178571,11.857143,8.821429
北京第二外国语学院,24,5.5,2.208333,2.916667
对外经济贸易大学,953,10.142707,22.390346,10.247639
中央音乐学院,17,12.823529,27.823529,5.529412
北京舞蹈学院,17,6.117647,14.176471,8.764706
中国矿业大学北京,9,7.666667,15.333333,4.444444
首钢工学院,11,25.818182,2.181818,3.0
北京工商大学嘉华学院,12,0.083333,0.5,0.583333
中国科学院大学,28,23.714286,11.214286,12.607143
北京农业职业学院,147,1.408163,1.510204,1.972789
北京现代职业技术学院,16,0.0625,0.0625,0.75
北京社会管理职业学院,21,1.47619,1.666667,1.571429
天津科技大学,10,4.3,0.7,2.8
天津中医药大学,14,8.714286,3.214286,4.357143
天津财经大学,39,5.615385,1.487179,5.564103
天津外国语大学滨海外事学院,23,2.217391,0.434783,2.913043
天津理工大学中环信息学院,160,1.7625,1.99375,4.18125
天津工程职业技术学院,20,0.3,0.05,1.35
天津机电职业技术学院,64,0.390625,0.078125,0.765625
天津开发区职业技术学院,3,0.333333,0.0,4.666667
石家庄经济学院,691,13.130246,43.509407,11.869754
河北农业大学,28,3.142857,6.642857,2.964286
河北师范大学,12,5.666667,4.333333,2.0
廊坊师范学院,19,2.842105,1.947368,1.210526
石家庄铁道大学,10,4.3,2.3,3.0
唐山学院,25,0.4,1.52,2.0
河北经贸大学,907,5.134509,10.177508,6.250276
燕山大学里仁学院,11,0.0,0.0,0.0
河北中医学院,19,0.0,0.0,0.0
河北工业职业技术学院,19,0.0,0.0,0.0
河北建材职业技术学院,194,1.757732,3.618557,1.737113
石家庄铁路职业技术学院,14,1.785714,0.714286,1.785714
忻州师范学院,1280,2.028906,3.364063,1.063281
中北大学信息商务学院,9,0.111111,1.0,0.666667
太原工业学院,13,0.076923,1.230769,1.230769
山西警官高等专科学校,15,0.933333,0.8,0.533333
晋城职业技术学院,23,0.391304,0.130435,0.304348
大同煤炭职业技术学院,12,0.0,0.0,0.666667
山西戏剧职业学院,3,1.0,0.0,0.666667
阳泉职业技术学院,41,2.560976,6.341463,2.756098
山西旅游职业学院,31,0.354839,2.870968,1.0
山西华澳商贸职业学院,42,0.666667,1.095238,1.047619
山西轻工职业技术学院,3,0.666667,0.0,2.333333
内蒙古科技大学,1304,3.174847,6.009202,1.895706
内蒙古民族大学,25,2.24,9.32,1.68
呼伦贝尔学院,10,4.6,3.0,2.3
内蒙古大学创业学院,62,1.064516,0.629032,1.451613
鄂尔多斯应用技术学院,23,1.565217,2.608696,1.217391
包头职业技术学院,40,0.775,0.45,0.575
包头轻工职业技术学院,12,0.0,0.25,0.083333
内蒙古机电职业技术学院,21,0.857143,0.190476,0.52381
内蒙古化工职业学院,35,0.028571,0.0,0.171429
沈阳化工大学,397,2.899244,8.433249,5.755668
辽宁工业大学,10,3.4,4.6,2.3
中国医科大学,46,26.26087,10.282609,13.673913
渤海大学,30,1.966667,13.633333,4.166667
沈阳音乐学院,13,5.769231,8.769231,9.307692
辽宁对外经贸学院,20,1.75,1.95,3.9
沈阳工程学院,12,0.5,1.083333,2.083333
沈阳航空航天大学北方科技学院,12,7.583333,0.916667,6.083333
大连工业大学艺术与信息工程学院,62,2.677419,1.16129,2.112903
大连医科大学中山学院,20,0.2,0.15,4.5
大连财经学院,12,3.666667,0.5,2.333333
大连艺术学院,25,3.2,0.32,12.64
大连东软信息学院,12,3.833333,0.25,1.916667
朝阳师范高等专科学校,10,0.4,0.1,1.3
营口职业技术学院,138,2.833333,6.318841,2.702899
辽阳职业技术学院,23,9.826087,0.043478,7.73913
辽宁税务高等专科学校,32,0.25,0.03125,2.0
辽宁石化职业技术学院,86,0.604651,0.5,0.883721
大连软件职业学院,25,0.48,0.2,2.08
辽河石油职业技术学院,50,0.66,0.32,1.74
辽宁建筑职业学院,2,0.5,0.0,3.0
长春中医药大学,469,2.703625,6.181237,6.159915
长春师范大学,10,4.7,25.5,5.5
吉林工商学院,5,0.4,3.2,0.8
长春工业大学人文信息学院,10,8.2,4.9,9.6
吉林动画学院,32,1.71875,4.4375,2.28125
吉林医药学院,23,0.521739,0.695652,2.652174
吉林交通职业技术学院,45,5.466667,0.222222,3.955556
吉林电子信息职业技术学院,130,0.515385,0.323077,1.453846
浙江交通职业技术学院,169,3.627219,5.928994,1.64497
浙江工贸职业技术学院,17,0.0,0.823529,0.0
浙江经贸职业技术学院,10,1.3,1.3,0.1
浙江育英职业技术学院,18,0.277778,0.777778,1.277778
嘉兴职业技术学院,8,0.75,0.375,0.125
浙江医学高等专科学校,13,0.769231,0.538462,1.230769
浙江广厦建设职业技术学院,13,0.153846,0.0,0.0
浙江体育职业技术学院,15,0.8,1.133333,0.866667
浙江横店影视职业学院,19,4.736842,1.631579,2.631579
合肥工业大学,29,18.275862,5.827586,10.068966
安徽医科大学,164,0.0,0.0,0.0
安徽商贸职业技术学院,317,0.0,0.0,0.0
安徽医学高等专科学校,88,1.431818,10.772727,3.943182
滁州职业技术学院,17,0.882353,0.294118,0.529412
安徽广播影视职业技术学院,18,0.5,0.444444,1.888889
安徽电气工程职业技术学院,15,0.2,0.0,0.0
安徽城市管理职业学院,14,0.0,0.0,0.214286
安徽中澳科技职业学院,15,0.133333,0.0,2.266667
阜阳科技职业学院,25,0.32,0.08,0.08
亳州职业技术学院,3,0.333333,0.0,1.333333
安徽国防科技职业学院,43,0.302326,1.209302,0.325581
安徽艺术职业学院,41,1.585366,0.853659,8.829268
马鞍山师范高等专科学校,23,0.695652,0.304348,1.086957
安徽国际商务职业学院,27,1.703704,0.37037,1.962963
安徽林业职业技术学院,14,0.571429,0.071429,3.642857
安徽审计职业学院,10,0.2,0.1,2.0
安徽邮电职业技术学院,10,0.0,0.0,1.8
民办合肥财经职业学院,1,0.0,0.0,0.0
安徽涉外经济职业学院,38,0.131579,0.0,1.052632
合肥共达职业技术学院,42,0.761905,0.404762,1.833333
蚌埠经济技术职业学院,1,0.0,0.0,0.0
徽商职业学院,122,1.688525,5.303279,4.508197
马鞍山职业技术学院,12,0.25,0.083333,1.333333
合肥信息技术职业学院,20,0.35,0.0,0.2
阜阳幼儿师范高等专科学校,37,1.972973,5.297297,2.459459
华侨大学,21,12.285714,5.238095,3.666667
福建工程学院,12,11.583333,4.166667,7.833333
集美大学,13,18.307692,17.615385,33.692308
福建中医药大学,13,3.307692,4.076923,3.769231
福建师范大学,17,11.470588,5.529412,10.470588
武夷学院,22,10.636364,3.863636,4.090909
宁德师范学院,850,1.736471,5.588235,2.147059
厦门理工学院,17,29.764706,10.705882,11.529412
龙岩学院,11,6.727273,1.454545,2.545455
仰恩大学,14,11.5,4.5,5.0
厦门华厦学院,10,1.5,1.1,2.9
福建师范大学闽南科技学院,28,3.5,2.142857,2.142857
厦门工学院,324,9.688272,22.981481,15.385802
厦门大学嘉庚学院,14,3.357143,3.285714,2.857143
福建师范大学协和学院,16,3.125,4.625,2.25
福建江夏学院,15,2.733333,4.066667,3.666667
福州理工学院,11,3.363636,1.727273,0.909091
福建农林大学金山学院,35,5.857143,2.942857,5.285714
福建商业高等专科学校,11,0.272727,0.181818,1.090909
闽西职业技术学院,155,1.948387,2.909677,3.645161
福建华南女子职业学院,25,0.96,0.72,0.92
福建林业职业技术学院,20,1.4,1.1,3.55
福建电力职业技术学院,20,3.2,0.3,3.95
厦门海洋职业技术学院,32,0.875,0.0,2.84375
福建卫生职业技术学院,19,0.315789,0.105263,1.526316
泉州华光职业学院,81,1.395062,1.358025,2.567901
福建警官职业学院,51,3.235294,0.0,3.509804
厦门城市职业学院,189,1.444444,3.650794,2.624339
厦门南洋职业学院,89,6.213483,3.202247,7.11236
华东交通大学,1533,10.84801,26.95499,10.874755
井冈山大学,2422,2.305945,7.576796,3.329067
江西中医药大学科技学院,774,0.896641,3.874677,1.527132
江西艺术职业学院,137,5.379562,7.744526,2.284672
江西机电职业技术学院,238,0.609244,2.521008,0.701681
江西先锋软件职业技术学院,31,3.032258,1.741935,4.516129
上饶职业技术学院,66,0.984848,0.606061,1.469697
江西管理职业学院,5,7.8,0.2,3.2
江西水利职业学院,51,0.27451,1.54902,0.647059
南昌影视传播职业学院,1303,0.513431,1.009977,0.513431
安阳师范学院,2964,4.077935,6.07996,2.52834
郑州工业应用技术学院,515,3.234951,9.427184,5.279612
郑州升达经贸管理学院,805,4.088199,13.325466,5.901863
平顶山工业职业技术学院,122,5.131148,2.081967,1.114754
焦作师范高等专科学校,134,9.052239,7.440299,1.41791
信阳职业技术学院,260,3.25,6.930769,3.580769
河南工业贸易职业学院,140,1.471429,4.207143,1.464286
郑州理工职业学院,93,1.430108,2.129032,1.645161
郑州商贸旅游职业学院,18,0.0,0.0,0.0
平顶山文化艺术职业学院,2,0.0,0.0,0.0
中国地质大学武汉,36,0.333333,2.194444,1.555556
华中农业大学,1365,12.603663,18.303297,14.213919
中南财经政法大学,1320,35.237879,56.565909,22.691667
湖北医药学院,636,4.794025,8.781447,3.468553
武昌首义学院,625,2.5296,4.4224,5.1216
武汉工贸职业学院,6,0.0,0.0,0.0
武汉工程职业技术学院,74,0.932432,2.027027,2.121622
武汉警官职业学院,136,1.139706,2.022059,1.992647
武汉民政职业学院,42,0.142857,1.809524,1.238095
湖北体育职业学院,14,0.285714,0.428571,0.357143
湖南农业大学,1205,14.385892,22.111203,9.897095
南华大学,1137,7.4635,24.431838,8.442392
中南林业科技大学涉外学院,161,2.068323,9.254658,3.565217
长沙民政职业技术学院,254,4.472441,16.874016,10.153543
湖南交通职业技术学院,1440,0.278472,1.383333,0.547917
常德职业技术学院,99,0.555556,2.818182,0.818182
益阳职业技术学院,89,0.494382,0.561798,1.359551
湖南安全技术职业学院,103,5.796117,1.019417,2.776699
长沙卫生职业学院,83,1.638554,3.518072,1.590361
暨南大学,1927,13.708874,25.918007,11.087182
广州中医药大学,565,19.893805,33.557522,9.497345
岭南师范学院,1090,6.088073,9.384404,5.015596
广东财经大学,755,8.524503,14.516556,14.54702
五邑大学,1037,5.968177,4.698168,2.024108
华南理工大学广州学院,187,2.68984,5.256684,3.524064
华南农业大学珠江学院,109,0.633028,2.40367,4.12844
北京理工大学珠海学院,193,2.466321,8.829016,4.393782
广东第二师范学院,484,2.832645,3.894628,1.429752
私立华联学院,104,1.865385,2.740385,1.394231
广东科学技术职业学院,105,5.885714,4.647619,4.066667
广东职业技术学院,136,0.911765,2.617647,1.911765
罗定职业技术学院,128,0.375,2.1875,0.914063
汕头职业技术学院,103,2.514563,10.834951,2.145631
广东亚视演艺职业学院,168,1.214286,2.0,2.958333
江门职业技术学院,81,1.098765,2.493827,3.234568
广州南洋理工职业学院,222,0.328829,1.599099,0.711712
广东理工职业学院,65,0.0,0.0,0.0
广西生态工程职业技术学院,39,0.205128,2.230769,0.974359
桂林山水职业学院,59,0.694915,0.220339,1.949153
广西工程职业学院,43,1.790698,2.023256,2.976744
广西培贤国际职业学院,44,0.295455,1.659091,0.545455
海南职业技术学院,231,0.965368,2.060606,1.251082
琼台师范高等专科学校,111,1.369369,3.306306,1.918919
重庆交通大学,582,44.778351,73.049828,21.88488
四川外国语大学,1131,45.635721,79.929266,51.624226
重庆工程学院,338,3.502959,14.156805,2.600592
重庆工业职业技术学院,375,10.512,11.866667,21.594667
重庆城市职业学院,92,0.673913,0.956522,0.478261
重庆能源职业学院,95,4.8,15.863158,8.652632
重庆艺术工程职业学院,56,0.821429,1.482143,1.035714
四川大学,3678,42.252039,63.305873,25.874388
乐山师范学院,1102,2.68784,5.219601,2.215971
四川警察学院,659,8.335357,16.846737,10.078907
四川工业科技学院,239,1.493724,4.857741,4.569038
西南科技大学城市学院,163,1.251534,4.97546,2.435583
四川水利职业技术学院,268,0.824627,3.63806,1.742537
达州职业技术学院,245,0.726531,5.379592,3.212245
雅安职业技术学院,210,1.471429,4.3,1.871429
四川中医药高等专科学校,191,1.335079,4.350785,1.450262
四川幼儿师范高等专科学校,172,8.395349,5.94186,7.662791
巴中职业技术学院,119,1.109244,6.016807,3.109244
四川护理职业学院,64,0.84375,6.265625,2.515625
贵州师范大学,1864,4.892167,11.891094,3.561695
贵州商学院,258,2.728682,12.643411,8.813953
贵州师范学院,500,4.864,11.176,4.646
黔东南民族职业技术学院,63,0.0,0.0,0.0
铜仁职业技术学院,119,1.109244,3.537815,1.865546
贵阳职业技术学院,51,3.333333,13.784314,9.843137
黔南民族幼儿师范高等专科学校,13,0.923077,0.923077,0.692308
贵州农业职业学院,8,0.375,3.75,1.125
云南民族大学,63,0.603175,3.063492,2.0
文山学院,455,0.435165,1.485714,0.687912
云南师范大学文理学院,681,3.690162,9.381791,3.437592
昆明艺术职业学院,108,3.018519,15.064815,6.805556
丽江师范高等专科学校,132,3.69697,4.113636,1.939394
云南现代职业技术学院,12,0.166667,0.25,0.0
云南财经职业学院,16,0.25,1.4375,0.6875
西藏职业技术学院,91,0.791209,1.417582,0.824176
西安工业大学,754,11.603448,79.619363,27.316976
延安大学,514,3.891051,6.151751,4.59144
西安美术学院,621,4.235105,15.89211,5.10789
西安外事学院,618,3.469256,7.763754,4.202265
西安工业大学北方信息工程学院,150,2.206667,5.806667,4.78
陕西工业职业技术学院,205,1.82439,3.760976,1.931707
西安城市建设职业学院,588,0.137755,3.511905,0.493197
商洛职业技术学院,191,4.303665,9.874346,5.460733
陕西艺术职业学院,135,1.859259,0.444444,0.918519
新疆师范大学,804,4.621891,8.041045,2.728856
新疆医科大学厚博学院,85,0.764706,0.717647,1.623529
新疆维吾尔医学专科学校,35,1.057143,0.657143,0.457143
新疆能源职业技术学院,34,0.0,0.0,0.0
新疆天山职业技术学院,79,2.886076,0.443038,1.101266
北京理工大学,1114,19.594255,34.030521,11.572711
北京工商大学,27,10.925926,32.037037,9.888889
北京印刷学院,10,8.1,5.1,4.1
北京电子科技学院,26,1.038462,0.730769,1.769231
首都医科大学,19,8.263158,3.842105,2.315789
北京外国语大学,19,20.421053,9.368421,7.052632
北京物资学院,169,1.319527,4.899408,3.485207
国际关系学院,19,43.684211,98.263158,101.368421
中央美术学院,5,36.0,15.4,6.2
华北电力大学,27,33.962963,19.814815,8.333333
北京联合大学,14,4.285714,2.0,1.428571
首都师范大学科德学院,9,18.777778,27.111111,15.555556
北京第二外国语学院中瑞酒店管理学院,15,1.133333,0.066667,1.8
北京政法职业学院,46,0.978261,3.347826,0.76087
北京汇佳职业学院,27,1.074074,0.296296,0.444444
北京培黎职业学院,12,0.25,0.916667,0.583333
北京卫生职业学院,41,1.414634,0.02439,1.829268
中国民航大学,16,1.625,0.0,2.875
天津师范大学,14,6.357143,0.0,6.214286
天津音乐学院,11,2.363636,0.0,2.272727
南开大学滨海学院,13,0.538462,0.0,3.307692
天津中德职业技术学院,124,2.596774,4.048387,2.056452
天津现代职业技术学院,10,5.0,5.4,2.8
天津艺术职业学院,104,3.375,7.596154,3.961538
天津铁道职业技术学院,12,1.333333,1.083333,0.916667
天津海运职业学院,38,0.736842,0.684211,1.052632
河北工业大学,35,9.542857,0.114286,7.171429
河北医科大学,16,3.0625,0.0625,1.5625
保定学院,11,1.181818,0.181818,0.272727
邯郸学院,962,23.044699,29.5,11.251559
华北科技学院,26,1.307692,1.730769,1.846154
北华航天工业学院,14,2.142857,2.285714,1.571429
河北工程技术学院,11,1.545455,1.636364,4.090909
渤海理工职业学院,49,0.816327,1.693878,1.918367
太原理工大学,16,8.5,0.375,2.25
山西师范大学,29,18.310345,0.62069,5.517241
长治学院,19,0.263158,0.105263,0.789474
山西财贸职业技术学院,75,1.2,2.853333,3.106667
运城幼儿师范高等专科学校,21,0.333333,1.380952,0.666667
运城职业技术学院,2,0.5,0.0,1.5
内蒙古大学,6,0.0,0.0,1.833333
河套学院,30,0.0,0.0,0.0
沈阳理工大学,444,5.725225,27.477477,11.0
辽宁工程技术大学,15,3.2,3.933333,2.6
大连工业大学,30,11.1,5.7,6.666667
大连医科大学,17,6.823529,7.235294,7.470588
辽宁师范大学,26,4.653846,2.038462,3.653846
东北财经大学,29,34.758621,7.551724,14.758621
大连大学,835,8.28982,11.62515,7.857485
大连理工大学城市学院,58,4.344828,1.362069,2.672414
大连科技学院,30,0.533333,0.566667,2.566667
辽宁理工学院,1,0.0,1.0,0.0
辽宁中医药大学杏林学院,5,1.4,0.0,0.2
辽宁传媒学院,339,1.651917,9.548673,3.589971
铁岭师范高等专科学校,63,0.142857,0.285714,0.444444
抚顺职业技术学院,14,0.071429,0.0,1.428571
辽宁省交通高等专科学校,25,0.56,0.0,3.08
辽宁职业学院,21,0.190476,0.047619,0.571429
辽宁医药职业学院,182,0.346154,5.620879,0.494505
辽宁水利职业学院,73,1.794521,3.164384,1.506849
辽宁特殊教育师范高等专科学校,11,1.727273,0.545455,1.090909
长春理工大学,23,9.956522,0.478261,4.521739
长春工业大学,19,5.315789,0.315789,2.894737
东北师范大学,15,9.333333,0.266667,6.466667
吉林财经大学,16,6.5,0.375,3.9375
长春工程学院,367,3.828338,21.073569,5.495913
长春科技学院,10,0.3,3.4,1.3
长春医学高等专科学校,121,0.0,0.0,0.0
吉林工业职业技术学院,11,0.0,0.0,0.0
长春信息技术职业学院,28,0.0,0.0,0.0
哈尔滨工业大学,8,0.0,0.0,0.0
东北石油大学,16,0.0,0.0,0.0
哈尔滨医科大学,685,78.924088,259.077372,77.172263
哈尔滨师范大学,15,82.533333,67.266667,34.333333
哈尔滨学院,16,0.0625,0.8125,0.5
哈尔滨商业大学,15,15.666667,7.0,5.8
哈尔滨金融学院,10,0.2,1.9,0.4
黑龙江工业学院,12,0.75,0.583333,0.166667
齐齐哈尔工程学院,132,0.916667,1.909091,1.287879
哈尔滨石油学院,6,0.5,2.333333,0.666667
哈尔滨剑桥学院,11,0.727273,2.545455,1.818182
哈尔滨广厦学院,56,5.5,4.053571,4.589286
齐齐哈尔高等师范专科学校,28,0.5,0.035714,1.392857
黑龙江商业职业学院,33,1.030303,0.30303,2.030303
黑龙江交通职业技术学院,115,0.591304,1.13913,1.069565
齐齐哈尔理工职业学院,7,1.285714,0.285714,0.428571
同济大学,3195,27.628482,45.751487,21.408451
上海海事大学,13,6.384615,2.846154,2.461538
上海应用技术学院,21,47.904762,28.857143,18.380952
上海海洋大学,25,20.68,5.04,6.28
上海外国语大学,1087,20.975161,25.629255,15.652254
上海工程技术大学,23,3.26087,3.565217,2.695652
上海杉达学院,17,9.647059,4.411765,8.647059
上海商学院,41,5.512195,2.634146,2.195122
上海师范大学天华学院,40,4.025,1.7,2.125
上海旅游高等专科学校,25,1.44,0.56,1.88
上海行健职业学院,25,0.36,0.16,1.72
上海交通职业技术学院,28,0.321429,0.0,0.678571
上海立达职业技术学院,82,1.707317,1.426829,0.804878
上海邦德职业技术学院,19,0.105263,0.052632,0.473684
上海工会管理职业学院,11,0.181818,0.0,0.818182
南京大学,9,1.666667,0.0,2.111111
江苏科技大学,12,0.166667,0.0,0.583333
河海大学,19,0.421053,0.0,1.842105
南通大学,295,8.722034,7.091525,10.928814
镇江市高等专科学校,75,0.866667,0.906667,1.08
硅湖职业技术学院,1,1.0,0.0,27.0
扬州环境资源职业技术学院,1,0.0,0.0,0.0
苏州工业职业技术学院,5,0.2,0.0,3.2
南京交通职业技术学院,1,0.0,0.0,0.0
江苏财经职业技术学院,120,1.233333,2.775,1.916667
昆山登云科技职业学院,31,4.870968,0.225806,2.806452
江苏城市职业学院,8,0.625,0.0,1.375
南京机电职业技术学院,12,3.25,0.0,1.166667
苏州高博软件技术职业学院,9,0.222222,0.111111,0.666667
徐州幼儿师范高等专科学校,102,1.54902,2.568627,1.147059
江苏商贸职业学院,4,0.25,1.0,0.75
南通师范高等专科学校,1,6.0,0.0,3.0
江苏城乡建设职业学院,60,2.066667,3.65,3.0
杭州电子科技大学,18,23.777778,3.166667,10.5
浙江工业大学,17,8.411765,0.529412,4.529412
浙江理工大学,16,37.9375,2.0,25.1875
浙江海洋学院,19,3.315789,0.263158,2.684211
浙江农林大学,17,15.294118,0.058824,6.352941
浙江中医药大学,475,4.338947,7.711579,6.28
杭州师范大学,2,6.5,12.0,66.0
绍兴文理学院,31,4.580645,3.419355,3.064516
温州大学,13,8.615385,3.230769,3.769231
浙江工商大学,18,15.055556,15.722222,17.5
公安海警学院,12,6.416667,6.666667,4.416667
宁波工程学院,29,8.034483,3.37931,5.310345
浙江警察学院,265,3.369811,10.271698,4.660377
浙江树人学院,42,0.309524,0.214286,1.071429
浙江大学城市学院,15,0.066667,0.0,1.4
浙江工业大学之江学院,14,0.928571,0.0,0.428571
杭州电子科技大学信息工程学院,1,0.0,0.0,1.0
浙江同济科技职业学院,95,1.021053,1.821053,1.926316
浙江建设职业技术学院,15,0.333333,0.133333,0.4
浙江工业职业技术学院,29,0.931034,0.206897,2.793103
浙江东方职业技术学院,18,1.222222,0.0,3.0
浙江邮电职业技术学院,22,0.045455,0.0,1.954545
浙江汽车职业技术学院,30,0.3,0.0,1.1
浙江特殊教育职业学院,5,0.8,0.0,1.2
安徽农业大学,476,3.560924,8.922269,6.407563
三明职业技术学院,434,0.824885,2.182028,0.781106
漳州理工职业学院,59,0.491525,2.254237,0.288136
南昌大学,4407,11.586567,17.091219,10.539369
南昌大学科学技术学院,1202,0.391015,1.356905,0.440932
九江职业大学,27,0.0,0.0,0.0
宜春幼儿师范高等专科学校,47,0.553191,2.531915,3.234043
中国海洋大学,1042,28.006718,20.431862,23.479846
中国石油大学胜利学院,130,0.953846,11.607692,1.284615
山东建筑大学,1077,16.405757,23.275766,14.710306
山东中医药大学,552,3.556159,6.90942,2.751812
曲阜师范大学,1326,5.124434,13.886124,5.231523
齐鲁医药学院,184,0.38587,2.130435,1.157609
潍坊学院,1095,1.533333,6.868493,3.824658
山东现代学院,150,1.32,2.7,2.833333
青岛工学院,456,1.675439,2.517544,1.885965
山东商业职业技术学院,772,2.931347,3.213731,2.61399
烟台职业学院,127,1.165354,4.748031,3.834646
山东力明科技职业学院,44,1.818182,3.477273,6.5
东营科技职业学院,48,2.583333,2.541667,2.666667
山东经贸职业学院,289,2.429066,2.581315,0.622837
山东凯文科技职业学院,89,4.685393,8.011236,5.853933
淄博师范高等专科学校,60,1.416667,2.55,2.016667
泰山职业技术学院,109,2.100917,6.844037,2.458716
菏泽家政职业学院,69,1.086957,5.449275,2.971014
青岛远洋船员职业学院,139,1.158273,0.920863,1.007194
潍坊护理职业学院,83,1.325301,4.783133,1.975904
威海海洋职业学院,45,1.666667,1.0,0.644444
河南科技大学,2537,11.307844,37.417028,13.923138
河南师范大学,2628,42.366438,65.26484,24.578387
铁道警察学院,380,4.434211,10.289474,3.810526
河南科技学院新科学院,75,0.76,1.706667,2.066667
漯河职业技术学院,170,1.682353,1.911765,1.941176
河南工业和信息化职业学院,32,0.4375,0.84375,0.6875
鹤壁职业技术学院,175,0.851429,3.514286,1.497143
永城职业学院,22,0.272727,0.772727,0.5
河南林业职业学院,96,3.208333,2.791667,3.96875
许昌陶瓷职业学院,14,0.5,0.357143,0.357143
信阳涉外职业技术学院,69,1.0,1.072464,0.869565
武汉大学,5649,44.815189,155.274031,46.021066
江汉大学,788,3.27665,5.497462,2.899746
湖北大学知行学院,429,32.083916,58.319347,45.762238
湖北医药学院药护学院,377,2.013263,4.710875,1.64191
湖北第二师范学院,1121,0.991079,4.414808,1.210526
湖北职业技术学院,85,1.552941,3.270588,1.458824
湖北交通职业技术学院,70,0.8,3.771429,1.9
武汉信息传播职业技术学院,50,0.64,1.78,1.3
黄冈科技职业学院,120,1.0,0.733333,1.25
湖南师范大学,1381,12.239681,53.973208,8.071687
湖南工程学院,398,13.861809,34.896985,22.288945
南华大学船山学院,105,1.466667,2.457143,1.685714
湖南应用技术学院,165,0.660606,2.418182,1.29697
永州职业技术学院,139,2.71223,7.956835,5.798561
湖南外贸职业学院,198,4.782828,9.121212,11.853535
张家界航空工业职业技术学院,50,0.34,1.5,0.68
长沙南方职业学院,71,3.676056,20.577465,16.070423
湖南财经工业职业技术学院,1328,1.037651,1.199548,2.055723
河池学院,386,1.279793,7.064767,2.963731
梧州学院,290,1.213793,3.57931,2.5
贺州学院,395,0.562025,3.888608,2.711392
广西师范学院师园学院,469,1.754797,5.358209,4.275053
柳州职业技术学院,35,1.428571,2.914286,0.857143
广西建设职业技术学院,204,2.240196,7.730392,2.382353
百色职业学院,104,1.432692,2.653846,2.701923
琼州学院,424,5.813679,7.436321,4.273585
海南软件职业技术学院,88,0.625,2.25,0.75
重庆大学,3310,21.226888,46.969486,17.817221
重庆警察学院,79,7.316456,13.708861,5.78481
重庆电力高等专科学校,73,1.136986,2.027397,1.342466
重庆传媒职业学院,69,0.275362,2.202899,0.666667
重庆青年职业技术学院,72,0.652778,1.986111,0.819444
重庆旅游职业学院,2437,0.194912,0.695527,0.292162
四川农业大学,2336,21.04238,45.745291,30.285531
西南民族大学,1373,10.469046,35.668609,10.351056
成都信息工程大学银杏酒店管理学院,79,1.721519,14.911392,3.721519
四川大学锦城学院,916,19.591703,65.062227,28.664847
民办四川天一学院,41,1.585366,1.121951,0.853659
四川机电职业技术学院,80,0.5875,2.1625,1.4
四川托普信息技术职业学院,130,0.892308,4.469231,3.030769
四川商务职业学院,147,1.482993,4.795918,4.918367
四川科技职业学院,338,2.12426,6.150888,2.467456
川北幼儿师范高等专科学校,126,3.666667,11.539683,2.944444
四川电子机械职业技术学院,171,1.005848,2.321637,0.923977
遵义医学院,555,3.455856,9.108108,3.841441
安顺学院,326,1.168712,3.736196,1.417178
贵阳中医学院时珍学院,27,21.481481,3.740741,4.037037
贵州医科大学神奇民族医药学院,24,0.541667,3.5,1.875
贵州建设职业技术学院,23,1.956522,11.347826,3.26087
昆明医科大学,718,12.733983,19.183844,10.547354
曲靖师范学院,461,4.26898,2.511931,1.160521
云南财经大学,289,2.321799,11.366782,2.892734
楚雄师范学院,82,0.670732,2.97561,1.256098
云南大学滇池学院,254,5.15748,10.188976,4.877953
滇西科技师范学院,58,0.862069,5.37931,3.241379
云南司法警官职业学院,248,8.467742,16.693548,21.495968
云南林业职业技术学院,124,1.677419,1.225806,0.887097
德宏师范高等专科学校,94,0.521277,1.095745,0.234043
云南外事外语职业学院,60,4.083333,8.366667,13.0
西北工业大学,1149,22.655352,26.302002,14.273281
西安工程大学,567,4.647266,9.957672,5.606702
西安外国语大学,457,5.916849,13.131291,8.308534
西安文理学院,90,0.377778,0.266667,0.177778
新疆农业大学,508,7.352362,29.061024,6.787402
新疆工程学院,212,0.080189,0.004717,0.070755
新疆兵团警官高等专科学校,35,0.114286,0.228571,1.371429
新疆应用职业技术学院,174,0.643678,1.247126,0.758621
清华大学,8814,99.490697,127.176764,46.861924
北京电影学院,2868,63.27371,762.014993,83.619944
北京信息职业技术学院,47,1.531915,2.765957,2.510638
北京北大方正软件职业技术学院,3,0.0,0.0,0.0
北京经贸职业学院,3,0.0,0.0,5.666667
北京劳动保障职业学院,2,0.0,0.0,0.5
天津工业大学,1054,13.010436,27.462049,10.201139
天津商业大学,19,5.421053,4.526316,6.263158
天津城建大学,18,42.222222,14.833333,28.555556
天津医科大学临床医学院,10,2.0,1.9,1.8
天津财经大学珠江学院,22,0.272727,1.0,1.772727
天津青年职业学院,19,2.052632,0.052632,0.947368
天津公安警官职业学院,26,0.269231,0.0,2.307692
天津国土资源和房屋职业学院,178,0.882022,3.146067,2.089888
天津石油职业技术学院,68,0.235294,0.411765,0.235294
河北工程大学,18,3.611111,0.0,3.944444
河北建筑工程学院,13,0.076923,0.0,2.076923
河北北方学院,22,0.0,0.0,2.136364
河北民族师范学院,12,1.916667,0.083333,4.916667
沧州师范学院,300,1.106667,3.803333,1.946667
河北科技师范学院,20,0.75,3.15,2.85
河北金融学院,12,0.583333,3.0,1.25
河北传媒学院,14,3.428571,3.5,4.214286
河北科技大学理工学院,30,0.433333,0.533333,0.2
华北电力大学科技学院,21,2.047619,0.52381,2.333333
石家庄铁道大学四方学院,15,0.266667,2.4,2.733333
北京中医药大学东方学院,229,0.768559,4.087336,2.9869
邯郸职业技术学院,20,2.85,1.45,1.4
邢台职业技术学院,5,0.8,0.2,8.0
沧州职业技术学院,12,0.0,0.166667,0.0
唐山工业职业技术学院,149,2.765101,7.154362,3.959732
石家庄财经职业学院,11,0.0,0.909091,0.272727
河北化工医药职业技术学院,18,0.055556,0.055556,0.111111
保定电力职业技术学院,15,0.533333,0.066667,1.333333
渤海石油职业学院,63,0.873016,0.063492,1.111111
廊坊燕京职业技术学院,49,0.204082,0.755102,1.346939
运城学院,1363,3.2135,9.404989,3.212766
山西医科大学晋祠学院,50,0.38,0.3,0.84
山西工程技术学院,3,0.0,0.0,0.333333
山西国际商务职业学院,7,0.428571,0.857143,0.285714
山西同文职业技术学院,44,1.113636,0.954545,3.568182
山西老区职业技术学院,7,0.0,0.142857,0.285714
内蒙古农业大学,870,4.793103,9.795402,5.209195
内蒙古师范大学,25,3.64,3.16,4.64
集宁师范学院,124,0.629032,4.395161,1.58871
内蒙古师范大学鸿德学院,17,0.294118,0.0,0.470588
内蒙古建筑职业技术学院,35,0.428571,0.028571,0.828571
呼和浩特职业学院,10,0.7,0.0,0.5
内蒙古电子信息职业技术学院,16,0.0625,0.0625,0.1875
内蒙古商贸职业学院,13,0.461538,0.0,0.461538
内蒙古体育职业学院,60,0.883333,0.6,0.5
沈阳航空航天大学,535,7.994393,16.517757,12.893458
东北大学,15,15.733333,21.266667,18.4
大连交通大学,16,10.3125,4.5625,13.125
沈阳建筑大学,38,6.5,3.894737,6.394737
辽宁医学院,7,35.714286,7.714286,18.142857
沈阳师范大学,32,30.8125,49.46875,49.8125
沈阳体育学院,412,4.242718,14.427184,4.007282
沈阳大学,13,3.461538,4.615385,7.307692
辽东学院,20,4.8,5.35,3.2
沈阳工学院,15,1.0,3.333333,2.533333
中国医科大学临床医药学院,10,0.3,0.0,3.5
辽宁医学院医疗学院,14,0.214286,0.0,1.5
辽宁石油化工大学顺华能源学院,47,0.361702,0.276596,1.638298
辽宁何氏医学院,16,3.0625,0.0,1.4375
锦州师范高等专科学校,22,0.272727,0.045455,0.409091
辽宁农业职业技术学院,2,0.0,0.0,0.5
沈阳航空职业技术学院,2,0.0,0.0,2.0
沈阳职业技术学院,108,2.398148,6.212963,5.287037
大连商务职业学院,29,4.758621,0.034483,3.896552
沈阳北软信息职业技术学院,1324,0.321752,0.156344,0.058157
吉林大学,16,35.5625,32.75,25.875
东北电力大学,1,1.0,3.0,1.0
吉林化工学院,13,2.615385,1.769231,1.230769
北华大学,15,4.0,2.266667,4.733333
吉林体育学院,176,2.272727,7.295455,3.301136
吉林农业科技学院,9,10.0,12.555556,5.444444
长春理工大学光电信息学院,33,0.424242,1.848485,0.969697
吉林师范大学博达学院,29,0.275862,1.586207,1.896552
辽源职业技术学院,54,0.537037,0.037037,1.537037
牡丹江师范学院,248,2.923387,7.040323,3.471774
绥化学院,27,1.0,1.037037,2.407407
哈尔滨体育学院,25,0.36,1.12,2.72
齐齐哈尔医学院,26,0.230769,1.461538,2.153846
黑龙江东方学院,22,2.681818,0.590909,0.5
黑龙江工程学院,15,2.933333,0.866667,2.6
黑龙江财经学院,11,0.454545,0.181818,5.909091
哈尔滨远东理工学院,84,3.440476,5.392857,4.083333
哈尔滨华德学院,43,2.790698,0.697674,0.906977
伊春职业学院,13,1.846154,0.076923,1.769231
黑龙江建筑职业技术学院,1,0.0,0.0,0.0
复旦大学,5808,73.125689,103.607438,44.749656
上海中医药大学,369,9.308943,7.176152,6.151762
上海对外经贸大学,16,13.9375,4.0,10.75
上海戏剧学院,17,6.294118,9.823529,5.588235
上海金融学院,38,4.026316,2.921053,3.736842
上海兴伟学院,1,0.0,0.0,0.0
上海纽约大学,16,4.875,6.6875,3.75
上海东海职业技术学院,13,0.153846,0.230769,0.230769
上海城市管理职业技术学院,107,2.411215,0.663551,1.214953
上海思博职业技术学院,20,0.35,0.0,0.7
上海科学技术职业学院,10,0.2,0.0,3.6
上海建峰职业技术学院,24,0.333333,0.041667,2.375
上海体育职业学院,14,0.285714,0.0,2.642857
东南大学,27,20.851852,0.0,5.703704
中国矿业大学,15,1.733333,0.0,4.2
南京林业大学,729,15.09465,25.784636,14.459534
徐州医学院,17,1.588235,2.588235,1.117647
南京中医药大学,18,11.666667,4.722222,3.944444
淮阴师范学院,14,1.214286,8.642857,3.928571
南京体育学院,19,13.842105,3.526316,6.105263
常熟理工学院,19,3.526316,4.631579,2.157895
扬州大学,15,8.666667,3.666667,6.133333
南京晓庄学院,768,5.121094,7.522135,4.106771
南京森林警察学院,15,0.4,2.0,1.733333
金陵科技学院,9,12.777778,43.666667,10.555556
南京理工大学紫金学院,22,0.727273,0.590909,0.909091
南京师范大学泰州学院,8,0.25,0.75,1.5
南京中医药大学翰林学院,17,1.823529,0.352941,1.117647
苏州科技学院天平学院,21,1.380952,0.095238,1.285714
江苏师范大学科文学院,175,2.651429,3.285714,1.714286
南京审计学院金审学院,15,0.8,0.0,0.666667
西交利物浦大学,11,5.181818,0.0,3.818182
江苏建筑职业技术学院,300,1.606667,4.396667,1.756667
南通职业大学,195,0.953846,4.435897,1.974359
江苏经贸职业技术学院,11,0.818182,0.909091,0.090909
常州信息职业技术学院,10,0.1,0.6,0.8
盐城卫生职业技术学院,78,0.705128,1.153846,4.294872
正德职业技术学院,108,0.0,0.0,0.0
无锡南洋职业技术学院,33,0.0,0.0,0.0
常州工程职业技术学院,23,0.0,0.0,0.0
建东职业技术学院,42,12.142857,22.52381,16.761905
南京铁道职业技术学院,30,0.733333,0.066667,2.033333
徐州工业职业技术学院,21,0.142857,0.0,1.761905
江苏信息职业技术学院,15,1.4,0.0,1.733333
宿迁职业技术学院,16,0.9375,0.0625,3.0
南京信息职业技术学院,12,0.833333,0.0,0.166667
江海职业技术学院,1,0.0,0.0,0.0
常州机电职业技术学院,150,1.493333,2.44,2.813333
江阴职业技术学院,7,0.714286,1.428571,2.142857
无锡工艺职业技术学院,17,0.117647,2.470588,1.352941
金山职业技术学院,30,0.2,0.033333,0.466667
南京城市职业学院,73,0.739726,2.493151,1.232877
南京旅游职业学院,11,3.363636,0.0,2.272727
宿迁泽达职业技术学院,44,0.0,0.0,0.0
徐州生物工程职业技术学院,28,0.0,0.0,0.0
浙江大学,4397,29.194678,69.419832,21.405049
温州医科大学,19,4.473684,3.157895,2.315789
浙江师范大学,1123,6.492431,12.642921,5.483526
湖州师范学院,10,0.8,1.5,0.8
丽水学院,25,3.28,3.2,3.12
中国美术学院,19,56.947368,12.105263,5.842105
浙江万里学院,11,34.545455,11.181818,11.818182
浙江水利水电学院,317,3.605678,7.476341,5.621451
衢州学院,28,1.857143,10.5,6.571429
浙江传媒学院,13,7.846154,30.461538,6.923077
温州职业技术学院,326,1.168712,2.223926,1.411043
浙江医药高等专科学校,19,1.210526,3.052632,0.736842
浙江旅游职业学院,34,2.058824,3.911765,2.558824
杭州职业技术学院,14,3.0,1.571429,2.285714
丽水职业技术学院,10,1.5,2.3,12.9
浙江长征职业技术学院,64,0.640625,0.25,1.546875
台州科技职业学院,20,2.3,0.0,1.15
安徽大学,4,47.0,1.75,9.0
安徽理工大学,622,3.382637,10.437299,3.213826
阜阳师范学院,1271,8.189614,9.226593,3.571991
黄山学院,12,2.333333,4.833333,1.666667
滁州学院,15,1.333333,5.933333,2.733333
宿州学院,22,1.227273,2.227273,1.772727
巢湖学院,5,14.0,28.8,1.2
铜陵学院,275,3.076364,7.476364,4.236364
安徽科技学院,16,0.1875,2.4375,0.1875
合肥学院,13,5.461538,3.307692,2.153846
池州学院,10,1.4,5.9,5.0
安徽文达信息工程学院,11,8.363636,6.727273,15.181818
安徽外国语学院,10,5.3,1.5,5.8
安徽大学江淮学院,12,0.0,0.25,0.083333
安徽建筑大学城市建设学院,26,1.692308,2.384615,1.153846
安徽师范大学皖江学院,20,3.35,0.65,3.85
安徽医科大学临床医学院,5,0.0,0.0,0.0
淮北师范大学信息学院,4,0.25,0.0,0.5
河海大学文天学院,10,0.0,0.0,0.7
淮北职业技术学院,8,0.25,0.125,0.75
淮南联合大学,2,0.0,0.0,0.5
安徽水利水电职业技术学院,66,4.69697,17.590909,10.787879
铜陵职业技术学院,9,1.333333,5.0,1.555556
淮南职业技术学院,33,0.787879,0.575758,3.454545
合肥通用职业技术学院,4,0.0,0.0,0.5
安徽工贸职业技术学院,1,0.0,0.0,0.0
六安职业技术学院,3,0.0,0.0,3.333333
亳州师范高等专科学校,93,8.623656,9.430108,24.72043
池州职业技术学院,58,1.068966,1.224138,2.603448
宣城职业技术学院,37,0.513514,0.135135,6.405405
安徽冶金科技职业学院,12,0.0,0.0,0.5
安庆职业技术学院,482,1.124481,3.829876,1.116183
安徽财贸职业学院,13,0.307692,3.923077,3.692308
安徽公安职业学院,1,0.0,0.0,0.0
安徽新闻出版职业技术学院,10,0.2,0.0,3.0
安徽工业职业技术学院,12,0.75,0.0,0.5
安庆医药高等专科学校,18,0.388889,0.111111,2.055556
安徽现代信息工程职业学院,68,4.691176,12.514706,5.485294
黄山职业技术学院,144,0.451389,1.645833,0.708333
安徽汽车职业技术学院,32,0.5625,0.6875,1.3125
皖西卫生职业学院,1,0.0,0.0,0.0
安徽长江职业学院,20,1.45,0.25,1.75
安徽扬子职业技术学院,1,0.0,0.0,0.0
安徽粮食工程职业学院,1,0.0,0.0,0.0
闽北职业技术学院,117,3.811966,2.974359,1.324786
厦门演艺职业学院,36,0.888889,0.083333,4.0
福州科技职业技术学院,1,6.0,0.0,19.0
福建生物工程职业技术学院,61,0.0,0.0,0.0
漳州卫生职业学院,338,2.695266,6.559172,2.399408
江西农业大学,2294,2.178727,5.231909,2.740628
江西警察学院,1042,0.601727,3.526871,1.316699
东华理工大学长江学院,374,0.914439,2.620321,0.764706
南昌师范学院,1045,1.36555,3.665072,2.516746
江西应用技术职业学院,189,7.391534,4.253968,2.116402
江西生物科技职业学院,451,0.146341,0.94235,0.281596
江西卫生职业学院,2442,0.143325,0.42588,0.145782
中原工学院,623,7.399679,20.046549,9.009631
新乡医学院,464,9.836207,19.903017,7.685345
平顶山学院,549,3.648452,7.386157,3.282332
黄河科技学院,882,7.673469,24.471655,5.636054
新乡医学院三全学院,1293,0.819799,3.144625,1.071926
黄河水利职业技术学院,493,0.817444,3.233266,1.947262
漯河医学高等专科学校,103,1.009709,3.815534,2.640777
河南农业职业学院,207,1.2657,2.289855,1.014493
河南建筑职业技术学院,336,11.776786,29.270833,37.089286
河南机电职业学院,233,0.76824,3.103004,1.223176
鹤壁能源化工职业学院,4,1.5,1.5,1.5
武汉工程大学,523,17.497132,34.422562,16.684512
华中师范大学,3487,18.258675,45.005449,21.554345
武汉音乐学院,249,32.883534,51.851406,13.927711
武汉科技大学城市学院,261,43.823755,68.1341,38.64751
湖北师范学院文理学院,69,0.231884,1.652174,0.942029
文华学院,399,11.072682,38.453634,20.195489
湖北工业职业技术学院,68,0.970588,4.558824,1.352941
恩施职业技术学院,193,1.497409,2.26943,1.46114
湖北生物科技职业学院,59,0.966102,1.932203,1.355932
咸宁职业技术学院,97,0.948454,3.907216,2.824742
天门职业学院,43,1.186047,1.744186,1.395349
中南林业科技大学,660,9.095455,45.092424,14.959091
湖南文理学院,635,7.459843,30.943307,20.390551
湖南医药学院,303,0.617162,7.709571,1.089109
长沙师范学院,348,2.66092,13.022989,7.132184
湖南生物机电职业技术学院,105,2.666667,12.961905,6.72381
湖南环境生物职业技术学院,58,2.327586,6.155172,0.62069
怀化职业技术学院,44,0.409091,2.568182,0.75
湖南城建职业技术学院,121,2.239669,8.471074,13.644628
湖南理工职业技术学院,84,0.428571,0.916667,0.416667
湖南电气职业技术学院,615,0.780488,2.357724,0.17561
湖南有色金属职业技术学院,56,0.464286,2.089286,0.482143
汕头大学,1217,23.566968,36.884141,10.877568
广东海洋大学,677,4.553914,12.49483,4.722304
韶关学院,799,2.986233,6.946183,2.320401
广州体育学院,102,0.0,0.0,0.0
仲恺农业工程学院,186,2.88172,4.188172,4.112903
广东外语外贸大学,516,20.773256,40.848837,13.364341
广东外语外贸大学南国商学院,167,1.976048,3.11976,2.946108
广州大学松田学院,130,1.638462,3.207692,5.615385
东莞理工学院城市学院,201,15.159204,40.885572,39.716418
深圳职业技术学院,281,2.451957,6.797153,5.024911
佛山职业技术学院,178,1.331461,1.308989,0.657303
广东体育职业技术学院,76,0.605263,3.342105,1.144737
汕尾职业技术学院,182,1.0,2.818681,1.461538
揭阳职业技术学院,93,1.107527,10.526882,1.709677
广东省外语艺术职业学院,461,1.201735,2.310195,0.609544
珠海城市职业技术学院,85,1.0,2.435294,2.741176
广东工商职业学院,160,0.90625,3.46875,2.0
广州城市职业学院,267,1.423221,2.850187,0.464419
中山职业技术学院,198,1.969697,4.29798,1.40404
广东南方职业学院,165,1.109091,3.163636,0.660606
广东创新科技职业学院,138,1.956522,2.971014,1.507246
惠州城市职业学院,155,0.348387,1.141935,1.025806
广西医科大学,603,24.409619,18.383085,21.87728
广西民族师范学院,397,0.81864,2.765743,1.40806
百色学院,590,2.140678,11.333898,3.557627
广西警察学院,125,4.168,16.424,5.064
广西师范大学漓江学院,218,1.472477,3.334862,1.743119
南宁职业技术学院,274,1.423358,5.233577,1.222628
广西农业职业技术学院,1,0.0,0.0,0.0
广西现代职业技术学院,58,0.982759,0.293103,1.241379
广西理工职业技术学院,112,0.875,2.875,5.928571
重庆工商大学融智学院,179,34.044693,53.787709,42.921788
重庆机电职业技术学院,54,0.555556,3.981481,3.518519
重庆水利电力职业技术学院,80,3.1,12.575,7.45
重庆商务职业学院,148,1.006757,1.77027,1.560811
重庆文化艺术职业学院,117,0.666667,2.965812,1.606838
四川理工学院,727,8.265475,34.26685,10.291609
西昌学院,428,1.897196,8.175234,4.399533
宜宾学院,744,2.65457,8.196237,4.556452
攀枝花学院,635,0.941732,3.924409,1.43622
成都文理学院,1802,3.733074,9.670921,4.172031
成都纺织高等专科学校,310,0.912903,5.948387,2.719355
四川航天职业技术学院,121,0.570248,3.528926,2.07438
四川国际标榜职业学院,348,3.594828,8.261494,6.258621
四川司法警官职业学院,76,1.434211,3.263158,2.802632
四川艺术职业学院,134,0.0,0.0,0.0
云南警官学院,1112,3.08723,6.229317,1.955935
云南工商学院,608,1.671053,3.588816,1.988487
西双版纳职业技术学院,63,0.698413,1.761905,0.507937
云南城市建设职业学院,130,0.261538,0.738462,0.5
云南三鑫职业技术学院,91,0.417582,3.131868,0.494505
西藏民族大学,1285,1.543191,4.247471,2.310506
陕西师范大学,1123,68.745325,391.445236,57.689225
西北政法大学,717,11.437936,28.529986,14.569038
西安航空学院,475,1.766316,4.330526,2.793684
西安交通大学城市学院,234,1.017094,5.777778,2.534188
陕西学前师范学院,375,2.098667,6.922667,3.336
陕西交通职业技术学院,182,2.994505,5.961538,3.335165
陕西警官职业学院,100,0.92,3.05,2.14
陕西青年职业学院,67,1.089552,3.492537,1.432836
甘肃中医药大学,1573,2.525111,3.970121,1.080737
甘肃医学院,155,9.264516,7.348387,3.793548
兰州交通大学博文学院,715,0.779021,2.993007,0.85035
兰州职业技术学院,152,1.631579,2.085526,1.092105
武威职业学院,270,1.751852,6.051852,0.422222
甘肃钢铁职业技术学院,40,0.0,0.0,0.0
甘肃卫生职业学院,60,5.366667,3.65,1.066667
青海师范大学,487,1.73306,5.00616,2.057495
青海畜牧兽医职业技术学院,81,1.592593,1.246914,1.074074
青海高等职业技术学院,18,0.111111,0.611111,0.055556
宁夏师范学院,227,2.114537,4.876652,1.436123
银川能源学院,93,1.258065,4.849462,1.83871
宁夏工业职业学院,105,0.190476,0.542857,0.133333
宁夏建设职业技术学院,493,0.30426,0.576065,0.160243
新疆大学,945,6.940741,12.635979,4.488889
伊犁师范学院,608,1.713816,4.399671,1.238487
新疆石河子职业技术学院,48,0.333333,1.333333,0.708333
北京大学,8970,103.909922,121.162096,42.076812
中国政法大学,1982,43.074672,102.543391,26.884965
北京邮电大学世纪学院,48,1.708333,3.270833,2.041667
北京工业职业技术学院,1,0.0,0.0,0.0
北京青年政治学院,9,1.444444,0.333333,0.888889
北京经济技术职业学院,20,0.75,0.05,1.0
北京经济管理职业学院,11,0.090909,0.0,1.272727
天津大学,2555,28.55225,52.876712,18.021526
天津体育学院运动与文化艺术学院,100,1.42,4.64,2.95
北京科技大学天津学院,11,0.090909,0.181818,1.272727
天津滨海职业学院,9,1.0,0.222222,2.444444
天津电子信息职业技术学院,15,0.333333,0.466667,0.133333
天津医学高等专科学校,232,2.293103,4.767241,2.418103
天津工艺美术职业学院,13,0.0,0.0,0.846154
河北大学工商学院,663,3.54902,7.164404,4.92006
河北医科大学临床学院,15,0.0,0.0,0.0
石家庄经济学院华信学院,7,0.428571,15.0,0.714286
北京交通大学海滨学院,17,6.882353,4.588235,5.058824
张家口学院,33,1.0,0.484848,1.242424
张家口职业技术学院,25,0.52,0.08,0.28
河北石油职业技术学院,74,0.148649,0.013514,0.810811
保定职业技术学院,207,1.835749,2.057971,2.149758
衡水职业技术学院,23,0.26087,0.695652,0.652174
河北省艺术职业学院,51,1.764706,0.058824,1.156863
河北交通职业技术学院,2,0.0,0.0,0.0
河北外国语职业学院,2,0.0,0.0,4.0
宣化科技职业学院,66,0.530303,0.257576,1.393939
河北工艺美术职业学院,25,0.4,1.92,1.24
中北大学,11,12.454545,7.727273,2.636364
山西医科大学,10,3.5,7.5,5.8
晋中学院,28,1.107143,4.714286,4.607143
山西中医学院,15,1.333333,1.0,1.533333
太原理工大学现代科技学院,25,0.04,0.2,1.92
山西师范大学现代文理学院,14,0.214286,0.142857,0.357143
山西省财政税务专科学校,152,0.105263,3.282895,0.947368
山西工程职业技术学院,12,0.416667,0.25,1.166667
山西机电职业技术学院,38,0.184211,0.0,0.684211
山西水利职业技术学院,2,1.5,0.0,1.0
山西煤炭职业技术学院,1,0.0,0.0,0.0
山西电力职业技术学院,189,1.444444,3.306878,1.661376
山西经贸职业学院,80,0.675,0.6125,1.45
乌兰察布医学高等专科学校,16,0.375,0.4375,0.25
阿拉善职业技术学院,1,0.0,0.0,0.0
辽宁金融职业学院,67,1.686567,6.343284,4.104478
辽宁广告职业学院,32,0.375,0.40625,0.78125
辽宁机电职业技术学院,13,1.0,0.153846,0.615385
渤海船舶职业学院,178,1.483146,3.426966,2.758427
大连翻译职业学院,54,0.111111,0.092593,0.444444
辽宁装备制造职业技术学院,8,2.875,0.0,3.0
大连航运职业技术学院,1,0.0,0.0,0.0
吉林建筑大学,768,12.417969,27.240885,17.132813
吉林工程技术师范学院,18,0.111111,0.944444,0.111111
吉林艺术学院,20,5.8,32.2,21.45
吉林警察学院,31,3.225806,1.709677,2.774194
长春建筑学院,21,24.047619,2.666667,9.142857
长春大学旅游学院,14,0.5,0.142857,0.5
四平职业大学,59,0.966102,0.20339,1.220339
白城医学高等专科学校,46,2.326087,3.152174,0.717391
白城职业技术学院,10,1.0,0.0,1.3
吉林科技职业技术学院,3,0.0,0.0,2.666667
哈尔滨工程大学,51,0.196078,0.0,0.607843
黑龙江民族职业学院,929,0.021529,0.043057,0.078579
华东理工大学,735,15.97551,22.838095,10.179592
东华大学,11,18.636364,18.636364,15.454545
上海财经大学,16,30.125,26.6875,23.8125
上海音乐学院,17,14.823529,9.411765,9.823529
上海电机学院,28,7.285714,4.178571,3.107143
上海建桥学院,304,3.815789,5.223684,3.717105
上海科技大学,9,1.0,2.333333,0.222222
上海公安高等专科学校,18,27.222222,2.888889,4.277778
上海出版印刷高等专科学校,12,2.166667,0.25,1.333333
上海海事职业技术学院,14,0.071429,0.0,0.214286
上海震旦职业学院,10,6.7,0.1,1.9
上海工艺美术职业学院,19,0.473684,0.315789,0.789474
上海农林职业技术学院,57,1.701754,0.0,0.964912
上海民航职业技术学院,161,3.15528,6.416149,2.68323
南京理工大学,26,20.576923,0.5,8.307692
常州大学,17,27.529412,2.117647,10.0
江苏大学,16,5.25,0.4375,2.625
南京医科大学,15,13.533333,0.133333,5.133333
南京师范大学,23,23.086957,0.304348,7.391304
江苏警官学院,604,7.210265,11.961921,4.942053
淮阴工学院,27,0.851852,4.074074,2.703704
三江学院,25,4.52,4.28,3.72
江苏理工学院,20,5.9,3.2,2.15
南京特殊教育师范学院,11,1.090909,1.0,5.0
东南大学成贤学院,19,0.315789,0.052632,0.157895
南京航空航天大学金城学院,139,23.395683,35.992806,14.316547
南京工业大学浦江学院,16,4.375,1.3125,2.9375
南京信息工程大学滨江学院,36,1.166667,0.138889,1.972222
苏州大学应用技术学院,10,0.2,0.1,0.7
南京邮电大学通达学院,33,0.333333,0.030303,1.424242
连云港职业技术学院,117,0.957265,2.094017,1.529915
连云港师范高等专科学校,62,2.016129,0.370968,1.177419
江苏联合职业技术学院,18,0.611111,0.111111,0.5
无锡科技职业学院,14,1.142857,0.0,0.642857
南通航运职业技术学院,12,0.083333,0.0,4.25
南京科技职业学院,1971,0.160325,6.067478,2.870117
台州学院,580,21.493103,59.712069,15.584483
嘉兴学院,26,17.038462,10.923077,9.576923
中国计量学院,27,11.666667,3.925926,6.666667
浙江科技学院,18,4.333333,3.222222,1.777778
浙江财经大学,17,9.411765,4.529412,7.882353
宁波大学,16,7.25,1.625,2.375
浙江越秀外国语学院,9,1.666667,4.0,1.333333
浙江大学宁波理工学院,357,6.459384,6.703081,4.834734
浙江师范大学行知学院,7,0.142857,0.285714,0.285714
宁波大学科学技术学院,7,1.714286,1.428571,0.714286
浙江理工大学科技与艺术学院,8,0.625,0.375,0.5
浙江海洋学院东海科学技术学院,7,3.571429,10.0,2.571429
温州医科大学仁济学院,16,2.375,1.3125,0.75
浙江中医药大学滨江学院,18,0.333333,0.0,1.777778
杭州师范大学钱江学院,7,0.714286,0.142857,1.285714
湖州师范学院求真学院,204,1.259804,2.75,0.848039
绍兴文理学院元培学院,19,1.315789,0.894737,1.210526
温州大学瓯江学院,18,2.111111,1.111111,2.5
浙江工商大学杭州商学院,11,2.0,1.818182,2.454545
嘉兴学院南湖学院,17,0.470588,2.352941,0.647059
中国计量学院现代科技学院,41,11.146341,1.707317,5.390244
浙江财经大学东方学院,28,5.214286,0.178571,2.178571
温州大学城市学院,10,0.4,0.0,0.5
同济大学浙江学院,450,1.82,3.913333,1.484444
上海财经大学浙江学院,18,0.0,0.055556,0.0
浙江外国语学院,18,8.166667,1.833333,7.111111
宁波诺丁汉大学,18,14.333333,11.944444,11.111111
温州肯恩大学,22,0.727273,2.545455,6.318182
浙江电力职业技术学院,35,0.485714,0.028571,4.942857
浙江工商职业技术学院,21,0.095238,0.047619,2.571429
浙江经济职业技术学院,14,0.071429,0.0,3.0
衢州职业技术学院,104,0.961538,2.692308,2.278846
杭州科技职业技术学院,8,1.125,0.875,0.75
杭州万向职业技术学院,21,1.095238,1.142857,1.142857
浙江国际海运职业技术学院,8,2.125,2.5,4.875
浙江农业商贸职业学院,28,3.142857,0.214286,4.535714
安徽工业大学,16,0.5625,0.0625,2.3125
蚌埠医学院,7,0.0,0.0,0.0
皖南医学院,363,5.454545,12.264463,4.853994
安徽中医药大学,24,1.791667,2.416667,2.583333
安徽师范大学,15,9.333333,18.733333,5.6
安庆师范学院,16,5.125,16.375,4.6875
淮北师范大学,4,6.75,9.25,2.75
皖西学院,12,8.583333,4.666667,2.583333
安徽财经大学,1332,13.940691,39.71997,8.490991
淮南师范学院,15,1.533333,2.533333,1.4
安徽建筑大学,22,10.409091,8.136364,4.954545
安徽三联学院,12,0.333333,3.666667,0.666667
蚌埠学院,11,2.363636,3.909091,1.181818
安徽新华学院,12,3.0,4.25,3.0
安徽财经大学商学院,72,2.013889,4.208333,4.180556
安徽工程大学机电学院,11,15.363636,12.272727,24.909091
安徽工业大学工商学院,4,0.0,0.0,0.0
安徽农业大学经济技术学院,48,1.083333,0.125,1.666667
阜阳师范学院信息工程学院,17,0.0,0.0,0.0
合肥师范学院,35,0.6,0.0,2.057143
芜湖职业技术学院,524,23.820611,61.435115,82.061069
阜阳职业技术学院,19,1.0,0.684211,1.736842
民办万博科技职业学院,1,0.0,0.0,0.0
安徽警官职业学院,21,0.666667,0.0,1.333333
安徽工业经济职业技术学院,16,0.0625,0.0,3.0625
宿州职业技术学院,29,1.103448,0.0,1.137931
安徽电子信息职业技术学院,1,0.0,0.0,2.0
安徽交通职业技术学院,95,0.715789,1.484211,0.978947
安徽体育运动职业技术学院,28,0.75,0.214286,0.928571
安徽中医药高等专科学校,9,1.0,0.0,1.666667
合肥职业技术学院,12,0.666667,0.0,0.833333
民办合肥滨湖职业技术学院,1,0.0,0.0,0.0
安徽黄梅戏艺术职业学院,115,3.547826,3.095652,1.930435
安徽人口职业学院,21,2.571429,0.380952,2.761905
厦门大学,13,16.538462,0.0,9.0
福州大学,29,0.586207,0.0,1.655172
福建农林大学,16,1.75,0.0,6.3125
福建医科大学,43,0.372093,0.0,1.418605
闽江学院,1527,8.242305,11.944335,10.049771
泉州师范学院,17,8.117647,5.764706,3.470588
闽南师范大学,20,8.15,3.25,1.85
三明学院,5,6.6,2.2,0.8
福建警察学院,15,1.666667,2.8,3.466667
莆田学院,14,15.857143,6.928571,11.142857
闽南理工学院,340,3.008824,4.417647,2.705882
福建农林大学东方学院,28,9.785714,7.75,2.892857
阳光学院,16,5.3125,8.25,5.0
福州大学至诚学院,23,6.521739,2.73913,4.043478
集美大学诚毅学院,19,7.263158,4.421053,9.052632
福州外语外贸学院,16,20.8125,12.375,27.5625
泉州信息工程学院,9,0.444444,1.444444,1.777778
福建船政交通职业学院,214,1.214953,2.285047,2.17757
漳州职业技术学院,13,8.692308,7.538462,10.076923
黎明职业大学,15,3.8,6.066667,6.333333
福州职业技术学院,19,2.894737,2.684211,8.421053
福建信息职业技术学院,33,5.575758,2.424242,5.272727
福建水利电力职业技术学院,35,0.485714,0.685714,1.685714
福建农业职业技术学院,15,3.666667,0.466667,4.0
厦门医学高等专科学校,10,0.6,0.2,1.8
福州英华职业学院,15,5.2,0.8,0.333333
泉州纺织服装职业学院,17,0.176471,0.235294,0.294118
泉州理工职业学院,682,0.466276,1.673021,0.631965
厦门华天涉外职业技术学院,42,1.357143,0.761905,1.642857
福建对外经济贸易职业技术学院,22,0.681818,0.0,3.545455
湄洲湾职业技术学院,769,0.986996,2.046814,0.421326
厦门安防科技职业学院,2,0.0,0.5,0.0
东华理工大学,1186,1.420742,3.870152,1.856661
江西财经大学,3136,10.31537,5.316645,2.282526
赣南师范学院科技学院,696,1.498563,3.399425,0.636494
江西电力职业技术学院,77,0.688312,1.649351,0.948052
江西工业工程职业技术学院,158,1.196203,3.424051,2.772152
南昌师范高等专科学校,183,7.010929,50.639344,15.928962
江西农业工程职业学院,21,1.238095,4.047619,2.238095
江西冶金职业技术学院,49,3.081633,1.857143,1.857143
吉安职业技术学院,441,0.868481,3.426304,0.621315
烟台大学文经学院,280,1.835714,4.796429,3.842857
山东财经大学燕山学院,86,1.127907,2.383721,3.023256
北京电影学院现代创意媒体学院,69,1.043478,16.086957,3.318841
青岛农业大学,2667,3.137983,6.491939,1.899513
鲁东大学,745,2.377181,9.026846,4.979866
山东艺术学院,638,6.326019,23.901254,7.561129
山东警察学院,219,3.30137,6.438356,3.716895
烟台南山学院,136,0.455882,2.897059,2.316176
山东协和学院,340,2.726471,5.720588,4.602941
齐鲁师范学院,1210,1.775207,5.547107,2.052893
莱芜职业技术学院,126,5.174603,27.674603,5.666667
山东科技职业学院,144,1.805556,10.013889,7.756944
青岛飞洋职业技术学院,18,2.444444,0.611111,1.277778
山东胜利职业学院,52,0.653846,0.076923,1.211538
山东外国语职业学院,170,1.464706,3.576471,2.164706
山东中医药高等专科学校,91,1.175824,3.307692,1.406593
山东杏林科技职业学院,62,0.193548,0.709677,2.080645
烟台汽车工程职业学院,158,31.075949,91.259494,60.06962
临沂职业学院,106,0.764151,2.981132,1.113208
济南护理职业学院,78,5.730769,25.346154,16.717949
菏泽职业学院,82,3.54878,20.329268,8.182927
华北水利水电大学,1854,21.370011,36.226537,15.066882
河南牧业经济学院,1340,22.463433,123.667164,20.964179
河南财经政法大学,2892,8.666667,12.45332,7.613416
河南师范大学新联学院,649,6.53775,17.357473,9.013867
郑州铁路职业技术学院,531,7.350282,11.913371,8.305085
济源职业技术学院,81,1.049383,1.851852,1.345679
郑州信息科技职业学院,42,0.261905,1.690476,0.642857
郑州工业安全职业学院,38,0.5,0.105263,0.973684
河南信息统计职业学院,18,0.0,0.0,0.0
焦作工贸职业学院,19,0.210526,1.263158,0.736842
河南护理职业学院,266,0.62782,5.334586,0.804511
洛阳科技职业学院,34,0.529412,1.470588,1.882353
湖北工业大学,1347,58.757981,246.502598,140.487751
湖北文理学院,766,6.31201,14.631854,6.077023
湖北工程学院,1009,5.50446,8.778989,4.194252
汉口学院,175,24.348571,64.811429,64.674286
武汉大学珞珈学院,5,0.6,8.0,5.2
武汉纺织大学外经贸学院,140,1.435714,2.985714,1.507143
湖北文理学院理工学院,365,0.413699,2.19726,0.769863
武汉职业技术学院,325,1.984615,6.363077,2.695385
武汉城市职业学院,350,4.548571,44.231429,5.082857
随州职业技术学院,76,0.342105,2.210526,2.276316
武汉商贸职业学院,243,52.925926,46.625514,118.349794
湖北生态工程职业技术学院,84,3.321429,10.345238,5.190476
湖南大学,2296,27.029181,40.937718,20.521341
湖南财政经济学院,189,3.888889,24.507937,6.851852
湖南师范大学树达学院,220,0.0,0.0,0.0
广州铁路职业技术学院,103,0.0,0.0,0.0
广州松田职业学院,90,0.677778,1.255556,1.422222
广州华夏职业学院,103,0.582524,1.504854,1.514563
惠州卫生职业技术学院,408,0.348039,2.183824,0.372549
桂林电子科技大学,730,7.471233,21.087671,8.138356
广西师范大学,55,0.0,0.0,0.0
桂林理工大学博文管理学院,74,2.0,3.540541,1.932432
广西国际商务职业技术学院,118,0.0,0.0,0.0
四川应用技术职业学院,665,0.121805,1.067669,0.067669
昆明学院,1610,5.619876,11.824845,3.90559
云南文化艺术职业学院,104,0.990385,2.173077,1.192308
楚雄医药高等专科学校,41,0.560976,1.390244,0.487805
昆明卫生职业学院,89,3.101124,4.359551,6.179775
西藏藏医学院,83,0.807229,1.325301,0.53012
西安理工大学,662,7.398792,18.758308,8.003021
西安石油大学,401,6.01995,14.244389,8.229426
咸阳师范学院,258,3.317829,13.612403,5.488372
西安体育学院,601,32.860233,37.484193,24.995008
西安医学院,774,93.29845,45.917313,114.631783
延安大学西安创新学院,289,2.318339,5.50173,4.927336
陕西能源职业技术学院,70,1.214286,3.085714,3.542857
陕西职业技术学院,200,2.5,3.15,4.475
陕西经济管理职业技术学院,51,0.529412,0.176471,2.862745
陕西电子科技职业学院,77,3.246753,7.025974,7.077922
兰州城市学院,645,3.815504,7.173643,2.755039
兰州财经大学,1572,15.824427,18.394402,16.73028
定西师范高等专科学校,13,3.692308,0.461538,0.461538
兰州外语职业学院,175,1.314286,2.251429,1.382857
甘肃交通职业技术学院,132,2.325758,2.984848,1.30303
甘肃畜牧工程职业技术学院,64,2.375,0.84375,0.703125
庆阳职业技术学院,67,1.432836,3.656716,1.149254
青海大学昆仑学院,109,0.66055,4.724771,1.59633
青海警官职业学院,5,1.0,0.8,0.0
青海交通职业技术学院,97,1.896907,2.876289,2.85567
西宁城市职业技术学院,20,0.15,1.5,0.3
宁夏医科大学,497,5.195171,5.561368,3.712274
宁夏大学新华学院,148,2.445946,4.418919,2.513514
宁夏职业技术学院,81,1.061728,1.604938,1.074074
宁夏司法警官职业学院,98,1.408163,1.714286,0.683673
宁夏艺术职业学院,35,1.628571,2.428571,1.428571
石河子大学,713,6.918654,14.870968,6.708275
昌吉学院,207,1.236715,5.101449,1.772947
新疆农业职业技术学院,141,1.092199,1.042553,0.907801
新疆机电职业技术学院,32,3.03125,0.15625,1.34375
巴音郭楞职业技术学院,61,1.606557,1.327869,0.622951
新疆职业大学,170,0.505882,3.270588,1.188235
北京交通大学,1227,13.161369,18.832111,8.515892
北京化工大学,33,6.151515,5.606061,4.424242
北京建筑大学,39,12.923077,4.74359,4.923077
北京林业大学,10,10.7,6.0,5.1
首都体育学院,25,2.52,3.2,2.52
北京语言大学,13,10.923077,6.461538,6.615385
首都经济贸易大学,397,7.463476,9.241814,5.372796
北京体育大学,31,27.129032,26.516129,13.419355
中国戏曲学院,19,21.157895,26.421053,9.631579
北京信息科技大学,28,3.392857,1.178571,2.785714
北京城市学院,26,38.038462,7.384615,19.692308
北京吉利学院,1,2.0,0.0,3.0
北京电子科技职业学院,17,0.0,0.058824,2.588235
北京戏曲艺术职业学院,295,3.823729,9.345763,3.186441
北京体育职业学院,34,2.794118,0.029412,1.823529
天津医科大学,55,0.254545,0.0,0.890909
石家庄学院,1785,7.422409,9.998319,4.270028
防灾科技学院,8,0.25,3.25,1.25
河北外国语学院,10,0.7,5.2,4.0
河北经贸大学经济管理学院,16,0.8125,5.5625,0.5625
河北工业大学城市学院,19,0.631579,2.052632,1.473684
燕京理工学院,863,1.668598,5.471611,2.552723
石家庄职业技术学院,11,1.454545,1.090909,1.545455
河北软件职业技术学院,13,0.076923,1.384615,0.076923
河北政法职业学院,10,12.7,13.8,3.8
秦皇岛职业技术学院,26,0.384615,1.346154,2.269231
唐山职业技术学院,15,2.8,0.066667,3.066667
邢台医学高等专科学校,18,0.222222,0.055556,1.388889
河北旅游职业学院,27,1.296296,0.037037,2.222222
石家庄信息工程职业学院,164,3.140244,4.786585,2.890244
河北机电职业技术学院,38,10.657895,0.526316,2.210526
唐山科技职业技术学院,43,0.418605,0.0,1.186047
河北公安警察职业学院,29,0.103448,0.034483,1.793103
石家庄理工职业学院,15,0.933333,0.0,1.0
石家庄科技信息职业学院,11,0.545455,0.0,2.363636
河北劳动关系职业学院,83,1.337349,0.566265,2.903614
石家庄科技职业学院,1,0.0,0.0,0.0
廊坊东方职业技术学院,3,0.0,0.0,7.0
承德护理职业学院,17,16.470588,1.470588,9.647059
河北轨道运输职业技术学院,15,3.133333,0.133333,2.066667
山西大学,13,8.692308,0.076923,3.846154
山西农业大学,14,0.357143,0.0,0.214286
太原师范学院,8,0.875,0.0,5.125
山西财经大学,10,0.2,0.1,5.7
山西大学商务学院,7,0.0,0.0,0.428571
太原科技大学华科学院,152,1.776316,0.657895,1.842105
晋中职业技术学院,96,0.25,1.885417,1.104167
朔州职业技术学院,32,0.3125,0.03125,0.1875
鄂尔多斯职业学院,75,2.773333,1.853333,0.6
大连理工大学,1786,25.321948,24.641097,14.801232
辽宁石油化工大学,10,0.6,1.6,0.6
大连海事大学,20,17.8,5.8,8.85
大连海洋大学,9,1.0,1.777778,1.333333
沈阳药科大学,21,18.190476,3.952381,10.666667
鞍山师范学院,18,0.833333,2.222222,0.888889
中国刑事警察学院,288,3.947917,9.253472,4.631944
辽宁科技学院,401,1.753117,6.169576,2.905237
大连民族大学,32,0.0,0.0,0.0
辽宁师范大学海华学院,18,0.0,0.0,0.0
辽宁科技大学信息技术学院,27,0.0,0.0,0.0
沈阳化工大学科亚学院,26,0.153846,0.0,1.423077
辽宁财贸学院,134,0.731343,6.30597,3.19403
抚顺师范高等专科学校,72,0.444444,0.777778,0.986111
大连职业技术学院,25,1.16,0.16,0.4
阜新高等专科学校,14,0.5,0.142857,1.785714
辽宁铁道职业技术学院,117,0.683761,2.769231,2.034188
大连汽车职业技术学院,4,0.0,0.0,2.0
辽宁城市建设职业技术学院,3,0.0,0.0,0.0
吉林师范大学,1321,1.847086,5.953066,2.928085
长春大学,11,1.545455,2.363636,1.545455
长春财经学院,14,5.142857,4.642857,6.428571
东北师范大学人文学院,20,3.25,8.05,12.45
长春金融高等专科学校,67,2.58209,0.447761,2.179104
吉林司法警官职业学院,15,0.733333,0.066667,0.8
长春职业技术学院,132,2.037879,4.666667,2.628788
松原职业技术学院,81,0.728395,0.111111,0.54321
延边职业技术学院,11,0.090909,0.0,0.0
黑龙江大学,14,0.071429,0.0,0.071429
黑龙江科技大学,14,0.142857,0.0,1.857143
东北林业大学,1,0.0,0.0,0.0
牡丹江大学,139,0.568345,1.748201,2.028777
黑龙江农业工程职业学院,29,1.0,0.0,0.689655
哈尔滨铁道职业技术学院,88,3.465909,3.852273,3.534091
黑龙江农业经济职业学院,16,0.0,0.0,0.125
哈尔滨职业技术学院,11,0.272727,0.0,1.727273
七台河职业学院,21,1.52381,0.095238,0.809524
上海交通大学,2981,50.561892,133.605837,23.604495
上海师范大学,15,53.8,32.2,21.133333
华东政法大学,24,9.333333,18.083333,6.666667
上海大学,20,9.9,8.0,6.25
上海第二工业大学,314,2.388535,4.203822,3.414013
上海外国语大学贤达经济人文学院,50,12.46,1.46,7.68
宁波城市职业技术学院,104,0.0,0.0,0.0
福建艺术职业学院,95,1.357895,5.168421,2.821053
福建体育职业技术学院,159,1.528302,2.553459,2.918239
南昌航空大学,622,4.37299,11.233119,5.348875
江西科技学院,671,3.071535,7.967213,6.080477
南昌理工学院,420,4.116667,5.82381,4.269048
南昌航空大学科技学院,1071,0.734827,1.997199,0.699346
江西环境工程职业学院,691,1.829233,3.06657,1.40521
江西外语外贸职业学院,461,4.941432,5.856833,2.112798
江西工程职业学院,123,1.056911,2.878049,1.512195
江西传媒职业学院,2198,0.146497,0.443585,0.116924
河南科技学院,1026,3.601365,7.387914,3.765107
许昌学院,1473,5.426341,10.395112,4.855397
河南工程学院,747,6.243641,9.212851,4.062918
商丘工学院,968,6.106405,10.57438,7.128099
河南机电高等专科学校,173,8.017341,5.127168,3.641618
周口职业技术学院,411,28.048662,51.627737,36.822384
南阳医学高等专科学校,57,1.333333,1.859649,1.473684
河南交通职业技术学院,545,7.957798,14.776147,5.87156
驻马店职业技术学院,63,1.111111,1.984127,1.0
鹤壁汽车工程职业学院,43,1.697674,4.27907,2.046512
河南医学高等专科学校,252,1.714286,10.337302,4.825397
武汉理工大学,2948,24.223881,24.968453,12.808684
湖北理工学院,416,1.576923,4.860577,2.007212
武汉商学院,266,0.81203,7.432331,2.669173
三峡大学科技学院,156,2.621795,5.108974,3.346154
湖北汽车工业学院科技学院,123,1.325203,3.821138,1.918699
武汉设计工程学院,701,12.53923,68.031384,7.884451
荆州职业技术学院,84,3.416667,8.154762,9.345238
湖北水利水电职业技术学院,115,0.0,0.0,0.0
湖北国土资源职业学院,58,0.637931,1.810345,2.448276
湘潭大学,1527,13.70334,63.342502,11.944335
湖南商学院,687,3.394469,21.179039,5.007278
湘潭大学兴湘学院,135,1.014815,3.222222,1.644444
吉首大学张家界学院,131,0.48855,3.725191,1.534351
湖南税务高等专科学校,75,0.253333,0.093333,2.466667
湖南工程职业技术学院,225,4.288889,5.413333,7.431111
郴州职业技术学院,74,0.108108,0.972973,0.635135
潇湘职业学院,28,0.392857,0.285714,0.607143
湘西民族职业技术学院,48,0.520833,0.291667,0.75
湖南现代物流职业技术学院,61,5.770492,22.327869,46.540984
益阳医学高等专科学校,40,0.9,1.375,1.6
湖南工商职业学院,42,2.47619,1.928571,2.285714
中山大学,4754,42.436264,50.338452,27.808372
广州美术学院,747,19.639893,38.445783,14.572959
广州航海学院,208,1.033654,2.519231,4.081731
广东石油化工学院,271,3.276753,5.202952,2.431734
南方医科大学,788,11.899746,16.304569,6.961929
广东工业大学华立学院,70,3.585714,3.071429,3.457143
吉林大学珠海学院,499,16.577154,26.258517,10.244489
香港中文大学深圳,23,15.0,11.304348,12.217391
民办南华工商学院,15,0.733333,0.8,5.866667
广州番禺职业技术学院,161,0.0,0.0,0.0
广西科技师范学院,102,3.421569,5.401961,4.411765
桂林旅游学院,855,2.4,4.183626,3.356725
桂林师范高等专科学校,6,0.166667,2.166667,0.0
广西交通职业技术学院,28,0.071429,1.964286,0.678571
北海职业学院,55,0.436364,1.636364,0.927273
广西英华国际职业学院,111,0.378378,0.477477,1.18018
海南大学,1815,31.950413,30.363085,9.726171
重庆邮电大学,703,10.957326,38.620199,13.617354
长江师范学院,1073,2.180801,8.44082,3.048462
重庆大学城市科技学院,448,4.220982,10.408482,4.6875
重庆三峡职业学院,1279,0.143081,1.502737,0.245504
重庆电讯职业学院,16,0.25,3.4375,1.5625
重庆安全技术职业学院,69,0.318841,1.550725,1.362319
重庆幼儿师范高等专科学校,41,0.585366,1.926829,0.609756
西南科技大学,2237,14.804649,15.43004,10.640143
绵阳师范学院,970,2.223711,7.696907,2.631959
成都学院,1629,49.307551,64.812769,20.467158
四川工商学院,1210,6.227273,10.942149,9.036364
四川化工职业技术学院,202,1.173267,4.356436,1.866337
四川工商职业技术学院,398,2.40201,5.71608,4.427136
四川职业技术学院,571,2.534151,4.49387,3.485114
四川文化产业职业学院,223,1.071749,4.026906,2.170404
四川三河职业学院,187,1.245989,5.15508,0.684492
川南幼儿师范高等专科学校,55,1.418182,4.436364,4.254545
贵州医科大学,1096,1.786496,7.880474,3.422445
六盘水师范学院,232,2.159483,9.206897,3.581897
遵义医学院医学与科技学院,23,1.652174,7.782609,0.478261
贵州警官职业学院,66,1.575758,8.69697,4.136364
黔南民族职业技术学院,49,3.816327,3.612245,0.734694
贵州工业职业技术学院,61,3.344262,12.442623,5.393443
贵州轻工职业技术学院,177,4.084746,23.881356,12.655367
贵州职业技术学院,91,0.978022,5.076923,2.131868
毕节医学高等专科学校,45,0.777778,1.066667,0.311111
大理大学,98,0.0,0.0,0.0
宝鸡文理学院,817,25.182375,19.906977,32.892289
商洛学院,562,0.923488,3.368327,1.61032
西安思源学院,339,3.280236,6.99115,3.640118
杨凌职业技术学院,259,2.938224,5.80695,4.46332
西安高新科技职业学院,47,3.617021,8.829787,7.851064
西安汽车科技职业学院,162,0.925926,4.401235,1.62963
安康职业技术学院,73,1.013699,3.712329,1.808219
兰州大学,133,0.0,0.0,0.0
喀什大学,419,2.455847,4.408115,1.250597
新疆农业大学科学技术学院,65,0.907692,2.415385,0.938462
和田师范专科学校,74,0.0,0.0,0.0
新疆建设职业技术学院,42,0.928571,1.238095,1.928571
新疆交通职业技术学院,75,0.853333,1.506667,0.92
新疆科技职业技术学院,11,0.0,1.090909,0.090909
