清华大学,0.0343771272975,0.096097118221,0.563875652371,0.167896647527,0.021615401801,0.228931476538,0.0303204202091,0.0610348290105,0.0889458986896
北京大学,0.0319955406912,0.0962095875139,0.578818283166,0.164657046327,0.0211614277105,0.231056413394,0.0305451349503,0.0663993670665,0.0879858781541
浙江大学,0.0300204685013,0.151466909256,0.645667500569,0.141963298703,0.0199678325495,0.266755227136,0.0359892542326,0.124791928433,0.0932593952216
复旦大学,0.0499311294766,0.0926308539945,0.486570247934,0.192023146441,0.0237515116747,0.204072138791,0.0323515227271,0.0120489923502,0.0958990376635
上海交通大学,0.0258302583026,0.222408587722,0.656826568266,0.137424353068,0.0185077695594,0.295844612303,0.0434527020643,0.158420259235,0.101425687322
武汉大学,0.0396530359356,0.206408213843,0.685431049743,0.13365008087,0.0219796253956,0.294905755197,0.0414917041188,0.161255674328,0.104638665628
南京大学,0.0,0.111111111111,0.555555555556,0.156292450619,0.0117758943231,0.277415978301,0.0408848104888,0.121123527683,0.0832308647731
中山大学,0.0351283129996,0.163651661759,0.64514093395,0.146698312911,0.021568258419,0.268070276232,0.0388974529029,0.121371963321,0.101598788957
吉林大学,0.0,0.0625,0.4375,0.175154065149,0.0115747124111,0.208864238193,0.0206106505225,0.0337101730438,0.0543644589938
华中科技大学,-1,-1,-1,-1,-1,-1,-1,-1,-1
四川大学,0.0383360522023,0.210168569875,0.651984774334,0.142013385861,0.0226371981984,0.288130974676,0.0447668823397,0.146117588815,0.111830932551
中国科学技术大学,0.0588235294118,0.529411764706,0.823529411765,0.0828291970639,0.0111135949942,0.434470110691,0.0503875018115,0.351640913627,0.0927786776399
山东大学,-1,-1,-1,-1,-1,-1,-1,-1,-1
中国人民大学,0.0280748663102,0.0756684491979,0.509625668449,0.176522446852,0.0205931742868,0.200052454098,0.0290597610432,0.0235300072468,0.0839437815099
西安交通大学,-1,-1,-1,-1,-1,-1,-1,-1,-1
哈尔滨工业大学,0.0,0.125,0.5,0.170077847585,0.01015887128,0.152449489908,0.0160896608307,-0.0176283576774,0.0304891530602
南开大学,0.0,0.0,0.583333333333,0.164984661825,0.00770806626079,0.194780342237,0.0128052549665,0.0297956804121,0.0280549846137
中南大学,-1,-1,-1,-1,-1,-1,-1,-1,-1
东南大学,0.0,0.296296296296,0.740740740741,0.0859443633732,0.00660461634227,0.355686536952,0.0498176223528,0.269742173578,0.0841986436593
北京师范大学,0.0,0.2,0.55,0.12515632985,0.0117401652044,0.240321155729,0.0431349412489,0.115164825879,0.0927149388277
同济大学,0.0431924882629,0.172769953052,0.635993740219,0.149297012577,0.0221329059462,0.27127878505,0.0382981637522,0.121981772473,0.100525351831
天津大学,0.0363992172211,0.188258317025,0.648532289628,0.143114393062,0.0221189140374,0.283646652585,0.0395337960731,0.140532259523,0.102550800616
厦门大学,0.0,0.0769230769231,1.0,0.0495496303092,0.00177111590633,0.351407634828,0.0173471156798,0.301858004519,0.0262587893069
北京航空航天大学,0.0298507462687,0.128358208955,0.614925373134,0.145148087844,0.0191611852572,0.249734698468,0.0339714313407,0.104586610625,0.088136306306
大连理工大学,0.0442329227324,0.251399776036,0.696528555431,0.129477355373,0.0220129774874,0.309999567176,0.0442963518549,0.180522211803,0.107814504196
华南理工大学,-1,-1,-1,-1,-1,-1,-1,-1,-1
重庆大学,0.038670694864,0.215407854985,0.70664652568,0.127720506948,0.0213419049187,0.310532214513,0.0398135635398,0.182811707565,0.100877847332
华东师范大学,0.0,0.235294117647,0.941176470588,0.0557241069689,0.00587195800025,0.371011887134,0.0213557892228,0.315287780165,0.0379026542881
北京理工大学,0.0332136445242,0.138240574506,0.634649910233,0.141436122548,0.0216602540326,0.257932297503,0.0358418731596,0.116496174955,0.0940647373313
中国农业大学,0.0,0.0588235294118,0.705882352941,0.111456304085,0.0174835030494,0.286542165796,0.0217510365177,0.175085861711,0.0698748944312
西北工业大学,0.0217580504787,0.187119234117,0.690165361184,0.117320198826,0.0170286616896,0.287790828075,0.036613388017,0.170470629249,0.0876205251479
湖南大学,0.0474738675958,0.228658536585,0.660714285714,0.142594942405,0.0253413429692,0.299469691931,0.0453621275144,0.156874749526,0.119686909282
兰州大学,0.0300751879699,0.142857142857,0.714285714286,0.123416357422,0.0208620316221,0.273261085691,0.0322930963516,0.149844728268,0.0838918768164
东北大学,0.0666666666667,0.133333333333,0.533333333333,0.153499632134,0.0265480406523,0.257863534216,0.0400865192146,0.104363902082,0.113647496814
电子科技大学,-1,-1,-1,-1,-1,-1,-1,-1,-1
华中师范大学,0.0192142242615,0.301978778319,0.806423860052,0.0868445036994,0.0152488729432,0.357028301871,0.0414531611092,0.270183798172,0.0899074292007
武汉理工大学,0.0498643147897,0.2934192673,0.742876526459,0.11526229104,0.0238915997328,0.339941439007,0.0475534138865,0.224679147966,0.118080425715
华东理工大学,0.0408163265306,0.167346938776,0.595918367347,0.15360003884,0.0217149788885,0.264628839591,0.0390446027418,0.111028800751,0.100298222249
苏州大学,0.0833333333333,0.333333333333,0.75,0.127386451163,0.0290725652885,0.326720531039,0.0346643600799,0.199334079876,0.107091838255
西南大学,0.0423963133641,0.317665130568,0.771735791091,0.110839187102,0.0210857828905,0.356930806532,0.0452889936024,0.246091619429,0.108129669112
北京交通大学,0.0277098614507,0.259983700081,0.735126324368,0.114357691151,0.0173921817577,0.318531445174,0.0446746330791,0.204173754023,0.0988926946535
东北师范大学,0.0,0.133333333333,0.6,0.137632425765,0.0200066551621,0.25073911978,0.0288616919592,0.113106694015,0.0799770871095
南京农业大学,0.0,0.142857142857,0.857142857143,0.0671477736645,0.00941428746383,0.296127228571,0.030928398295,0.228979454907,0.0635339163352
西南交通大学,0.0252725470763,0.362239841427,0.797819623389,0.102829521229,0.0181763141172,0.381653875383,0.0446925258336,0.278824354154,0.101349036591
郑州大学,0.0346493070139,0.332843343133,0.754724905502,0.107472479417,0.0205857334797,0.35898768558,0.050246724612,0.251515206163,0.116026467169
华中农业大学,0.0278388278388,0.188278388278,0.748717948718,0.106069404146,0.0200820342254,0.298424365794,0.0383516247778,0.192354961648,0.0948012973646
北京科技大学,0.0431654676259,0.209532374101,0.715827338129,0.124366966278,0.0213843290366,0.297299357707,0.0403129157544,0.172932391429,0.100493051306
南京航空航天大学,0.0347448425624,0.14983713355,0.688382193268,0.130240737702,0.0186637159084,0.264459816299,0.0329731038984,0.134219078597,0.0820222119353
北京协和医学院,0.0,0.0,0.722222222222,0.135183431621,0.00656769012353,0.182119819424,0.00854842846828,0.0469363878025,0.0243414316438
南京师范大学,0.0869565217391,0.0869565217391,0.478260869565,0.180395843855,0.0309755115671,0.196357661725,0.0240875237216,0.0159618178702,0.0824780734172
南京理工大学,0.0384615384615,0.192307692308,0.653846153846,0.122268003158,0.011935778314,0.283636223609,0.0430025567947,0.161368220451,0.0833326405492
西安电子科技大学,0.0463286713287,0.180944055944,0.604020979021,0.16168269987,0.0246673966139,0.262500462075,0.0418634737888,0.100817762205,0.113411486464
哈尔滨工程大学,0.0196078431373,0.0392156862745,0.450980392157,0.166911783902,0.0180169769012,0.166642663834,0.0152134519883,-0.000269120067346,0.0505428420356
中国海洋大学,0.0278310940499,0.222648752399,0.713051823417,0.122701226108,0.0181331437092,0.302660909914,0.0387699837633,0.179959683806,0.0912976282234
西北大学,-1,-1,-1,-1,-1,-1,-1,-1,-1
上海大学,0.0,0.2,0.8,0.065633304116,0.00787437586841,0.356285054951,0.0293752911335,0.290651750835,0.0569148593004
河海大学,0.0526315789474,0.0,0.263157894737,0.231528431434,0.0147906489234,0.166662930855,0.00928129774732,-0.064865500579,0.0399214526211
西北农林科技大学,0.0268310369833,0.19071791153,0.768672951414,0.102246693089,0.0184741803249,0.309341433085,0.0340643639771,0.207094739996,0.0834613242689
暨南大学,0.0378827192527,0.217436429683,0.748832381941,0.11398419809,0.0208507259595,0.307873006085,0.039006656593,0.193888807995,0.0973269848414
中国矿业大学,0.133333333333,0.0,0.4,0.235573368607,0.0381896447627,0.186143717858,0.0209462733968,-0.0494296507495,0.10204389133
陕西师范大学,0.0676758682102,0.189670525378,0.575244879786,0.179628537301,0.0312726654602,0.25406250257,0.0456986263073,0.0744339652692,0.137306094763
北京化工大学,0.030303030303,0.151515151515,0.69696969697,0.119165737564,0.0168830539821,0.302027707252,0.0341737623471,0.182861969689,0.0820403132885
华南师范大学,-1,-1,-1,-1,-1,-1,-1,-1,-1
江南大学,0.0588235294118,0.411764705882,0.941176470588,0.0886895300693,0.0296707596694,0.363176162678,0.0380652446547,0.274486632609,0.10243674439
北京邮电大学,0.0,0.0625,0.6875,0.146458254565,0.0250296937711,0.267724683301,0.0281380300982,0.121266428736,0.0974926710658
北京工业大学,0.047619047619,0.214285714286,0.583333333333,0.171999371305,0.0211706709446,0.258091166132,0.0408244628713,0.0860917948271,0.100815228275
云南大学,-1,-1,-1,-1,-1,-1,-1,-1,-1
湖南师范大学,0.0427226647357,0.254163649529,0.779145546705,0.109550120527,0.0209803458898,0.33497607425,0.040410008582,0.225425953723,0.100047126497
中国地质大学武汉,0.0833333333333,0.25,0.611111111111,0.203816815383,0.0396670176339,0.264372096079,0.0439359762677,0.0605552806954,0.146808875973
浙江工业大学,0.117647058824,0.0588235294118,0.529411764706,0.183842639823,0.0360908876536,0.235056577515,0.0216327242528,0.0512139376921,0.0917130839202
首都医科大学,0.0526315789474,0.0,0.315789473684,0.216674519744,0.0171229128753,0.121947814872,0.0129247998376,-0.094726704872,0.0503156732802
合肥工业大学,0.0689655172414,0.172413793103,0.551724137931,0.146771644128,0.0230746168419,0.256669156707,0.0420035483937,0.109897512579,0.11062682123
东华大学,0.0,0.181818181818,0.818181818182,0.0674529477944,0.0047407046796,0.287999795327,0.0287172735886,0.220546847532,0.0497944221791
南昌大学,0.0410710233719,0.235307465396,0.736328568187,0.115142572388,0.0230112302078,0.316542392561,0.0430485806923,0.201399820173,0.110597851925
上海财经大学,0.0,0.125,1.0,0.0244462769292,0.00236381805368,0.432206841249,0.0118319530531,0.407760564319,0.0159960500677
燕山大学,0.0,0.4,0.8,0.0996210623037,0.0144542699208,0.337727437256,0.0505066619035,0.238106374953,0.109489405431
中国石油大学华东,-1,-1,-1,-1,-1,-1,-1,-1,-1
福州大学,0.0,0.137931034483,0.724137931034,0.146316523696,0.0138144474711,0.303597530929,0.0287849850198,0.157281007233,0.0658812284449
首都师范大学,0.0666666666667,0.133333333333,0.6,0.158110310445,0.0280451089962,0.259695928467,0.0282616875339,0.101585618022,0.105820989609
长安大学,-1,-1,-1,-1,-1,-1,-1,-1,-1
河南大学,-1,-1,-1,-1,-1,-1,-1,-1,-1
浙江师范大学,0.0284951024043,0.292074799644,0.777382012467,0.104204294979,0.0163904629152,0.347249743505,0.0419402992866,0.243045448525,0.0937358123733
广西大学,-1,-1,-1,-1,-1,-1,-1,-1,-1
华北电力大学,0.0,0.555555555556,1.0,0.0137619722743,0.000334829051239,0.516379465988,0.0258462045428,0.502617493714,0.0299161650467
中国政法大学,0.0554994954591,0.0842583249243,0.415237134208,0.217894771511,0.0256969082419,0.174357984321,0.0321785367752,-0.04353678719,0.0991759625971
江苏大学,0.0,0.1875,0.6875,0.119686158385,0.0178955298604,0.307262460939,0.0430473765761,0.187576302553,0.104714945148
华南农业大学,0.0393198724761,0.239107332625,0.749202975558,0.110943502796,0.0210906212021,0.316440019794,0.0410377144799,0.205496516998,0.101939459833
中央财经大学,0.05,0.05,0.55,0.158508630576,0.0230276796132,0.226541937551,0.027972391762,0.0680333069755,0.0933904369387
中南财经政法大学,0.0530303030303,0.193939393939,0.678787878788,0.137357970648,0.0248750676792,0.283243667767,0.0439501380209,0.145885697119,0.113563557609
南京工业大学,0.0740740740741,0.259259259259,0.666666666667,0.173938091607,0.0256403156166,0.298404521061,0.0361036893488,0.124466429453,0.102908700269
扬州大学,0.0666666666667,0.133333333333,0.866666666667,0.0929988428089,0.0142304508696,0.327001114991,0.0197973150263,0.234002272182,0.060016189557
北京林业大学,0.1,0.2,0.8,0.130510087036,0.0292985578802,0.312340880767,0.0326700551457,0.181830793731,0.0981693400758
山西大学,0.0,0.0769230769231,0.692307692308,0.147766170735,0.0274046618677,0.297266519272,0.0236275066314,0.149500348537,0.0823478164364
湘潭大学,0.0504256712508,0.208906352325,0.657498362803,0.143764119912,0.0259695087026,0.297913138353,0.0443058777387,0.154149018441,0.119299539582
南方医科大学,0.0431472081218,0.124365482234,0.5,0.179690399052,0.0247497254344,0.210040970778,0.0392617443016,0.0303505717265,0.109941663727
西南财经大学,0.0479599141016,0.259126700072,0.702934860415,0.13040554,0.0245266396792,0.319306341715,0.0470060903241,0.188900801715,0.119121376617
福建师范大学,0.0588235294118,0.235294117647,0.529411764706,0.14943694789,0.0269410259227,0.257159533898,0.0471050984723,0.107722586007,0.123993901146
中国石油大学北京,0.111111111111,0.333333333333,0.666666666667,0.208713530716,0.06824181111,0.300566880166,0.0711845184532,0.0918533494509,0.246302468473
中央民族大学,0.0,0.32,0.88,0.0695785476241,0.00623211434111,0.375699210622,0.0366435064147,0.306120662998,0.0623589215068
昆明理工大学,-1,-1,-1,-1,-1,-1,-1,-1,-1
安徽大学,0.0,0.0,0.5,0.165518816901,0.0184070281401,0.250953493516,0.0288378613898,0.0854346766155,0.0895501534734
宁波大学,0.0625,0.1875,0.75,0.125151477577,0.0210335537662,0.32623056713,0.0287041626565,0.201079089553,0.0870169210811
深圳大学,-1,-1,-1,-1,-1,-1,-1,-1,-1
河北大学,-1,-1,-1,-1,-1,-1,-1,-1,-1
太原理工大学,0.0,0.0,0.75,0.109832427039,0.0141126570379,0.231416906233,0.0122487346068,0.121584479194,0.0414605986192
黑龙江大学,0.142857142857,0.0,0.357142857143,0.216397799231,0.0294277274449,0.192161285759,0.0136110047566,-0.0242365134718,0.0698297831447
中国地质大学北京,0.0,0.0714285714286,0.714285714286,0.108252261587,0.0170890556075,0.221134809707,0.017569065485,0.112882548121,0.0586427485623
中国医科大学,0.0869565217391,0.0434782608696,0.217391304348,0.270286290349,0.0196030471158,0.0934915822313,0.0138246272733,-0.176794708118,0.0516728545533
上海师范大学,0.0,0.133333333333,0.733333333333,0.0562269646975,0.00648652711714,0.312865324481,0.0300533046985,0.256638359783,0.0574744323159
哈尔滨医科大学,0.043795620438,0.0496350364964,0.370802919708,0.224269852022,0.0218481804213,0.156481025759,0.0239242310638,-0.0677888262628,0.0790875826509
天津医科大学,0.109090909091,0.0,0.527272727273,0.179136543812,0.0263243855146,0.146694905322,0.010241491622,-0.0324416384908,0.0488214208889
对外经济贸易大学,0.0304302203568,0.160545645331,0.611752360965,0.138887500998,0.0174697502974,0.249451008627,0.0376025979986,0.11056350763,0.0875449386707
南京医科大学,0.133333333333,0.0666666666667,0.2,0.223071677406,0.0205357698868,0.13042222586,0.0170673100266,-0.0926494515457,0.0572571810988
中国传媒大学,0.0,0.416666666667,0.583333333333,0.113809467299,0.0148645303433,0.350830602849,0.0805702655751,0.23702113555,0.157599328213
青岛大学,0.0588744588745,0.165367965368,0.6329004329,0.150872068868,0.0252296886911,0.269936880212,0.0384405836548,0.119064811344,0.106192570231
东北财经大学,0.0,0.0689655172414,0.689655172414,0.105030586994,0.0141226099529,0.254603607554,0.0285790189565,0.14957302056,0.0706800495498
东北林业大学,0.0,0.0,0.0,0.270443334634,0.0,0.256100634564,0.0,-0.0143427000702,0.0
安徽师范大学,0.0,0.333333333333,0.8,0.127279283167,0.0163805866511,0.352613048278,0.0508714324223,0.225333765111,0.115424643338
内蒙古大学,0.333333333333,0.0,0.166666666667,0.309632196128,0.0365375907214,0.128702607221,0.00400023378811,-0.180929588906,0.0349799913118
天津师范大学,0.214285714286,0.285714285714,0.571428571429,0.180284976665,0.0388302049396,0.292748184388,0.0496742478361,0.112463207723,0.15577456351
山东农业大学,0.208684381076,0.120544394038,0.392093324692,0.276735733235,0.0406858246202,0.178139242133,0.0357297393565,-0.098596491102,0.131955162366
北京中医药大学,0.0357142857143,0.0,0.571428571429,0.179442669973,0.0159432529553,0.195295209857,0.0108509370007,0.0158525398838,0.0417451274731
上海理工大学,0.0641848523748,0.243902439024,0.663671373556,0.145360408165,0.0246113513269,0.306735239353,0.0432825872182,0.161374831187,0.1136171681
中国药科大学,0.0,0.444444444444,0.777777777778,0.0840041375467,0.0104793120122,0.410716789214,0.0478765812794,0.326712651667,0.0953298380165
山东师范大学,0.0652724968314,0.225602027883,0.692015209125,0.139545663948,0.027293901099,0.300174916841,0.043756796424,0.160629252893,0.118227164293
贵州大学,-1,-1,-1,-1,-1,-1,-1,-1,-1
辽宁大学,0.0,0.0,0.5,0.222197100247,0.0187894020689,0.184414597931,0.0145617771384,-0.0377825023163,0.0596959237656
西安建筑科技大学,-1,-1,-1,-1,-1,-1,-1,-1,-1
西北师范大学,0.0208333333333,0.220052083333,0.798177083333,0.0862177751475,0.0156529001609,0.329400230854,0.0380023734841,0.243182455706,0.0859530357345
南京邮电大学,0.125,0.25,0.5,0.229743226817,0.0428981377593,0.231561883365,0.0673408894109,0.00181865654763,0.188494662817
杭州电子科技大学,0.0555555555556,0.222222222222,0.777777777778,0.108555673448,0.0180076370648,0.334441416428,0.0323970776543,0.22588574298,0.0793885884883
新疆大学,0.0232804232804,0.217989417989,0.809523809524,0.0895015928646,0.0168515687211,0.326587830998,0.0363005140539,0.237086238133,0.0841208313806
东北农业大学,0.0666666666667,0.266666666667,0.666666666667,0.143472100375,0.0246571582083,0.313590005966,0.0382369476324,0.170117905591,0.109753838401
中国矿业大学北京,0.333333333333,0.222222222222,0.444444444444,0.353620760311,0.0837128841452,0.19510618194,0.047888727236,-0.158514578371,0.242426965174
重庆医科大学,-1,-1,-1,-1,-1,-1,-1,-1,-1
河南师范大学,0.0262557077626,0.33295281583,0.818873668189,0.092310806584,0.0183968031058,0.384014809455,0.0450171325108,0.291704002871,0.103256138484
西安理工大学,0.0619335347432,0.155589123867,0.726586102719,0.124926381373,0.0259600555942,0.287623825876,0.0332896141296,0.162697444503,0.0979967166207
广东工业大学,-1,-1,-1,-1,-1,-1,-1,-1,-1
上海中医药大学,0.0379403794038,0.135501355014,0.50406504065,0.182468590921,0.0212326817109,0.226270541699,0.0420048280818,0.0438019507783,0.105143898146
四川农业大学,0.0261130136986,0.267123287671,0.808219178082,0.0863727471942,0.016990192605,0.35170831808,0.0424993767368,0.265335570886,0.0944547196855
海南大学,0.0550964187328,0.266666666667,0.720661157025,0.129155331484,0.0255822883676,0.317276243854,0.0448383013705,0.18812091237,0.116419242884
福建农林大学,0.0,0.1875,0.5625,0.175802200208,0.018041603445,0.247710407068,0.0275888918137,0.0719082068596,0.0771194921902
山东科技大学,-1,-1,-1,-1,-1,-1,-1,-1,-1
河北工业大学,0.142857142857,0.142857142857,0.485714285714,0.215995250646,0.0304364668554,0.216887548399,0.0351461923192,0.00089229775327,0.106384563406
汕头大学,0.0312243221035,0.242399342646,0.794576828266,0.111890161956,0.0174121133525,0.333933520136,0.0346813769337,0.22204335818,0.0848164691715
西南政法大学,-1,-1,-1,-1,-1,-1,-1,-1,-1
大连海事大学,0.0,0.2,0.75,0.0811636301791,0.0109187379266,0.322774212699,0.0331089234146,0.24161058252,0.0763873325613
成都理工大学,-1,-1,-1,-1,-1,-1,-1,-1,-1
石河子大学,0.0420757363254,0.259467040673,0.771388499299,0.10423447834,0.020000816151,0.329049310085,0.0402509276976,0.224814831745,0.0972437419488
南京林业大学,0.0617283950617,0.205761316872,0.731138545953,0.133861170585,0.0265494708822,0.29705783203,0.0401883485016,0.163196661445,0.110576907727
广西师范大学,0.0,0.381818181818,0.872727272727,0.0590139057813,0.00792695795804,0.421532932275,0.0364560116489,0.362519026494,0.0679058716473
长沙理工大学,-1,-1,-1,-1,-1,-1,-1,-1,-1
浙江理工大学,0.0,0.125,0.8125,0.0798451855665,0.0160605716106,0.328085349288,0.0390924453798,0.248240163722,0.0848902758818
华侨大学,0.047619047619,0.428571428571,0.761904761905,0.106640492976,0.0220102019144,0.373038049552,0.057208157562,0.266397556576,0.135427486775
北京语言大学,0.0,0.0769230769231,0.461538461538,0.145965492248,0.0188743720901,0.168293048544,0.0322603642374,0.022327556296,0.0822205637299
广州大学,-1,-1,-1,-1,-1,-1,-1,-1,-1
河北师范大学,0.0833333333333,0.0,0.666666666667,0.127937240574,0.0204979505012,0.251894081659,0.0177507565581,0.123956841086,0.0625263303434
四川师范大学,-1,-1,-1,-1,-1,-1,-1,-1,-1
济南大学,0.0712643678161,0.249042145594,0.696551724138,0.145003448404,0.0298550823992,0.315365350075,0.0447521894974,0.170361901671,0.127249199138
江西师范大学,-1,-1,-1,-1,-1,-1,-1,-1,-1
青岛科技大学,0.0178571428571,0.181318681319,0.75,0.107761119061,0.0155551369082,0.299087536271,0.0343517294801,0.191326417211,0.0800014024325
湖南农业大学,0.0323651452282,0.300414937759,0.805809128631,0.0918739784178,0.0182995765482,0.362022142684,0.0428591813143,0.270148164266,0.0978761017941
中北大学,0.0909090909091,0.454545454545,0.909090909091,0.055023424635,0.0136305714755,0.44397579574,0.0315051954609,0.388952371105,0.05571894576
上海外国语大学,0.0634774609016,0.221711131555,0.632934682613,0.153641770799,0.0251293950269,0.284008794078,0.0445724872795,0.130367023279,0.114819744878
河南理工大学,-1,-1,-1,-1,-1,-1,-1,-1,-1
南京信息工程大学,0.0,0.111111111111,0.611111111111,0.0993013822466,0.0134178198219,0.251334441359,0.0467205563398,0.152033059112,0.0942281981649
华东政法大学,0.0416666666667,0.0833333333333,0.416666666667,0.18409601009,0.0254571494438,0.19370242176,0.0339978906785,0.00960641166991,0.101758960375
长春理工大学,0.0869565217391,0.0869565217391,0.521739130435,0.178338016385,0.0351162186517,0.208259969698,0.0235596012207,0.0299219533135,0.0877011036261
江西财经大学,0.0172193877551,0.186224489796,0.844706632653,0.0793809155806,0.0124463730693,0.321906896704,0.0306575264058,0.242525981124,0.0669172495779
北京外国语大学,0.0,0.157894736842,0.736842105263,0.0951581710395,0.0086125806619,0.30016005489,0.026588640914,0.20500188385,0.0553417667953
武汉科技大学,-1,-1,-1,-1,-1,-1,-1,-1,-1
湖北大学,-1,-1,-1,-1,-1,-1,-1,-1,-1
河北农业大学,0.0,0.321428571429,0.892857142857,0.0667629660653,0.0116883661251,0.416794803156,0.0368840678603,0.350031837091,0.0761774750849
河南农业大学,-1,-1,-1,-1,-1,-1,-1,-1,-1
南京中医药大学,0.0,0.166666666667,0.777777777778,0.0932612341144,0.0142914214821,0.336281615058,0.0300259875031,0.243020380943,0.077546361401
温州医科大学,0.0,0.263157894737,0.684210526316,0.0877337181375,0.011622143453,0.347213247348,0.0528244353587,0.259479529211,0.100826422875
广东外语外贸大学,0.0290697674419,0.195736434109,0.730620155039,0.122735548219,0.0188027076056,0.300606217353,0.0355633769344,0.177870669135,0.0880289901338
浙江工商大学,0.0555555555556,0.222222222222,0.5,0.194125495881,0.0302455289902,0.253941611656,0.0588861984262,0.0598161157753,0.163246353619
广州中医药大学,0.0230088495575,0.122123893805,0.596460176991,0.149931639251,0.0191045717748,0.243002973891,0.0338636957497,0.0930713346406,0.0906878914476
延边大学,0.0455015511892,0.265770423992,0.665977249224,0.147045653925,0.0231971478573,0.313396875766,0.0427987207339,0.166351221841,0.111096731909
云南师范大学,-1,-1,-1,-1,-1,-1,-1,-1,-1
哈尔滨师范大学,0.0,0.333333333333,0.6,0.117323559069,0.0181475362903,0.344282473751,0.0620604155902,0.226958914683,0.13218109335
杭州师范大学,0.0,0.0,0.5,0.227952516086,0.047069035472,0.216082682794,0.0436535742631,-0.0118698332913,0.181380905229
天津工业大学,0.0294117647059,0.216318785579,0.771347248577,0.109269929837,0.0201080687301,0.309298335153,0.0353290793595,0.200028405316,0.0888357575701
安徽医科大学,0.0487804878049,0.0487804878049,0.365853658537,0.203089255388,0.021243199346,0.152617155265,0.0270271973069,-0.0504721001229,0.077438048122
哈尔滨理工大学,0.0588235294118,0.0,0.235294117647,0.183678022962,0.0199586548637,0.0811674400416,0.00669253589256,-0.102510582921,0.0279024556578
重庆邮电大学,0.0256045519203,0.302987197724,0.826458036984,0.0893442108192,0.0169600709442,0.364947444658,0.0364146477814,0.275603233839,0.0851750361964
西南石油大学,-1,-1,-1,-1,-1,-1,-1,-1,-1
中国计量学院,0.037037037037,0.148148148148,0.37037037037,0.184181223208,0.0177919478785,0.168317414365,0.0563670452439,-0.0158638088426,0.127549196462
首都经济贸易大学,0.0327455919395,0.178841309824,0.554156171285,0.147540431312,0.0185933756871,0.242783106388,0.0413921450588,0.095242675076,0.0964411927428
河南科技大学,0.0287741426882,0.271974773354,0.782420181317,0.0956802235515,0.0179890691572,0.344208823544,0.0421148054959,0.248528599993,0.0973908932796
南通大学,0.0508474576271,0.152542372881,0.647457627119,0.153438339152,0.0256463375008,0.277630968456,0.0382318942756,0.124192629304,0.110030534653
兰州交通大学,0.0441176470588,0.216176470588,0.680882352941,0.129969172122,0.0233071265532,0.284117505438,0.0402419356527,0.154148333316,0.106773831166
辽宁工程技术大学,0.133333333333,0.266666666667,0.666666666667,0.190670520268,0.0389977954163,0.298409905089,0.0406607668396,0.107739384821,0.141334223315
河北医科大学,0.0,0.125,0.625,0.120399116081,0.0136496045663,0.248978671933,0.032762323654,0.128579555853,0.0808500523717
中南民族大学,-1,-1,-1,-1,-1,-1,-1,-1,-1
三峡大学,-1,-1,-1,-1,-1,-1,-1,-1,-1
辽宁师范大学,0.0,0.269230769231,0.730769230769,0.12003419863,0.0176482735569,0.285409856054,0.0369562723231,0.165375657425,0.0922395625514
湖南科技大学,0.0631399317406,0.278156996587,0.70819112628,0.131331221957,0.0266509864616,0.329315946279,0.0490288233148,0.197984724322,0.126312645906
江苏师范大学,0.0909090909091,0.272727272727,0.727272727273,0.12311664771,0.0329491515213,0.36911276812,0.058065960069,0.24599612041,0.157000156246
山东理工大学,-1,-1,-1,-1,-1,-1,-1,-1,-1
长江大学,0.0389908256881,0.233944954128,0.739678899083,0.118374380932,0.0236138652832,0.317260552323,0.041039200778,0.198886171391,0.108967107748
天津科技大学,0.1,0.2,0.6,0.145738811174,0.029391780953,0.280344771556,0.036943170904,0.134605960382,0.114931801387
兰州理工大学,-1,-1,-1,-1,-1,-1,-1,-1,-1
沈阳农业大学,0.0,0.0,0.6,0.113444069446,0.016518874478,0.178835202828,0.0190006066905,0.0653911333824,0.0575006209949
西南科技大学,0.0245864997765,0.2910147519,0.813589628967,0.0847123480974,0.0161844151025,0.360217239533,0.0421386954149,0.275504891436,0.0918276566316
宁夏大学,-1,-1,-1,-1,-1,-1,-1,-1,-1
沈阳药科大学,0.0,0.142857142857,0.571428571429,0.142687737278,0.0156143929664,0.224760456584,0.0393462396016,0.0820727193059,0.0927491080008
大连医科大学,0.0,0.117647058824,0.411764705882,0.198641368635,0.0230434485759,0.162917917814,0.0345527578062,-0.0357234508204,0.102879694301
河南工业大学,0.0385551948052,0.269074675325,0.793831168831,0.100344401453,0.0201174102376,0.345197437032,0.0428348980789,0.244853035579,0.102553632099
重庆交通大学,0.0996563573883,0.280068728522,0.694158075601,0.15054987115,0.0352507038034,0.319807068061,0.0500992545081,0.169257196911,0.147548217327
内蒙古农业大学,0.0287356321839,0.319540229885,0.791954022989,0.0969482640495,0.017540111478,0.357278788852,0.0438360397397,0.260330524802,0.0966089684479
天津中医药大学,0.0,0.214285714286,0.571428571429,0.13984856797,0.016932302277,0.314704888318,0.0544980453717,0.174856320348,0.12288692836
安徽农业大学,0.0336134453782,0.176470588235,0.783613445378,0.104544989634,0.018002099042,0.313438417711,0.0331476086724,0.208893428077,0.0813180971976
陕西科技大学,-1,-1,-1,-1,-1,-1,-1,-1,-1
沈阳工业大学,0.111111111111,0.0,0.666666666667,0.128189573568,0.0188399630184,0.187359712099,0.0154190939638,0.0591701385317,0.0454307548049
东北石油大学,0.125,0.125,0.5625,0.210227587759,0.0568831690168,0.237438371169,0.0322113483829,0.0272107834101,0.142761046366
北京工商大学,0.0,0.148148148148,0.814814814815,0.0907672859266,0.0101175879942,0.280012359506,0.0417323076284,0.18924507358,0.0790858402946
上海海事大学,0.0,0.230769230769,0.846153846154,0.0745002422868,0.00971222152528,0.381731398795,0.0338831105442,0.307231156508,0.0670772801932
成都中医药大学,0.0445434298441,0.272828507795,0.760579064588,0.11128793175,0.0235322509338,0.344401180456,0.0430374437088,0.233113248707,0.110323529852
广西医科大学,0.0630182421227,0.147595356551,0.442786069652,0.200270582303,0.0304701867307,0.201715198662,0.0481006778202,0.00144461635942,0.137314044598
黑龙江中医药大学,0.0,0.181818181818,0.454545454545,0.172648734129,0.0157746197095,0.178857313501,0.0280658661419,0.00620857937189,0.06595881201
曲阜师范大学,0.0301659125189,0.246606334842,0.774509803922,0.102887859871,0.0180092073991,0.324948712925,0.0410494864907,0.222060853055,0.0938412643236
南华大学,0.0571679859279,0.212840809147,0.686015831135,0.13094089108,0.0261006314988,0.29734070749,0.0417419794618,0.16639981641,0.112926211367
桂林电子科技大学,0.0465753424658,0.256164383562,0.8,0.0953981746545,0.0208518086209,0.346611574854,0.0428709392644,0.251213400199,0.101139893424
西安科技大学,-1,-1,-1,-1,-1,-1,-1,-1,-1
天津理工大学,0.0,0.0,0.5,0.225549020014,0.0194644959104,0.174117311973,0.0143101159762,-0.0514317080411,0.0508897046007
烟台大学,-1,-1,-1,-1,-1,-1,-1,-1,-1
温州大学,0.0769230769231,0.0,0.769230769231,0.121394648883,0.0282664730762,0.259916569858,0.0252890684701,0.138521920975,0.0991722302463
新疆医科大学,-1,-1,-1,-1,-1,-1,-1,-1,-1
中南林业科技大学,0.0590909090909,0.231818181818,0.693939393939,0.132932327107,0.02519793851,0.298912893806,0.0437988770849,0.165980566699,0.112486065974
天津财经大学,0.0512820512821,0.128205128205,0.538461538462,0.18345830239,0.0261831737459,0.201873280424,0.0260360787467,0.0184149780338,0.0879055152958
安徽工业大学,0.0625,0.25,0.8125,0.0805645456019,0.0190221274307,0.330401054591,0.0332127714076,0.249836508989,0.0791285321415
吉林农业大学,0.0,0.111111111111,0.888888888889,0.0738244382656,0.00257761578492,0.255820857347,0.0266753953197,0.181996419081,0.0414082897919
安徽理工大学,0.0353697749196,0.255627009646,0.797427652733,0.0966723945049,0.0194742082596,0.340228774397,0.0403588693733,0.243556379892,0.0963101898378
青海大学,-1,-1,-1,-1,-1,-1,-1,-1,-1
中国人民公安大学,0.0544918998527,0.141384388807,0.503681885125,0.184885472923,0.025197855022,0.213147886059,0.0398314958543,0.028262413136,0.108329911656
北京体育大学,0.0,0.258064516129,0.806451612903,0.0645178271137,0.00530596133576,0.335903558258,0.044943386646,0.271385731144,0.0706289210432
上海海洋大学,0.0,0.08,0.52,0.171957076921,0.0107166897375,0.185716854929,0.0285467303245,0.0137597780086,0.0626700627476
甘肃农业大学,-1,-1,-1,-1,-1,-1,-1,-1,-1
南昌航空大学,0.0305466237942,0.221864951768,0.755627009646,0.105571532747,0.0189387716555,0.315818304436,0.0374546481987,0.210246771689,0.0925020727583
重庆工商大学,-1,-1,-1,-1,-1,-1,-1,-1,-1
广州医科大学,-1,-1,-1,-1,-1,-1,-1,-1,-1
内蒙古师范大学,0.04,0.08,0.8,0.0990280673417,0.0148233922561,0.272521883273,0.0213513544014,0.173493815931,0.0580536089239
东北电力大学,0.0,0.0,1.0,0.000371070753284,0.0,0.32336385947,0.0,0.322992788717,0.0
集美大学,0.0,0.307692307692,0.769230769231,0.125924037002,0.0253015819102,0.332328507176,0.058065336303,0.206404470174,0.143500265114
桂林理工大学,0.0513219284603,0.312597200622,0.793157076205,0.0988100113553,0.0225536408227,0.359276397568,0.0480335030554,0.260466386212,0.112595869434
山东财经大学,-1,-1,-1,-1,-1,-1,-1,-1,-1
青岛理工大学,-1,-1,-1,-1,-1,-1,-1,-1,-1
武汉工程大学,0.0554493307839,0.242829827916,0.669216061185,0.13247543746,0.0254547577177,0.300962843227,0.0500333156037,0.168487405767,0.124651978993
华北理工大学,0.0793413173653,0.238522954092,0.659181636727,0.155258933517,0.0269625716889,0.297679347212,0.0414479178454,0.142420413696,0.112376935163
浙江中医药大学,0.0315789473684,0.235789473684,0.745263157895,0.113377693731,0.0194845302265,0.322242378003,0.0430054873264,0.208864684271,0.102615808925
重庆师范大学,0.0285412262156,0.289640591966,0.80021141649,0.0926417668214,0.0179437508619,0.361203346046,0.0454116251318,0.268561579225,0.100644554032
广西民族大学,0.0187117668226,0.293990644117,0.852464915437,0.0724338495018,0.0127088939446,0.370343242999,0.0391768982703,0.297909393497,0.0799702510495
福建医科大学,0.0232558139535,0.0697674418605,0.279069767442,0.204517397326,0.0158410346601,0.124804283609,0.0242759694563,-0.0797131137165,0.0590520831569
山西师范大学,0.103448275862,0.0689655172414,0.310344827586,0.248636816158,0.0250296500311,0.15713989707,0.0144711322208,-0.0914969190883,0.0577448002017
浙江农林大学,0.0,0.235294117647,0.705882352941,0.110465697317,0.0166530513618,0.333685731131,0.0398570561133,0.223220033814,0.0908767583049
云南农业大学,-1,-1,-1,-1,-1,-1,-1,-1,-1
江苏科技大学,0.0833333333333,0.166666666667,0.333333333333,0.215268659659,0.0264099777634,0.225628229849,0.0296441868463,0.0103595701903,0.0952757851965
南京财经大学,0.0,0.0714285714286,0.928571428571,0.0404431979326,0.00192431015695,0.285506233746,0.0151153087526,0.245063035813,0.0195374034045
河北科技大学,0.1,0.05,0.6,0.169788025736,0.0278939333614,0.205414085839,0.0239565366164,0.0356260601026,0.082878117941
聊城大学,-1,-1,-1,-1,-1,-1,-1,-1,-1
沈阳师范大学,0.0,0.1875,0.875,0.0650082607713,0.00903832067723,0.349731060076,0.0298175455313,0.284722799304,0.0589201459376
新疆农业大学,0.0177165354331,0.15157480315,0.832677165354,0.0780099223812,0.0135163408951,0.304384146874,0.0308109530125,0.226374224493,0.0679755103382
贵州师范大学,0.0107296137339,0.273068669528,0.910944206009,0.051634551656,0.00943042699532,0.379813482228,0.0331617431873,0.328178930572,0.0623155403225
哈尔滨商业大学,0.0,0.2,0.6,0.126103964924,0.0189225084906,0.282661189374,0.0480334607499,0.15655722445,0.114253936502
江西农业大学,0.010897994769,0.176547515257,0.829119442023,0.0842558078847,0.0126990085568,0.329510325043,0.0302310188807,0.245254517158,0.0699046408316
长春工业大学,0.105263157895,0.263157894737,0.631578947368,0.230043991258,0.0214895985483,0.284322801469,0.0341865644028,0.0542788102103,0.0927443999496
吉首大学,-1,-1,-1,-1,-1,-1,-1,-1,-1
沈阳航空航天大学,0.0635514018692,0.14953271028,0.560747663551,0.174104433784,0.0286550839144,0.228470865856,0.0400867297847,0.0543664320726,0.114837139741
西华师范大学,-1,-1,-1,-1,-1,-1,-1,-1,-1
西南民族大学,0.0298616168973,0.295702840495,0.809905316824,0.0912508013966,0.0159227141476,0.350472713462,0.0409770706196,0.259221912066,0.0868679243558
浙江财经大学,0.0,0.0588235294118,0.294117647059,0.207733543356,0.0123159399043,0.151098519078,0.022785335718,-0.056635024278,0.0617292147241
常州大学,0.235294117647,0.0,0.411764705882,0.275872097655,0.0446775555833,0.158184863745,0.0122510274411,-0.11768723391,0.0876783436891
山西医科大学,0.0,0.0,0.6,0.156761753668,0.0247149385499,0.198923115755,0.0219013349881,0.0421613620872,0.0838972746223
重庆理工大学,-1,-1,-1,-1,-1,-1,-1,-1,-1
内蒙古工业大学,0.0,0.285714285714,0.714285714286,0.162228039919,0.0260582187183,0.279820081393,0.0342106248063,0.117592041474,0.100582053541
大连大学,0.104191616766,0.191616766467,0.614371257485,0.179210949964,0.0342142419825,0.264446625557,0.0425722455076,0.0852356755927,0.13170211707
石家庄铁道大学,0.0,0.2,0.4,0.226883368352,0.0250150477529,0.20714530545,0.0352242521699,-0.0197380629019,0.111936600863
上海体育学院,0.0,0.217391304348,0.739130434783,0.117457355899,0.0173043516197,0.278533444737,0.0265878591638,0.161076088838,0.0675374735949
云南民族大学,0.031746031746,0.15873015873,0.730158730159,0.130090203149,0.0154593575965,0.284874846207,0.0316503835177,0.154784643057,0.0755009077557
新疆师范大学,0.0136815920398,0.279850746269,0.853233830846,0.0673122052035,0.0117554743442,0.356219578739,0.0391320134598,0.288907373536,0.0762525252229
鲁东大学,0.0805369127517,0.195973154362,0.679194630872,0.148658412854,0.0276142502171,0.287371723096,0.0366131898173,0.138713310242,0.106118972291
上海工程技术大学,0.0,0.130434782609,0.695652173913,0.121297061971,0.00988716083231,0.253497294065,0.0286845125523,0.132200232094,0.0605118676615
内蒙古科技大学,0.0314417177914,0.312116564417,0.835889570552,0.0857647285472,0.016510997267,0.366481237062,0.0408968687982,0.280716508515,0.0898208929227
沈阳建筑大学,0.0,0.131578947368,0.815789473684,0.084768006991,0.00782822847258,0.298725236324,0.0237459813684,0.213957229333,0.0505530798184
山东中医药大学,0.0797101449275,0.139492753623,0.538043478261,0.180345991007,0.0269318592065,0.238907842996,0.0371660586911,0.0585618519885,0.107651393203
安徽财经大学,0.0105105105105,0.280780780781,0.83033033033,0.0755736701365,0.0127631329607,0.363203993689,0.0386627522904,0.287630323553,0.0808706219647
山东建筑大学,0.0371402042711,0.139275766017,0.622098421541,0.151664636808,0.0228438844608,0.256897167407,0.0376754961038,0.105232530599,0.101536994909
湖北工业大学,0.189309576837,0.137342242019,0.439495174462,0.2546691878,0.0486529797409,0.187251129357,0.0448877030206,-0.0674180584433,0.163824215898
山西财经大学,0.1,0.1,0.2,0.24245975463,0.0247395114311,0.168092030557,0.0192110386025,-0.0743677240732,0.0630963043258
武汉纺织大学,-1,-1,-1,-1,-1,-1,-1,-1,-1
湖南工业大学,-1,-1,-1,-1,-1,-1,-1,-1,-1
广东财经大学,0.0344370860927,0.158940397351,0.565562913907,0.151352968574,0.0213340548931,0.239699088071,0.0441688005405,0.0883461194974,0.107287688494
江西理工大学,-1,-1,-1,-1,-1,-1,-1,-1,-1
北华大学,0.0,0.133333333333,0.733333333333,0.0959880508709,0.00929520577808,0.243788718078,0.0280383862278,0.147800667207,0.0612992838712
北京联合大学,0.214285714286,0.0714285714286,0.5,0.238836290784,0.0659457009216,0.190313671435,0.0278973023017,-0.048522619349,0.160706535424
东华理工大学,0.0168634064081,0.171163575042,0.887858347386,0.0628704470561,0.0108685354381,0.320619093493,0.0265343266545,0.257748646437,0.0552937273042
华东交通大学,0.0300065231572,0.198303979126,0.818003913894,0.085576336669,0.0164291418056,0.322511445685,0.0339804538891,0.236935109016,0.0796961738637
吉林师范大学,0.0317940953823,0.373959121877,0.814534443603,0.0920013520713,0.0166966375493,0.38065135123,0.0422653948659,0.288649999159,0.0940579984202
北方工业大学,0.0,0.241379310345,0.827586206897,0.0840632344222,0.011085974202,0.325433873638,0.0356733615788,0.241370639216,0.0733977628798
云南财经大学,0.0138408304498,0.273356401384,0.847750865052,0.0723358282344,0.0119082948701,0.362951408414,0.0378949399578,0.29061558018,0.0766457233633
西安石油大学,0.0349127182045,0.229426433915,0.695760598504,0.132068193938,0.0229259877299,0.302057172053,0.0429916217936,0.169988978115,0.109057132359
郑州轻工业学院,-1,-1,-1,-1,-1,-1,-1,-1,-1
大连工业大学,0.0333333333333,0.133333333333,0.666666666667,0.129883141096,0.0229015195323,0.279700759525,0.0270749744183,0.149817618429,0.0844069259677
西北政法大学,0.068340306834,0.179916317992,0.638772663877,0.150821025629,0.0299639421443,0.279591215894,0.0393544643602,0.128770190265,0.116158887128
西华大学,-1,-1,-1,-1,-1,-1,-1,-1,-1
渤海大学,0.366666666667,0.1,0.2,0.414702836145,0.0490164764817,0.0926085363163,0.0253355027403,-0.322094299828,0.125845528259
西安工业大学,0.0636604774536,0.301061007958,0.787798408488,0.109375223589,0.0256201527023,0.355460577248,0.0405475974891,0.246085353659,0.110415940283
昆明医科大学,0.0389972144847,0.157381615599,0.571030640669,0.153454391566,0.0249929815873,0.24207966013,0.0467245934753,0.0886252685642,0.123097055628
大连交通大学,0.0,0.0625,0.4375,0.177676963481,0.0168175165061,0.149674564588,0.0319519330268,-0.028002398893,0.0865942966523
河北经贸大学,0.0540242557883,0.222712238148,0.761852260198,0.112547297532,0.023193336632,0.317711824609,0.040499136794,0.205164527078,0.104618887214
山西农业大学,0.0714285714286,0.0,0.357142857143,0.237152721735,0.0170318944656,0.133619385611,0.00912556710413,-0.103533336124,0.0399411016028
西北民族大学,-1,-1,-1,-1,-1,-1,-1,-1,-1
浙江海洋学院,0.0,0.157894736842,0.631578947368,0.146371481744,0.0209345214553,0.273226465861,0.0274605185266,0.126854984117,0.0788472718488
华北水利水电大学,0.0275080906149,0.188781014024,0.755124056095,0.103973592771,0.0178654274768,0.302676546094,0.0376943960365,0.198702953323,0.0882771437836
湖南中医药大学,0.0867346938776,0.201530612245,0.665816326531,0.15033273189,0.0288638578504,0.2896023456,0.0428623852611,0.13926961371,0.121255808038
天津商业大学,0.0526315789474,0.578947368421,0.947368421053,0.0781164865486,0.0180964156235,0.456622201307,0.0392461969061,0.378505714758,0.0885114880571
成都信息工程大学,0.0419034090909,0.225852272727,0.665482954545,0.129334428037,0.0211893033051,0.297103494803,0.0444870800323,0.167769066766,0.104465768755
齐鲁工业大学,0.0535211267606,0.147887323944,0.601408450704,0.153763088707,0.0229783700024,0.251879796067,0.0357070828193,0.0981167073592,0.0954654896442
信阳师范学院,-1,-1,-1,-1,-1,-1,-1,-1,-1
徐州医学院,0.0588235294118,0.117647058824,0.764705882353,0.0922968492672,0.0238878290846,0.285413582481,0.0273690966002,0.193116733214,0.0857796676428
西藏大学,-1,-1,-1,-1,-1,-1,-1,-1,-1
北京信息科技大学,0.0,0.214285714286,0.642857142857,0.132675296058,0.0210030105335,0.282826903912,0.0350431422003,0.150151607854,0.0979113067313
中国民航大学,0.125,0.3125,0.8125,0.150551960756,0.0420635932481,0.31414085568,0.0434871147221,0.163588894923,0.146000682035
大连外国语大学,0.105263157895,0.0526315789474,0.473684210526,0.19065182816,0.0313235850192,0.201158046023,0.032474529361,0.0105062178633,0.112474229501
景德镇陶瓷学院,-1,-1,-1,-1,-1,-1,-1,-1,-1
西安外国语大学,0.035010940919,0.258205689278,0.800875273523,0.100279738172,0.0194428767781,0.33426990434,0.0373233272703,0.233990166169,0.0903972280333
太原科技大学,0.0,0.166666666667,0.916666666667,0.0542131514816,0.00978911060877,0.317561834561,0.0245182816666,0.26334868308,0.0544941395119
北京建筑大学,0.025641025641,0.0769230769231,0.564102564103,0.193364892345,0.0284319780548,0.206709153735,0.0275383705172,0.0133442613892,0.100935868699
河南中医学院,-1,-1,-1,-1,-1,-1,-1,-1,-1
西安邮电大学,-1,-1,-1,-1,-1,-1,-1,-1,-1
外交学院,0.0466101694915,0.0805084745763,0.298305084746,0.234852714156,0.0215232965746,0.141030024236,0.0298349378975,-0.0938226899199,0.0852616687552
齐齐哈尔大学,0.0833333333333,0.333333333333,0.916666666667,0.148648243202,0.0192257756236,0.3767717801,0.0372439966847,0.228123536898,0.0998221129567
河南财经政法大学,0.0328492392808,0.304979253112,0.836445366528,0.0798863049837,0.0192206684709,0.376057348638,0.0446957896548,0.296171043655,0.102368546511
江西中医药大学,0.0343642611684,0.348224513173,0.821305841924,0.0943166141695,0.0185058882298,0.395965202683,0.0500338304134,0.301648588514,0.109899325932
广东海洋大学,0.03988183161,0.23929098966,0.785819793205,0.0966689753352,0.0198500040106,0.326507761508,0.0405729686288,0.229838786173,0.0939703405258
西安工程大学,0.0282186948854,0.243386243386,0.830687830688,0.0838699843627,0.0169143566762,0.349335758868,0.0376736189226,0.265465774505,0.0862069231629
上海对外经贸大学,0.0,0.5,0.8125,0.0898321245097,0.016277819556,0.444039285005,0.0734624319391,0.354207160496,0.133326055345
上海应用技术学院,0.0952380952381,0.0952380952381,0.857142857143,0.110137238441,0.0293372964432,0.303907149478,0.0223605450154,0.193769911037,0.0840015726175
福建中医药大学,0.0769230769231,0.461538461538,0.923076923077,0.0673136262047,0.02736215802,0.438561354344,0.0319016770861,0.371247728139,0.100659766291
沈阳理工大学,0.0743243243243,0.141891891892,0.61036036036,0.162811198868,0.0275825330764,0.242081350029,0.0363284375141,0.0792701511603,0.101733543812
佳木斯大学,0.0,0.181818181818,0.727272727273,0.110145752474,0.00935870809423,0.288289067747,0.0269242617689,0.178143315273,0.051669645104
中原工学院,0.0353130016051,0.287319422151,0.747993579454,0.114960418651,0.0194182458385,0.332666708074,0.0463033114373,0.217706289424,0.107135183041
南京工程学院,0.0,0.0,0.736842105263,0.171209540602,0.0098623369881,0.240870254302,0.0085291108221,0.0696607137006,0.0266325210366
宁夏医科大学,0.0382293762575,0.0905432595573,0.452716297787,0.194829153971,0.0245441343272,0.193796892019,0.0366061861394,-0.00103226195167,0.106421213481
辽宁中医药大学,0.0,0.2,0.7,0.14133257989,0.0173689942248,0.307260578178,0.0424520843155,0.165927998288,0.0969064417326
广东医学院,-1,-1,-1,-1,-1,-1,-1,-1,-1
辽宁科技大学,0.041958041958,0.261072261072,0.707459207459,0.129843280341,0.0199143934976,0.31583115345,0.0449171148562,0.185987873109,0.105419188842
北京第二外国语学院,0.0416666666667,0.0833333333333,0.75,0.126923979102,0.0149696610957,0.256606155465,0.022588736642,0.129682176363,0.0604933171699
青岛农业大学,0.0179977502812,0.229846269216,0.887889013873,0.0645505177799,0.0113514441731,0.348456374724,0.0311256895627,0.283905856944,0.0628207089411
沈阳化工大学,0.0503778337531,0.176322418136,0.702770780856,0.131298449908,0.0237155361259,0.270938988441,0.0369798773668,0.139640538533,0.0991644845105
广东药学院,0.0241379310345,0.2,0.627586206897,0.130734037092,0.0194553812125,0.277545685075,0.0453223906758,0.146811647983,0.107344471927
河北工程大学,0.0555555555556,0.0555555555556,0.277777777778,0.235568196167,0.0235855712016,0.17870415319,0.0313394489611,-0.0568640429769,0.0920344765393
辽宁石油化工大学,0.1,0.1,0.7,0.155180239928,0.0498379652698,0.276833937097,0.0315541823051,0.121653697169,0.138315484936
贵州医科大学,0.0419708029197,0.207116788321,0.66697080292,0.127283582692,0.0218445155339,0.280208160359,0.0435507105741,0.152924577667,0.105391618225
贵州财经大学,-1,-1,-1,-1,-1,-1,-1,-1,-1
吉林财经大学,0.0625,0.3125,0.6875,0.131206847078,0.0263078446401,0.373751127237,0.0669744731306,0.242544280159,0.15701331389
内蒙古民族大学,0.0,0.36,0.88,0.0700622980616,0.00948086452951,0.366305607994,0.0306134864653,0.296243309932,0.0645204303974
天津外国语大学,0.0833333333333,0.0833333333333,0.916666666667,0.0890602526438,0.0221582298328,0.28515993469,0.0186079993136,0.196099682046,0.0579906553686
黑龙江科技大学,0.142857142857,0.0714285714286,0.5,0.209115349831,0.0386118420718,0.231150756478,0.0359781503496,0.0220354066467,0.120342278902
黑龙江八一农垦大学,-1,-1,-1,-1,-1,-1,-1,-1,-1
遵义医学院,0.0576576576577,0.192792792793,0.706306306306,0.127273312295,0.0264958190833,0.28680723296,0.0417032299075,0.159533920665,0.112864778758
安徽建筑大学,0.136363636364,0.272727272727,0.772727272727,0.129483461567,0.0390701834599,0.378308828572,0.0345077408347,0.248825367005,0.115908027182
辽宁医学院,0.0,0.0,0.0,0.391570427456,0.00220726463852,0.0458867524026,0.00155366723872,-0.345683675054,0.00621998619336
湖北中医药大学,-1,-1,-1,-1,-1,-1,-1,-1,-1
武汉轻工大学,-1,-1,-1,-1,-1,-1,-1,-1,-1
四川外国语大学,0.0698496905393,0.243147656941,0.705570291777,0.134426895281,0.02993902309,0.307754872899,0.04530031385,0.173327977618,0.126052648662
上海电力学院,0.0,0.555555555556,0.888888888889,0.04920467905,0.00567636919572,0.443482799881,0.0395572981245,0.394278120831,0.0672057242145
新乡医学院,0.0560344827586,0.200431034483,0.668103448276,0.147706440527,0.0268752455517,0.295758002411,0.0416626447535,0.148051561885,0.117893713464
安徽中医药大学,0.0833333333333,0.125,0.75,0.143797455647,0.0254971429969,0.293828094768,0.0311045807873,0.150030639121,0.0933478113526
河南科技学院,0.041910331384,0.250487329435,0.767056530214,0.106830697253,0.0207272276925,0.32788547172,0.0413704706962,0.221054774466,0.10116601166
淮北师范大学,0.0,0.0,0.75,0.115156191553,0.0112328984494,0.309825676654,0.0134905429231,0.194669485102,0.0485110291446
大连民族大学,0.0,0.03125,0.96875,0.0888383650582,0.00621952638034,0.266753027769,0.0150589834781,0.177914662711,0.0313909810382
大连海洋大学,0.111111111111,0.111111111111,0.777777777778,0.0992117519247,0.0154652453736,0.272212466263,0.0198876161694,0.173000714338,0.0462959424944
延安大学,0.0350194552529,0.128404669261,0.640077821012,0.125588783197,0.020679001643,0.244472090348,0.0346090844981,0.118883307151,0.090711723492
海南师范大学,0.047619047619,0.230158730159,0.746031746032,0.114728591898,0.0244954167919,0.321670198038,0.0436289462106,0.20694160614,0.11363696772
洛阳师范学院,-1,-1,-1,-1,-1,-1,-1,-1,-1
青海民族大学,-1,-1,-1,-1,-1,-1,-1,-1,-1
江西科技师范大学,0.0688311688312,0.275324675325,0.724675324675,0.136424059645,0.0298634908841,0.338205525456,0.0509385104013,0.201781465811,0.138581558743
绍兴文理学院,0.0322580645161,0.258064516129,0.806451612903,0.117762739266,0.0244241630572,0.312331019142,0.0399934971404,0.194568279876,0.103118062992
西南林业大学,0.0347222222222,0.201388888889,0.673611111111,0.125106402108,0.0188808999448,0.267845189338,0.0446039099963,0.14273878723,0.10266402368
安徽工程大学,0.0284280936455,0.3127090301,0.814381270903,0.0942594614581,0.0162600415251,0.370419346316,0.0418960149974,0.276159884858,0.092210663384
广西师范学院,0.0909090909091,0.181818181818,0.636363636364,0.135091559652,0.0206551553548,0.280582100605,0.0452777035863,0.145490540953,0.106246808901
内蒙古医科大学,0.0526315789474,0.188747731397,0.624319419238,0.143439550919,0.0247488670064,0.261720746783,0.0442040193134,0.118281195864,0.115185519721
西安财经学院,-1,-1,-1,-1,-1,-1,-1,-1,-1
天津职业技术师范大学,0.2,0.133333333333,0.533333333333,0.199266217605,0.0330707324315,0.277661631242,0.0268449838813,0.078395413637,0.107102370338
北京服装学院,0.0,0.25,0.875,0.0431242721825,0.00571421595392,0.366614706584,0.029003103952,0.323490434401,0.0532005787265
浙江传媒学院,0.0,0.538461538462,1.0,0.0333697878712,0.00334618018094,0.508222432085,0.0468099374886,0.474852644214,0.0656669144867
广东金融学院,-1,-1,-1,-1,-1,-1,-1,-1,-1
青海师范大学,0.0164271047228,0.186858316222,0.798767967146,0.0896046368765,0.0131514234898,0.307711917945,0.0348815222718,0.218107281068,0.0748569608158
南京审计学院,0.0588235294118,0.0588235294118,0.617647058824,0.136457642508,0.0210168382481,0.215330751856,0.0293738195706,0.0788731093481,0.0819224560299
浙江科技学院,0.0,0.222222222222,0.944444444444,0.0421426365537,0.00413080844152,0.368773212983,0.026762848301,0.32663057643,0.0411487647037
湖州师范学院,0.4,0.1,0.2,0.336887479459,0.0473696055337,0.112020355104,0.0229706746473,-0.224867124355,0.114674981263
广西中医药大学,-1,-1,-1,-1,-1,-1,-1,-1,-1
重庆科技学院,-1,-1,-1,-1,-1,-1,-1,-1,-1
沈阳大学,0.0769230769231,0.153846153846,0.615384615385,0.163110611124,0.0401663749281,0.287838920552,0.0583435214791,0.124728309428,0.16437103621
新疆财经大学,-1,-1,-1,-1,-1,-1,-1,-1,-1
赣南师范学院,-1,-1,-1,-1,-1,-1,-1,-1,-1
中国刑事警察学院,0.03125,0.0555555555556,0.336805555556,0.206518198095,0.0220571722133,0.130283265353,0.0232977058356,-0.0762349327417,0.0738508119692
泰山医学院,0.0745233968804,0.19410745234,0.597920277296,0.172694878584,0.0312557638797,0.255717891674,0.0464439613242,0.0830230130902,0.134456346339
长春师范大学,0.0,0.4,0.9,0.0995867120094,0.0148844908282,0.391361445625,0.0479965271773,0.291774733616,0.0931016122269
中国青年政治学院,0.0,0.157894736842,0.578947368421,0.146825154978,0.0209992226184,0.240650736544,0.0443875234026,0.0938255815663,0.11565854078
安庆师范学院,0.1875,0.375,0.8125,0.115169853555,0.0346899719481,0.46089492543,0.0520375988192,0.345725071875,0.141605612526
四川理工学院,0.0742778541953,0.268225584594,0.731774415406,0.127324429446,0.0283149159294,0.337543132766,0.0467959788274,0.21021870332,0.125619477019
重庆文理学院,-1,-1,-1,-1,-1,-1,-1,-1,-1
四川医科大学,-1,-1,-1,-1,-1,-1,-1,-1,-1
江汉大学,0.0317258883249,0.312182741117,0.831218274112,0.0847215493484,0.0185760988843,0.371080832529,0.043272923222,0.286359283181,0.097299903564
石家庄经济学院,0.0231548480463,0.211287988423,0.785817655572,0.0871744820034,0.0152634953276,0.320322089054,0.0385740324597,0.233147607051,0.0834572370207
辽宁工业大学,0.1,0.3,0.6,0.123353733764,0.0315297831484,0.288939308179,0.058066755218,0.165585574416,0.145562383028
贵州民族大学,-1,-1,-1,-1,-1,-1,-1,-1,-1
湖南商学院,0.0305676855895,0.237263464338,0.759825327511,0.101508716041,0.0172963944638,0.337651080074,0.0408946326465,0.236142364033,0.0943426094144
广西科技大学,-1,-1,-1,-1,-1,-1,-1,-1,-1
福建工程学院,0.0833333333333,0.166666666667,0.75,0.115272017183,0.0239717392722,0.313914419647,0.0387687626453,0.198642402464,0.0993109482918
山东工商学院,-1,-1,-1,-1,-1,-1,-1,-1,-1
潍坊医学院,-1,-1,-1,-1,-1,-1,-1,-1,-1
北方民族大学,-1,-1,-1,-1,-1,-1,-1,-1,-1
北京印刷学院,0.0,0.2,0.7,0.124300746754,0.0319876156199,0.355163705531,0.0626331902044,0.230862958777,0.163928571601
成都体育学院,-1,-1,-1,-1,-1,-1,-1,-1,-1
陕西理工学院,-1,-1,-1,-1,-1,-1,-1,-1,-1
长春大学,0.0,0.0909090909091,0.909090909091,0.0863896337344,0.00549155444267,0.317050024554,0.0145082927255,0.230660390819,0.0252134643755
闽南师范大学,0.05,0.65,0.85,0.0670860663232,0.0171775856521,0.515312709929,0.037738542337,0.448226643605,0.0927649465065
湖北师范学院,0.00794044665012,0.307196029777,0.879900744417,0.0557480260673,0.00899505926904,0.393137598757,0.0371909312645,0.33738957269,0.0685606849104
嘉兴学院,0.0384615384615,0.384615384615,0.769230769231,0.113427980177,0.0272380085824,0.379806888094,0.0365882205197,0.266378907916,0.114196184667
天津体育学院,-1,-1,-1,-1,-1,-1,-1,-1,-1
盐城工学院,0.0474820143885,0.194244604317,0.730935251799,0.111796529713,0.0208078840372,0.294994815149,0.0398058280609,0.183198285437,0.0977129517057
湖北民族学院,-1,-1,-1,-1,-1,-1,-1,-1,-1
长春中医药大学,0.046908315565,0.134328358209,0.620469083156,0.155281119526,0.0233432953329,0.251136537395,0.0363190358312,0.0958554178699,0.0984816932323
淮阴师范学院,0.0,0.214285714286,1.0,0.0638318435063,0.00515476492034,0.381216954793,0.0218759512457,0.317385111287,0.0376667257136
兰州财经大学,0.0483460559796,0.174936386768,0.58524173028,0.155317377701,0.0222358159884,0.251389315733,0.0407887656342,0.0960719380317,0.104476335941
临沂大学,-1,-1,-1,-1,-1,-1,-1,-1,-1
郑州航空工业管理学院,0.0717299578059,0.20253164557,0.621659634318,0.155926520988,0.0313191560664,0.278730651073,0.0486223264017,0.122804130085,0.133158406504
武汉体育学院,-1,-1,-1,-1,-1,-1,-1,-1,-1
广东技术师范学院,0.03125,0.201388888889,0.739583333333,0.111507929486,0.0216840364412,0.307566578342,0.0404023643332,0.196058648857,0.103950719032
五邑大学,0.0202507232401,0.25843780135,0.840887174542,0.0727616837656,0.0144305929074,0.366336437757,0.0368367841544,0.293574753991,0.0801631885844
上海第二工业大学,0.0509554140127,0.261146496815,0.738853503185,0.132075887113,0.0239502170697,0.320800006255,0.0395399485516,0.188724119142,0.102910609445
浙江万里学院,0.0,0.272727272727,0.363636363636,0.235196596489,0.026330188656,0.217697292499,0.0503054759698,-0.0174993039899,0.148834928022
淮海工学院,0.0387016229713,0.205992509363,0.767790262172,0.104594211885,0.0211504267655,0.305564366297,0.0374248617223,0.200970154412,0.0937789464971
首都体育学院,0.04,0.24,0.68,0.109947189739,0.0168854767715,0.301949543544,0.0443513236029,0.192002353805,0.0987737935183
厦门理工学院,0.0588235294118,0.352941176471,0.764705882353,0.0973427929151,0.0273035031051,0.39588006689,0.0514149982599,0.298537273975,0.140079742814
北京农学院,0.0,0.1,0.6,0.138139830605,0.0108949596758,0.263234419534,0.032313233656,0.125094588929,0.075866487773
湖南文理学院,0.051968503937,0.272440944882,0.809448818898,0.0934466799664,0.0216588045478,0.347492559214,0.03959958566,0.254045879247,0.0986297570856
韶关学院,0.0200250312891,0.389236545682,0.871088861076,0.08026883779,0.014129435517,0.4182599355,0.0415866403644,0.33799109771,0.088690255506
湖南理工学院,-1,-1,-1,-1,-1,-1,-1,-1,-1
内蒙古财经大学,0.0,0.0,0.466666666667,0.179625171682,0.0138350782712,0.179814263016,0.0124060262259,0.000189091333622,0.0448969686034
上海立信会计学院,0.0689655172414,0.206896551724,0.51724137931,0.192800921507,0.0390950274863,0.238237552539,0.053347273649,0.0454366310322,0.168454047019
安阳师范学院,0.0155195681511,0.427800269906,0.912955465587,0.0567837296333,0.0112768923865,0.44667332118,0.0359142278634,0.389889591547,0.0718122555016
天津城建大学,0.0,0.0,0.0,0.393506976838,0.00402042699767,0.00810053449336,0.00103388710843,-0.385406442345,0.00550492735193
河北科技师范学院,0.05,0.1,0.7,0.167576988013,0.025034416408,0.230207420902,0.023379096351,0.0626304328887,0.0760387422714
济宁医学院,-1,-1,-1,-1,-1,-1,-1,-1,-1
南阳师范学院,0.0315789473684,0.294736842105,0.782456140351,0.0999882107744,0.0178098971287,0.354170965447,0.0450912613149,0.254182754672,0.102942295502
江苏理工学院,0.0,0.25,0.7,0.121524486273,0.0163715666584,0.307583265707,0.0462886318913,0.186058779434,0.103370851371
西藏民族大学,0.0451361867704,0.166536964981,0.771206225681,0.100303997453,0.0194355691226,0.267559669725,0.0344685190771,0.167255672272,0.080832238375
北京物资学院,0.0236686390533,0.230769230769,0.751479289941,0.108745943648,0.0151301186668,0.307559443047,0.0396385389789,0.198813499399,0.0873612012887
佛山科学技术学院,-1,-1,-1,-1,-1,-1,-1,-1,-1
湖南工程学院,0.0452261306533,0.233668341709,0.721105527638,0.125220709708,0.0259290561234,0.31543363149,0.0468180096742,0.190212921783,0.124357044603
皖南医学院,0.0606060606061,0.217630853994,0.707988980716,0.135413984814,0.0311489277462,0.303711772359,0.0438768815643,0.168297787546,0.129174385094
盐城师范学院,0.0,0.1,0.666666666667,0.113410697453,0.0104205880895,0.260830376475,0.0249789169143,0.147419679021,0.0582365514762
滨州医学院,-1,-1,-1,-1,-1,-1,-1,-1,-1
北京石油化工学院,0.0833333333333,0.416666666667,0.75,0.111211447648,0.0261492109585,0.371838840998,0.0657128542656,0.260627393351,0.140642481183
肇庆学院,0.0437062937063,0.302447552448,0.804195804196,0.0969503229162,0.0210434791632,0.358502129805,0.0429649646029,0.261551806888,0.104115777941
合肥学院,0.0,0.615384615385,0.923076923077,0.0503026404118,0.00434055392669,0.47530838819,0.0172513173064,0.425005747778,0.0369606818522
淮阴工学院,0.0740740740741,0.148148148148,0.666666666667,0.143970229501,0.0333929691416,0.244690518081,0.0284716443156,0.100720288579,0.0989822840774
闽江学院,0.0294695481336,0.263916175508,0.818598559267,0.0799338498093,0.0183593222048,0.355466122623,0.0410191159305,0.275532272814,0.093939574389
南昌工程学院,-1,-1,-1,-1,-1,-1,-1,-1,-1
商丘师范学院,-1,-1,-1,-1,-1,-1,-1,-1,-1
川北医学院,-1,-1,-1,-1,-1,-1,-1,-1,-1
大理大学,0.030612244898,0.295918367347,0.785714285714,0.12010402052,0.0178053525039,0.353717906971,0.0406586751196,0.233613886451,0.0907618883489
阜阳师范学院,0.0487804878049,0.40204563336,0.783634933124,0.106735422804,0.0222983086635,0.392979109478,0.049922975472,0.286243686673,0.120880108462
湖北经济学院,0.0325379609544,0.326464208243,0.866594360087,0.0650631378761,0.0179780014141,0.402836077866,0.0400056933149,0.33777293999,0.0949202228632
德州学院,0.0482398956975,0.110821382008,0.692307692308,0.134344266973,0.0237522784393,0.248616883739,0.0306209288066,0.114272616766,0.090328245438
金陵科技学院,0.0,0.0,0.777777777778,0.110320635175,0.00313214010065,0.202728889809,0.0103419014019,0.0924082546347,0.0171929024577
上海政法学院,0.0,0.047619047619,0.666666666667,0.126341994457,0.0167143595085,0.224462935757,0.0253580530035,0.0981209413006,0.0758481879482
徐州工程学院,0.0666666666667,0.133333333333,0.533333333333,0.218073361763,0.0318012588864,0.20017664148,0.0359723801381,-0.0178967202829,0.117525631419
山西大同大学,0.2,0.15,0.35,0.276567436126,0.0443099032119,0.192360612459,0.0431684659129,-0.0842068236669,0.151969848173
衡阳师范学院,0.0376647834275,0.276836158192,0.709981167608,0.106861158978,0.0229233968436,0.33581909679,0.0516914627122,0.228957937812,0.122342838952
井冈山大学,0.0214698596201,0.37985136251,0.881090008258,0.0723562978767,0.0129612361932,0.410365351327,0.0354838354515,0.338009053451,0.0759370547962
九江学院,-1,-1,-1,-1,-1,-1,-1,-1,-1
蚌埠医学院,0.0,0.142857142857,0.571428571429,0.139888941076,0.00744644842443,0.233188358805,0.0254763675737,0.0932994177282,0.0521267556438
南阳理工学院,0.0212150433944,0.274831243973,0.881388621022,0.0711526136472,0.0147899154113,0.385067657872,0.0387283106924,0.313915044225,0.0826888399995
浙江水利水电学院,0.0504731861199,0.107255520505,0.757097791798,0.110078057103,0.020248124907,0.26249968605,0.0289275541007,0.152421628948,0.0779328932946
湖南城市学院,-1,-1,-1,-1,-1,-1,-1,-1,-1
中国民用航空飞行学院,-1,-1,-1,-1,-1,-1,-1,-1,-1
沈阳工程学院,0.0,0.166666666667,0.916666666667,0.0904327029681,0.0102109329721,0.253556525197,0.0285518702951,0.163123822229,0.050183421177
黑龙江工程学院,0.133333333333,0.133333333333,0.533333333333,0.182376318886,0.0315584626524,0.239497604924,0.0373294132157,0.0571212860375,0.118771388383
黄冈师范学院,-1,-1,-1,-1,-1,-1,-1,-1,-1
广西财经学院,0.0418848167539,0.282722513089,0.751308900524,0.0998103374107,0.021920464881,0.341836839297,0.0502467105088,0.242026501886,0.116253251428
宁波工程学院,0.0344827586207,0.51724137931,0.896551724138,0.0758813956511,0.014599607231,0.435040612444,0.0465276021344,0.359159216793,0.0908474448688
塔里木大学,-1,-1,-1,-1,-1,-1,-1,-1,-1
常熟理工学院,0.105263157895,0.0,0.631578947368,0.138619132612,0.027972213935,0.214603419133,0.0141969719265,0.0759842865212,0.0714747833024
岭南师范学院,0.0110091743119,0.271559633028,0.887155963303,0.0529491732797,0.0100529637738,0.378756716329,0.0365239171019,0.325807543049,0.0696005868371
台州学院,0.0586206896552,0.153448275862,0.68275862069,0.137244348445,0.025184352565,0.271460273537,0.0322594896938,0.134215925092,0.0947925459931
乐山师范学院,0.013611615245,0.512704174229,0.915607985481,0.0475120620348,0.00915571610025,0.479403731042,0.0425098001039,0.431891669007,0.0759764128877
安徽科技学院,0.0,0.1875,0.875,0.101113714764,0.00907834300013,0.317731799576,0.02311206091,0.216618084812,0.0512301361959
邵阳学院,-1,-1,-1,-1,-1,-1,-1,-1,-1
成都学院,0.0405156537753,0.29650092081,0.804174340086,0.0876061313598,0.0220554861043,0.354643955018,0.0458868977856,0.267037823658,0.110804858626
贵阳中医学院,0.0896,0.2704,0.6816,0.159380397236,0.0348395422826,0.313712486386,0.0458006349047,0.15433208915,0.138312751347
东莞理工学院,0.0888324873096,0.147208121827,0.609137055838,0.182489387062,0.0356122967275,0.265315374767,0.0395124759163,0.082825987705,0.131423364039
潍坊学院,0.0447488584475,0.246575342466,0.837442922374,0.095406836977,0.0203035480104,0.34214971487,0.0342267442215,0.246742877893,0.087080966916
中国劳动关系学院,0.0625,0.25,0.75,0.147520797895,0.035668209325,0.339827666821,0.0362337531975,0.192306868926,0.118388480959
上海商学院,0.0,0.219512195122,0.829268292683,0.0797622094118,0.0097210687472,0.360593358448,0.0313400263136,0.280831149036,0.0651397321402
宝鸡文理学院,0.0244798041616,0.272949816401,0.722154222766,0.113318546108,0.0214210355341,0.327406992103,0.0495166707212,0.214088445995,0.119871275872
河北北方学院,0.0,0.227272727273,0.909090909091,0.0726232718395,0.0162846241647,0.384824679434,0.0157493318037,0.312201407595,0.0559988156133
海南医学院,-1,-1,-1,-1,-1,-1,-1,-1,-1
华北科技学院,0.0384615384615,0.0769230769231,0.653846153846,0.155158839714,0.0223928532086,0.224750155793,0.0312647820467,0.0695913160789,0.0862116908797
国际关系学院,0.0,0.157894736842,0.210526315789,0.318426118051,0.0277065502127,0.117787896595,0.0515509493041,-0.200638221457,0.151018037573
河北金融学院,0.0833333333333,0.416666666667,0.833333333333,0.100201543764,0.0402309083329,0.39106467732,0.040095640798,0.290863133556,0.146756086702
云南中医学院,-1,-1,-1,-1,-1,-1,-1,-1,-1
仲恺农业工程学院,0.0591397849462,0.311827956989,0.758064516129,0.111214288756,0.0192708656893,0.357349982964,0.0429779565926,0.246135694208,0.101939112059
上海金融学院,0.105263157895,0.184210526316,0.578947368421,0.177428821565,0.0300542913625,0.242787283082,0.03805581618,0.0653584615174,0.118204510689
许昌学院,0.0251188051595,0.235573659199,0.881194840462,0.0607189324534,0.014022953926,0.364375672151,0.0316768411877,0.303656739698,0.0702405095842
吉林化工学院,0.0769230769231,0.0,0.538461538462,0.178082142463,0.014585181732,0.155653748828,0.0105052653848,-0.0224283936346,0.0350532273228
南京体育学院,0.0526315789474,0.105263157895,0.736842105263,0.0964202709035,0.0185565260157,0.254074045913,0.0271039016079,0.157653775009,0.0730420512831
湖北科技学院,-1,-1,-1,-1,-1,-1,-1,-1,-1
右江民族医学院,-1,-1,-1,-1,-1,-1,-1,-1,-1
长江师范学院,0.0316868592731,0.308480894688,0.825722273998,0.0864409194382,0.0166162807237,0.364094104848,0.0424471058726,0.27765318541,0.0938899281796
伊犁师范学院,0.0115131578947,0.228618421053,0.856907894737,0.0713751767885,0.0100934071388,0.348559803525,0.0293824875191,0.277184626736,0.0594618636824
北京电子科技学院,0.0769230769231,0.192307692308,0.5,0.171536213214,0.0265722916063,0.208916427412,0.0374627255209,0.0373802141985,0.101419004127
吉林建筑大学,0.0846354166667,0.196614583333,0.576822916667,0.18380860448,0.0300466840687,0.265477723858,0.0410418151565,0.081669119378,0.117668100454
泉州师范学院,0.0588235294118,0.176470588235,0.764705882353,0.0840896455251,0.0170485540427,0.322433730933,0.0394860870051,0.238344085408,0.0936939204722
长治医学院,0.0,0.1,0.6,0.106977033987,0.00915300020294,0.247325250133,0.0353550588698,0.140348216146,0.0659869589698
山东交通学院,-1,-1,-1,-1,-1,-1,-1,-1,-1
长春工程学院,0.0463215258856,0.117166212534,0.727520435967,0.11932792138,0.0220333605914,0.261082936844,0.0280343699671,0.141755015465,0.0823332724677
滨州学院,-1,-1,-1,-1,-1,-1,-1,-1,-1
上海电机学院,0.0714285714286,0.285714285714,0.678571428571,0.113822371799,0.0214392240173,0.325276069847,0.051110951366,0.211453698048,0.121138763656
哈尔滨体育学院,0.04,0.08,0.4,0.216517988787,0.0254604679995,0.169875126576,0.0313763488744,-0.0466428622111,0.0932095662133
江苏警官学院,0.0298013245033,0.132450331126,0.716887417219,0.123185945977,0.0175054962659,0.261946078432,0.0303288917846,0.138760132455,0.0762209246712
甘肃中医药大学,0.0197075651621,0.246026700572,0.776223776224,0.105792195307,0.0148740031575,0.337678105844,0.0370089398007,0.231885910536,0.0843096869472
西安体育学院,0.0648918469218,0.154742096506,0.584026622296,0.176224162803,0.0321452830676,0.244817236544,0.0438160981898,0.0685930737408,0.132677549624
牡丹江师范学院,0.0322580645161,0.120967741935,0.75,0.109978802459,0.0176534478764,0.266080756932,0.0291514075796,0.156101954473,0.0726169300263
湖北医药学院,0.0157232704403,0.231132075472,0.798742138365,0.0837737272939,0.0140895332397,0.336957153664,0.0366783826922,0.253183426371,0.0801472064011
桂林医学院,-1,-1,-1,-1,-1,-1,-1,-1,-1
韩山师范学院,-1,-1,-1,-1,-1,-1,-1,-1,-1
陕西中医药大学,-1,-1,-1,-1,-1,-1,-1,-1,-1
洛阳理工学院,-1,-1,-1,-1,-1,-1,-1,-1,-1
嘉应学院,-1,-1,-1,-1,-1,-1,-1,-1,-1
防灾科技学院,0.125,0.25,0.75,0.141142666922,0.0292134827643,0.313947923805,0.0348653501377,0.172805256882,0.11242855998
甘肃政法学院,0.0354330708661,0.216535433071,0.777559055118,0.09751410066,0.0190929011155,0.318263453471,0.0364325506403,0.220749352811,0.0898091267688
重庆三峡学院,-1,-1,-1,-1,-1,-1,-1,-1,-1
阿坝师范学院,-1,-1,-1,-1,-1,-1,-1,-1,-1
天津农学院,0.0,0.125,0.5625,0.165763131007,0.00863841673266,0.259451628953,0.0316043286467,0.0936884979462,0.0640225842126
唐山师范学院,0.0,0.0909090909091,0.727272727273,0.116289995143,0.0235981643775,0.272437621083,0.0175072358278,0.156147625939,0.0756941744214
合肥师范学院,0.0857142857143,0.0571428571429,0.571428571429,0.198328044533,0.0187256744211,0.214761620662,0.0204185665733,0.0164335761292,0.0593534384267
湖南科技学院,-1,-1,-1,-1,-1,-1,-1,-1,-1
广东石油化工学院,0.00369003690037,0.269372693727,0.778597785978,0.0784486600003,0.011996579675,0.346919341856,0.0462725471884,0.268470681855,0.0905719352489
黄山学院,0.0,0.25,0.916666666667,0.0364631551995,0.00507008529471,0.370907699446,0.0403625808501,0.334444544246,0.0639826485823
河南城建学院,-1,-1,-1,-1,-1,-1,-1,-1,-1
宜春学院,-1,-1,-1,-1,-1,-1,-1,-1,-1
曲靖师范学院,0.00867678958785,0.119305856833,0.731019522777,0.103304467372,0.01179748868,0.256410622932,0.0283977658658,0.15310615556,0.0607165470761
黑龙江工业学院,0.0,0.0833333333333,0.583333333333,0.118544227087,0.0156729144306,0.243031986977,0.0321929057113,0.12448775989,0.0800266911202
湖南人文科技学院,-1,-1,-1,-1,-1,-1,-1,-1,-1
成都医学院,-1,-1,-1,-1,-1,-1,-1,-1,-1
运城学院,0.0315480557594,0.281731474688,0.817314746882,0.0866753634694,0.0168296552635,0.347223528609,0.0405321773513,0.26054816514,0.0893957100798
承德医学院,0.0404858299595,0.204453441296,0.672064777328,0.131493475487,0.0204631077519,0.289914386123,0.0372637187058,0.158420910636,0.0942867578677
玉林师范学院,-1,-1,-1,-1,-1,-1,-1,-1,-1
沈阳体育学院,0.0315533980583,0.155339805825,0.728155339806,0.116779847775,0.0159780349575,0.268521669989,0.0328653227866,0.151741822214,0.0750415318007
贵州理工学院,-1,-1,-1,-1,-1,-1,-1,-1,-1
湖北文理学院,0.0287206266319,0.220626631854,0.791122715405,0.0926423960382,0.0177299094989,0.312832637576,0.0406504185141,0.220190241538,0.0913196697307
楚雄师范学院,0.0121951219512,0.0731707317073,0.768292682927,0.0935583028476,0.0104166445167,0.257610913351,0.0258853492632,0.164052610503,0.0551360465075
白城师范学院,0.0625,0.1875,0.875,0.0928487550799,0.0143302055507,0.306282665052,0.0290417101898,0.213433909973,0.0675699159084
渭南师范学院,-1,-1,-1,-1,-1,-1,-1,-1,-1
广州体育学院,0.0490196078431,0.137254901961,0.647058823529,0.133035775653,0.0168614663434,0.24735143793,0.0298434510344,0.114315662277,0.0726948911123
桂林旅游学院,0.033918128655,0.313450292398,0.886549707602,0.0672343792142,0.0137474830914,0.368614192513,0.0393137083327,0.301379813299,0.0779436919111
泰山学院,-1,-1,-1,-1,-1,-1,-1,-1,-1
湖北汽车工业学院,0.0184757505774,0.187066974596,0.810623556582,0.0870540393439,0.0137323405894,0.305882392755,0.033758424592,0.218828353411,0.0712734515023
南京晓庄学院,0.03125,0.14453125,0.813802083333,0.0910303153873,0.017492412684,0.296212660962,0.0317918289341,0.205182345575,0.0773462806215
太原师范学院,0.25,0.25,0.5,0.318546494874,0.0555931945673,0.228189378728,0.0284545624459,-0.090357116146,0.142443624999
惠州学院,-1,-1,-1,-1,-1,-1,-1,-1,-1
琼州学院,0.0117924528302,0.247641509434,0.853773584906,0.0717811464942,0.0124410628535,0.361511214548,0.0329094621179,0.289730068054,0.073496353839
中国人民武装警察部队学院,-1,-1,-1,-1,-1,-1,-1,-1,-1
新疆工程学院,0.00471698113208,0.127358490566,0.75,0.0877077384318,0.0108743151825,0.269514660667,0.0306737427654,0.181806922235,0.0621076968272
中华女子学院,0.0,0.315789473684,0.947368421053,0.0523834416316,0.00455246349918,0.39537543964,0.0372388169649,0.342991998008,0.0543567824764
常州工学院,0.0666666666667,0.266666666667,0.866666666667,0.0714556937864,0.0166082014758,0.360705026212,0.0358305045019,0.289249332425,0.0764410955476
喀什大学,0.0238663484487,0.229116945107,0.696897374702,0.108178270792,0.0148151866233,0.290720611123,0.0404430043752,0.182542340331,0.0867189427592
淮南师范学院,0.0666666666667,0.333333333333,0.666666666667,0.153415226575,0.0352640045745,0.310882753568,0.0573563197643,0.157467526992,0.154489765565
哈尔滨金融学院,0.0,0.3,1.0,0.0469097410064,0.00469516067359,0.399028373803,0.0180914920897,0.352118632796,0.036458154267
沈阳医学院,0.0,0.285714285714,1.0,0.0192136338114,0.000210024800118,0.39874297791,0.0189953661882,0.379529344098,0.0223826204226
绥化学院,0.0740740740741,0.0740740740741,0.888888888889,0.101143827801,0.0277462159859,0.260935058297,0.0180316998048,0.159791230496,0.0714173361333
皖西学院,0.0,0.333333333333,0.833333333333,0.116657104301,0.0169461937527,0.347348470614,0.0254207488316,0.230691366313,0.0563440710125
莆田学院,0.0,0.357142857143,0.857142857143,0.0651287185795,0.0123241571667,0.400384691931,0.0442800876465,0.335255973351,0.0861362721656
怀化学院,0.0286975717439,0.315673289183,0.845474613687,0.0759778432932,0.0161749570389,0.386827110431,0.0493246965561,0.310849267138,0.0996327277688
上海海关学院,0.0625,0.0,0.25,0.26447548402,0.0196944417429,0.129922486812,0.0197670653009,-0.134552997208,0.069829039773
湖北工程学院,0.0218037661051,0.282457879088,0.81367690783,0.0886700533128,0.0156001044744,0.351272591457,0.0410752306728,0.262602538144,0.0881261203794
忻州师范学院,0.0203125,0.3,0.85625,0.0899807151947,0.012721203627,0.379861941807,0.0317229917478,0.289881226612,0.0694748091803
攀枝花学院,0.0173228346457,0.229921259843,0.812598425197,0.0850456375143,0.0145956584745,0.334406205919,0.035059815239,0.249360568405,0.0776019484701
鞍山师范学院,0.0,0.0555555555556,0.611111111111,0.149746017839,0.0120029647512,0.222360444206,0.015009725936,0.0726144263679,0.0409150532701
周口师范学院,-1,-1,-1,-1,-1,-1,-1,-1,-1
北华航天工业学院,0.142857142857,0.285714285714,0.571428571429,0.157447107067,0.0341547110921,0.296616083153,0.0356828854502,0.139168976086,0.118327228866
丽水学院,0.12,0.28,0.8,0.129425797376,0.0437497780441,0.374448893114,0.0503355913918,0.245023095738,0.160912467212
宜宾学院,0.0389784946237,0.174731182796,0.717741935484,0.117790658608,0.0217826809626,0.281998490486,0.0386908402719,0.164207831877,0.0985943620258
安阳工学院,-1,-1,-1,-1,-1,-1,-1,-1,-1
牡丹江医学院,-1,-1,-1,-1,-1,-1,-1,-1,-1
河西学院,-1,-1,-1,-1,-1,-1,-1,-1,-1
兰州文理学院,-1,-1,-1,-1,-1,-1,-1,-1,-1
河北建筑工程学院,0.153846153846,0.307692307692,0.769230769231,0.173371419936,0.0401273881035,0.314188492781,0.0403910435517,0.140817072845,0.133425052145
成都工业学院,-1,-1,-1,-1,-1,-1,-1,-1,-1
湖北理工学院,0.0384615384615,0.180288461538,0.795673076923,0.0965486280628,0.0172576879441,0.317101800046,0.0339921731386,0.220553171983,0.0823649521442
三明学院,0.0,0.0,0.6,0.125508899016,0.0108680349595,0.268166717349,0.014004328874,0.142657818333,0.0417469777624
玉溪师范学院,0.0171673819742,0.184549356223,0.789699570815,0.100745669731,0.0136243910011,0.307986128635,0.0294383376931,0.207240458904,0.0682796719782
内江师范学院,0.0,0.412698412698,0.873015873016,0.0601605498052,0.0107411520282,0.427193181909,0.0279894391086,0.367032632104,0.0643213494329
湘南学院,-1,-1,-1,-1,-1,-1,-1,-1,-1
长沙学院,-1,-1,-1,-1,-1,-1,-1,-1,-1
西藏藏医学院,0.0,0.0481927710843,0.686746987952,0.102147277019,0.00943888970407,0.196110788285,0.0182577261861,0.0939635112657,0.041475175345
山东青年政治学院,-1,-1,-1,-1,-1,-1,-1,-1,-1
天水师范学院,0.029702970297,0.182178217822,0.758415841584,0.114536781421,0.0162815095173,0.299685087997,0.0330563395222,0.185148306575,0.0789654336989
太原学院,0.0169286577993,0.214026602177,0.873035066505,0.0572496648913,0.0102480591517,0.329100050666,0.0336846292963,0.271850385775,0.0633449932176
信阳农林学院,-1,-1,-1,-1,-1,-1,-1,-1,-1
咸阳师范学院,0.0387596899225,0.178294573643,0.658914728682,0.139370917149,0.0238121429826,0.266030791052,0.0376921967174,0.126659873903,0.102522353494
辽东学院,0.0,0.2,0.8,0.0920494864664,0.0105220087939,0.372408759324,0.0327361785791,0.280359272858,0.0691211459702
山东体育学院,-1,-1,-1,-1,-1,-1,-1,-1,-1
绵阳师范学院,0.020618556701,0.329896907216,0.861855670103,0.0679170843291,0.0119926739507,0.374087820735,0.0412721850611,0.306170736406,0.0789068694486
吉林工商学院,0.0,0.4,0.6,0.157761882087,0.0154846973558,0.412855104651,0.0733537093704,0.255093222563,0.154383356725
衢州学院,0.0,0.357142857143,0.892857142857,0.0603338536053,0.00811191305221,0.354491558224,0.0268831833314,0.294157704619,0.0495726092753
甘肃民族师范学院,-1,-1,-1,-1,-1,-1,-1,-1,-1
哈尔滨学院,0.0,0.0625,0.875,0.0804627856238,0.00788846639426,0.283506325812,0.0259627525187,0.203043540188,0.0558511382736
滁州学院,0.0,0.133333333333,0.933333333333,0.0216923857795,0.00465788073858,0.358054150179,0.0149302709545,0.336361764399,0.0302760076514
湖南财政经济学院,0.0687830687831,0.227513227513,0.587301587302,0.163907220863,0.0316721746178,0.26129487591,0.0447297691248,0.0973876550464,0.127200309487
西安医学院,0.111111111111,0.206718346253,0.599483204134,0.175853739989,0.0423408419303,0.268361909709,0.0534545614566,0.0925081697204,0.168798430633
广西科技师范学院,0.0294117647059,0.147058823529,0.78431372549,0.100087562736,0.0154590523243,0.284047092012,0.0327479495922,0.183959529276,0.0751254958593
黑河学院,0.042492917847,0.318696883853,0.78328611898,0.115690974104,0.0181009572368,0.351500656031,0.0396971330289,0.235809681927,0.0918007292142
吉林体育学院,0.0511363636364,0.142045454545,0.653409090909,0.149933718662,0.0229853315189,0.264900734628,0.0327505537142,0.114967015966,0.0900545376882
河池学院,0.0777202072539,0.313471502591,0.818652849741,0.103209789778,0.0275374511835,0.353228068013,0.0428450308997,0.250018278235,0.114585337816
红河学院,-1,-1,-1,-1,-1,-1,-1,-1,-1
贵州师范学院,0.04,0.248,0.836,0.0803008257558,0.0198886209851,0.358102922852,0.0380551897863,0.277802097096,0.0913420916684
石家庄学院,0.0229691876751,0.179271708683,0.847619047619,0.0759986372107,0.0159942072082,0.339617829685,0.0317055239709,0.263619192474,0.0766959281377
长治学院,0.105263157895,0.210526315789,0.526315789474,0.194923284336,0.0237063174785,0.271054133103,0.0348832286129,0.0761308487674,0.100168347802
泰州学院,0.0,0.0,1.0,0.0516582886488,0.00199085457892,0.286465964523,0.00674639365265,0.234807675874,0.0076555327602
湖北第二师范学院,0.014272970562,0.187332738626,0.868867082962,0.0664420853973,0.0114771514961,0.341547542185,0.0311705364484,0.275105456788,0.0653118050267
河南工程学院,0.0401606425703,0.215528781794,0.793842034806,0.0969875516272,0.0193868489111,0.324549841344,0.03862089757,0.227562289717,0.092636578955
宁德师范学院,0.0129411764706,0.34,0.895294117647,0.0662194778903,0.00916270137431,0.398997049274,0.0360535294815,0.332777571384,0.0678688647737
安顺学院,0.0337423312883,0.168711656442,0.745398773006,0.10781451163,0.0164321663818,0.298182295567,0.0355096052032,0.190367783937,0.0808591221778
铜陵学院,0.0690909090909,0.327272727273,0.72,0.129267295747,0.0274700944298,0.338054444296,0.0523330660263,0.20878714855,0.131609830976
昌吉学院,0.0193236714976,0.236714975845,0.874396135266,0.0657213951817,0.0127202508286,0.340805357631,0.034209140479,0.275083962449,0.0694290642077
呼伦贝尔学院,0.0,0.2,0.9,0.0565548895165,0.00369075303588,0.379268953394,0.032796438152,0.322714063877,0.0506719114354
山东政法学院,-1,-1,-1,-1,-1,-1,-1,-1,-1
湖南工学院,-1,-1,-1,-1,-1,-1,-1,-1,-1
钦州学院,-1,-1,-1,-1,-1,-1,-1,-1,-1
吕梁学院,0.0,0.166666666667,0.888888888889,0.0722068093381,0.0083538877493,0.343275221781,0.0158894056707,0.271068412443,0.0392968962955
吉林工程技术师范学院,0.0,0.0555555555556,0.777777777778,0.125377683039,0.00318364991697,0.276409879403,0.0157981535888,0.151032196364,0.0203973578067
黔南民族师范学院,0.0364583333333,0.09375,0.583333333333,0.146530748347,0.0190917171285,0.215973830928,0.029796081533,0.0694430825815,0.0786523029373
齐齐哈尔医学院,0.230769230769,0.0384615384615,0.461538461538,0.246768313191,0.035577394606,0.206164798962,0.0234164798066,-0.0406035142292,0.094781072278
平顶山学院,0.0564663023679,0.276867030965,0.823315118397,0.0993861352569,0.0246437314703,0.349262279334,0.0385896105975,0.249876144078,0.102073670281
通化师范学院,0.0,0.0,0.714285714286,0.135492319219,0.00930265302048,0.168947078022,0.00949640167098,0.0334547588031,0.0334202012499
赤峰学院,-1,-1,-1,-1,-1,-1,-1,-1,-1
西安文理学院,0.0888888888889,0.122222222222,0.666666666667,0.145911645116,0.0293083320262,0.278191202281,0.0371924124104,0.132279557165,0.113369019273
山西中医学院,0.0666666666667,0.266666666667,0.466666666667,0.169696504116,0.0313619253817,0.276290820774,0.0549538700906,0.106594316658,0.149293436776
梧州学院,0.0896551724138,0.151724137931,0.720689655172,0.140664634876,0.0303766757958,0.269237649723,0.0329064782797,0.128573014847,0.104836367592
衡水学院,0.0769230769231,0.230769230769,0.615384615385,0.154362744343,0.0261239486639,0.256118146101,0.0396754405133,0.101755401758,0.0981358941439
廊坊师范学院,0.0,0.157894736842,0.736842105263,0.083086253011,0.0098766920257,0.270715298328,0.0401442988161,0.187629045317,0.0727379128893
西昌学院,0.0210280373832,0.221962616822,0.806074766355,0.0938980210549,0.0166198145263,0.325994889231,0.0356553041697,0.232096868176,0.0828454422693
福建江夏学院,0.0666666666667,0.266666666667,0.933333333333,0.0529439902311,0.0203019306584,0.396165593267,0.0355287474397,0.343221603036,0.0890301124547
桂林航天工业学院,-1,-1,-1,-1,-1,-1,-1,-1,-1
河南牧业经济学院,0.0462686567164,0.155970149254,0.623880597015,0.152226323099,0.0234890077797,0.247229112743,0.0373388602448,0.0950027896437,0.102140273583
唐山学院,0.08,0.16,0.68,0.131252734757,0.0298557881538,0.267277044964,0.0486170257326,0.136024310207,0.13017694156
荆楚理工学院,-1,-1,-1,-1,-1,-1,-1,-1,-1
河北体育学院,0.0,0.0,1.0,0.0656600537547,0.0034301196688,0.272338197317,0.00826461458802,0.206678143562,0.0180562563054
湖南第一师范学院,-1,-1,-1,-1,-1,-1,-1,-1,-1
巢湖学院,0.0,0.2,0.8,0.0983642647739,0.0146366577046,0.365295303772,0.0452938922953,0.266931038998,0.102425885299
赣南医学院,0.0333988212181,0.144400785855,0.795677799607,0.0843484123495,0.0165118294003,0.29160171687,0.0306817547921,0.20725330452,0.0737546408002
文山学院,0.021978021978,0.147252747253,0.793406593407,0.106456897324,0.014830101365,0.282023692805,0.0269987530399,0.175566795481,0.0656513687888
新乡学院,0.0328947368421,0.370394736842,0.882894736842,0.070363218274,0.0173621135478,0.421220367039,0.0402846731589,0.350857148765,0.0912774722944
滇西科技师范学院,0.0172413793103,0.189655172414,0.568965517241,0.155045135997,0.0136822038148,0.22931450752,0.0369804779754,0.0742693715236,0.0806982248785
广西民族师范学院,0.0629722921914,0.332493702771,0.697732997481,0.133247989183,0.0244372680432,0.334693179823,0.0525829825013,0.20144519064,0.127369076503
龙岩学院,0.0909090909091,0.272727272727,0.636363636364,0.17208762808,0.0340521083483,0.30896342145,0.0522920282145,0.136875793369,0.142093628866
邯郸学院,0.049896049896,0.174636174636,0.753638253638,0.112609565818,0.0225650013898,0.268182969858,0.0360089853365,0.15557340404,0.0905629161734
菏泽学院,0.0689655172414,0.190981432361,0.641909814324,0.168021922842,0.0268134091335,0.276268284977,0.0382016284232,0.108246362135,0.108963140145
黄淮学院,-1,-1,-1,-1,-1,-1,-1,-1,-1
甘肃医学院,0.0129032258065,0.0903225806452,0.477419354839,0.1597973565,0.012492346704,0.214448777757,0.0331238098869,0.0546514212573,0.073590967552
集宁师范学院,0.0161290322581,0.153225806452,0.758064516129,0.110680969007,0.0122821444463,0.287805553076,0.0338702514808,0.17712458407,0.070238084049
广州航海学院,0.00961538461538,0.153846153846,0.769230769231,0.089914536506,0.0119007017094,0.265228826492,0.0335176057358,0.175314289985,0.0676527630804
保定学院,0.272727272727,0.0909090909091,0.454545454545,0.274412205815,0.0467338383685,0.182899536576,0.0215137139808,-0.0915126692397,0.113023474527
宿州学院,0.136363636364,0.227272727273,0.590909090909,0.157654716183,0.0427324325569,0.271218769918,0.0487850407334,0.113564053735,0.152161485904
齐鲁师范学院,0.0280991735537,0.248760330579,0.837190082645,0.0743302323937,0.0137663390505,0.334972809673,0.0351742400613,0.260642577279,0.0754908915226
济宁学院,0.0481366459627,0.180124223602,0.664596273292,0.133012618722,0.0223553042506,0.286081280105,0.0402998939333,0.153068661383,0.101778983008
安康学院,-1,-1,-1,-1,-1,-1,-1,-1,-1
辽宁科技学院,0.0349127182045,0.0673316708229,0.623441396509,0.130069820203,0.0170011919487,0.198112919415,0.022439434425,0.0680430992118,0.059176389961
池州学院,0.1,0.7,0.9,0.0543266666044,0.0169392789919,0.548141482092,0.0420540022938,0.493814815487,0.0958557037229
上饶师范学院,-1,-1,-1,-1,-1,-1,-1,-1,-1
营口理工学院,-1,-1,-1,-1,-1,-1,-1,-1,-1
四川民族学院,-1,-1,-1,-1,-1,-1,-1,-1,-1
江苏第二师范学院,0.0769230769231,0.0769230769231,0.615384615385,0.131663240501,0.0198620859633,0.285490872377,0.040675257421,0.153827631875,0.102807294714
吉林医药学院,0.0,0.130434782609,0.478260869565,0.191013414466,0.0171055670691,0.226063489723,0.0300209995502,0.0350500752566,0.0829266829495
百色学院,0.0152542372881,0.191525423729,0.861016949153,0.0689032768681,0.011366240391,0.311511218254,0.034154915352,0.242607941386,0.0658825866893
邢台学院,0.0,0.222222222222,0.777777777778,0.0926810936176,0.014561697211,0.331270308157,0.0297778923845,0.238589214539,0.0755656197016
西安航空学院,0.0736842105263,0.231578947368,0.738947368421,0.124585079973,0.0259989740311,0.296218668087,0.0368990973842,0.171633588114,0.102598672611
河北民族师范学院,0.0833333333333,0.333333333333,0.416666666667,0.242254448484,0.0304286127171,0.223279652769,0.0504198971497,-0.0189747957159,0.143020241516
晋中学院,0.142857142857,0.357142857143,0.821428571429,0.117883546144,0.0386210322475,0.373233555201,0.0500939245565,0.255350009057,0.146946158201
宁夏师范学院,0.0264317180617,0.101321585903,0.607929515419,0.136035604522,0.014900465193,0.236856210393,0.0310501910737,0.10082060587,0.0718601348639
浙江外国语学院,0.111111111111,0.111111111111,0.666666666667,0.135455294405,0.0202580896875,0.292993804186,0.0201845471516,0.157538509781,0.0657654876957
河北中医学院,0.0,0.315789473684,0.842105263158,0.0449088140205,0.00774146388774,0.369580093341,0.0584688121408,0.324671279321,0.0915916933238
武汉商学院,0.0225563909774,0.308270676692,0.793233082707,0.0933581369617,0.0162201835907,0.364968409935,0.0410336398241,0.271610272973,0.0920699672751
呼和浩特民族学院,0.0,0.0,0.6,0.087308368507,0.00227450303648,0.156316521369,0.00799618423538,0.0690081528623,0.0147353479085
新余学院,-1,-1,-1,-1,-1,-1,-1,-1,-1
广东第二师范学院,0.00413223140496,0.262396694215,0.917355371901,0.0415882750302,0.00674256640873,0.403160766546,0.0317815438017,0.361572491516,0.0554856300532
武夷学院,0.0,0.136363636364,0.818181818182,0.0605877979234,0.00760990902916,0.324785775906,0.0384046771342,0.264197977982,0.0699892795544
大庆师范学院,0.0,0.153846153846,0.615384615385,0.123678426604,0.0161572635359,0.2749142747,0.0378583458245,0.151235848096,0.0837348364693
枣庄学院,-1,-1,-1,-1,-1,-1,-1,-1,-1
陇东学院,-1,-1,-1,-1,-1,-1,-1,-1,-1
郑州师范学院,-1,-1,-1,-1,-1,-1,-1,-1,-1
遵义师范学院,0.0295698924731,0.126344086022,0.626344086022,0.140651375352,0.0225915085012,0.243512698842,0.0330193837526,0.10286132349,0.0932181290728
太原工业学院,0.0,0.0,0.692307692308,0.129352645313,0.00939457195178,0.167471579321,0.00846865689698,0.0381189340089,0.0275605754822
贺州学院,0.0455696202532,0.379746835443,0.870886075949,0.0795326632745,0.0201050198252,0.405759451098,0.0369988800537,0.326226787824,0.0932270848395
沧州师范学院,0.0533333333333,0.153333333333,0.67,0.132140300666,0.0239647133809,0.252255677482,0.0344037573587,0.120115376816,0.0963326649239
蚌埠学院,0.0,0.454545454545,0.818181818182,0.0489841816909,0.00540864275981,0.403921745996,0.0342388184894,0.354937564305,0.0583413872785
榆林学院,-1,-1,-1,-1,-1,-1,-1,-1,-1
南京特殊教育师范学院,0.0909090909091,0.363636363636,0.727272727273,0.148655731533,0.0278669741258,0.336789493682,0.0478783479541,0.188133762149,0.128661179404
山东女子学院,0.0273775216138,0.233429394813,0.768011527378,0.104380052778,0.0173395482277,0.321791493238,0.0386252710435,0.217411440459,0.0903325937632
铜仁学院,-1,-1,-1,-1,-1,-1,-1,-1,-1
吉林农业科技学院,0.0,0.0,1.0,0.0508279671758,0.000926669724432,0.271338915809,0.00727670751557,0.220510948633,0.0124910727527
山东管理学院,-1,-1,-1,-1,-1,-1,-1,-1,-1
长沙师范学院,0.0258620689655,0.379310344828,0.836206896552,0.0834662174118,0.0166451054353,0.387053109299,0.0435859461302,0.303586891887,0.0967985985191
广东警官学院,0.0340136054422,0.197278911565,0.612244897959,0.140859296052,0.0260376491749,0.252021701186,0.0397657676302,0.111162405133,0.110391818836
南昌师范学院,0.0172248803828,0.254545454545,0.843062200957,0.0755233151842,0.0132423941185,0.349792929463,0.0400134718642,0.274269614279,0.0814469705291
萍乡学院,0.0257611241218,0.142857142857,0.75644028103,0.107890899295,0.0150649554317,0.28071077087,0.029240451804,0.172819871575,0.0695261508079
商洛学院,0.0409252669039,0.32384341637,0.838078291815,0.0909703027824,0.0210560338696,0.382414155704,0.0405772550028,0.291443852922,0.101668952997
湖南女子学院,0.0276243093923,0.32044198895,0.854511970534,0.0757384069847,0.0142013730824,0.372619929931,0.04359566772,0.296881522946,0.0861405315899
四川文理学院,-1,-1,-1,-1,-1,-1,-1,-1,-1
凯里学院,-1,-1,-1,-1,-1,-1,-1,-1,-1
四川旅游学院,-1,-1,-1,-1,-1,-1,-1,-1,-1
景德镇学院,-1,-1,-1,-1,-1,-1,-1,-1,-1
兰州工业学院,0.0181818181818,0.197402597403,0.787012987013,0.0885883869393,0.016086389633,0.302528669793,0.0350606115548,0.213940282854,0.0811103257219
兴义民族师范学院,-1,-1,-1,-1,-1,-1,-1,-1,-1
四川警察学院,0.040971168437,0.172989377845,0.605462822458,0.133446323551,0.0196204619638,0.252960645284,0.0393441434438,0.119514321733,0.0932739560323
兰州城市学院,0.0093023255814,0.254263565891,0.829457364341,0.0780234899769,0.0118083554413,0.343382214248,0.0388178798351,0.265358724271,0.0760940440895
六盘水师范学院,0.00862068965517,0.168103448276,0.594827586207,0.139648721091,0.0128432622263,0.247324414379,0.0354634307667,0.107675693287,0.0747608845542
陕西学前师范学院,0.064,0.210666666667,0.794666666667,0.110818585149,0.0268025334349,0.326373890745,0.0354637702135,0.215555305597,0.103549409786
首钢工学院,0.0909090909091,0.0,0.0909090909091,0.320103490861,0.0132389337404,0.0478548747489,0.00759319239782,-0.272248616112,0.03186271977
北京警察学院,0.0,0.0,0.428571428571,0.202717235744,0.0136262901508,0.132329633136,0.00691856547523,-0.0703876026082,0.0349617187187
山东农业工程学院,0.0532544378698,0.136094674556,0.455621301775,0.190862032905,0.023352943876,0.205214381135,0.037787585131,0.0143523482306,0.0992409939432
河套学院,0.0333333333333,0.233333333333,0.7,0.10290003346,0.0142038891163,0.286138820752,0.0431735553785,0.183238787292,0.0844863170839
上海健康医学院,-1,-1,-1,-1,-1,-1,-1,-1,-1
湖南医药学院,0.03300330033,0.270627062706,0.712871287129,0.117796543828,0.0222000364576,0.321439192727,0.0469845450527,0.203642648899,0.113663370778
重庆第二师范学院,-1,-1,-1,-1,-1,-1,-1,-1,-1
福建警察学院,0.0666666666667,0.133333333333,0.8,0.0929179736814,0.0220444215562,0.310181594882,0.0246979847375,0.217263621201,0.0744141852433
昭通学院,0.126394052045,0.089219330855,0.483271375465,0.220761064082,0.0355050709359,0.186897300846,0.0298023362249,-0.0338637632355,0.114583710511
成都师范学院,-1,-1,-1,-1,-1,-1,-1,-1,-1
普洱学院,-1,-1,-1,-1,-1,-1,-1,-1,-1
湖南警察学院,0.0582959641256,0.174887892377,0.645739910314,0.146984746207,0.0248282777816,0.273464008808,0.0413679704162,0.126479262601,0.110714220433
山东警察学院,0.0639269406393,0.0639269406393,0.41095890411,0.189648814604,0.0215458859075,0.162499471547,0.028626262046,-0.0271493430566,0.0774711707949
云南警官学院,0.0107913669065,0.14118705036,0.784172661871,0.0964188143956,0.0137671666822,0.292171073498,0.0291395401186,0.195752259102,0.0686853189801
浙江警察学院,0.0452830188679,0.0867924528302,0.475471698113,0.173872961782,0.0217620698369,0.202046672927,0.0279175561828,0.0281737111457,0.0819995012482
河南警察学院,-1,-1,-1,-1,-1,-1,-1,-1,-1
湖北警官学院,-1,-1,-1,-1,-1,-1,-1,-1,-1