0.00414133403824,0.00484624195964,0.424618909155,0.146675933517,0.00701828916094,0.122809218775,0.00725988911013,-0.023866714742,0.0189545170074
0.0044898318514,0.00334536490888,0.433400827538,0.138000775037,0.00665716401763,0.120502797361,0.00713041639523,-0.0174979776761,0.0189118996105
0.00184979652238,0.0110987791343,0.536625971143,0.121169364587,0.00541937536481,0.1418761753,0.0092863215882,0.0207068107121,0.0193796318432
0.00318326512051,0.00682128240109,0.421100500227,0.141713540798,0.00646902709786,0.124188432596,0.00864948375434,-0.0175251082015,0.0207368480313
0.000326264274062,0.0137030995106,0.675040783034,0.10255579288,0.00412126180403,0.16497634701,0.00868817392914,0.0624205541299,0.0163139560811
0.00518887505189,0.0159817351598,0.561436280614,0.122955259284,0.00738586816507,0.153301228195,0.0118761156605,0.0303459689108,0.0249238102492
0.00164798945287,0.0148319050758,0.563941990771,0.12309748442,0.0061530540644,0.150544426251,0.00957720382165,0.0274469418308,0.0212197305726
0.000218388294387,0.0017471063551,0.574361214239,0.103857866796,0.00377667164193,0.128269518159,0.00614231800607,0.0244116513635,0.0136616422578
0.00257352941176,0.00330882352941,0.547058823529,0.115213603204,0.00570774795181,0.133269837361,0.00727486920405,0.0180562341565,0.0172936867647
0.00215982721382,0.00359971202304,0.528437724982,0.121171081836,0.0054880675418,0.134442922994,0.00729223812441,0.0132718411575,0.0153888990483
0.00241963359834,0.0120981679917,0.608019357069,0.106610284293,0.00523763926713,0.144639958236,0.00947703265398,0.0380296739435,0.0181530182021
0.000349283967866,0.00488997555012,0.567237163814,0.110374973872,0.00380164260988,0.13461330891,0.00667276923198,0.0242383350387,0.0137079520173
0.000637551801084,0.0102008288173,0.515141855276,0.118330587824,0.0053442546973,0.129546447888,0.0085071391451,0.0112158600638,0.0186934430326
0.00222915737851,0.00468123049487,0.443602318324,0.128646805457,0.00565070138739,0.121495236707,0.00706151903229,-0.00715156875043,0.0165674119425
0.000667334000667,0.01001001001,0.644644644645,0.109465043909,0.00424155887487,0.160135282784,0.00921978865454,0.0506702388759,0.0160679668156
0.0,0.0365764447696,0.691294806145,0.10022044424,0.00550233684881,0.212194459042,0.0161818360739,0.111974014802,0.0308542775061
0.00226860254083,0.00438596491228,0.588021778584,0.111995249844,0.0051414775846,0.146319257117,0.00778365659147,0.0343240072727,0.017270139402
0.00632911392405,0.00632911392405,0.522439585731,0.130654229222,0.00688878079576,0.147851116634,0.0103435885747,0.0171968874129,0.0242636895695
0.00283085633404,0.00778485491861,0.569709837226,0.121147990924,0.00568820685451,0.14652718094,0.00832880165178,0.025379190016,0.0170208014551
0.00232867598137,0.00632069194943,0.528276779774,0.11619389483,0.0053489060185,0.130464399178,0.0074865065633,0.0142705043475,0.0158854009729
0.00216543958424,0.00606323083586,0.581637072326,0.113717467237,0.00511790355715,0.142753251213,0.00787191362543,0.0290357839759,0.0174926451248
0.00223713646532,0.00475391498881,0.571868008949,0.122245525569,0.00565025001069,0.147069567917,0.00769228521746,0.0248240423472,0.0178215500264
0.00414276609305,0.0165710643722,0.585086042065,0.114314084463,0.00588865999326,0.154842183273,0.0107490563353,0.04052809881,0.0215721010971
0.0,0.00138504155125,0.385041551247,0.146435428379,0.00547082840591,0.127742632471,0.00651515092543,-0.0186927959081,0.0160117334293
0.0,0.00900163666121,0.540098199673,0.115552964274,0.00450146831951,0.140638551876,0.00822792690002,0.0250855876021,0.0161161800927
0.000673400673401,0.00606060606061,0.46734006734,0.122023962992,0.00469370307959,0.122102059107,0.00715335754842,7.80961148944e-05,0.0150080686552
0.00392927308448,0.0203012442698,0.562540929928,0.121740305285,0.00635589278712,0.15417195347,0.0111191433929,0.032431648185,0.0231556445521
0.00233644859813,0.00934579439252,0.503894080997,0.118978767743,0.00505450229475,0.133566215906,0.00759550098236,0.0145874481639,0.0155699246605
0.00481927710843,0.00562248995984,0.540562248996,0.123772702051,0.00611249382134,0.143078468205,0.00774971165521,0.0193057661539,0.0174014089119
0.00228832951945,0.00228832951945,0.441647597254,0.133030010724,0.0060449024206,0.123156211511,0.00653593947921,-0.0098737992132,0.0151316887263
0.00146627565982,0.0058651026393,0.536656891496,0.117400929707,0.0045179731941,0.135914385578,0.00754520221284,0.0185134558702,0.015302159264
0.00333111259161,0.00999333777482,0.4363757495,0.131220943617,0.00591912480407,0.130224572287,0.0111189099945,-0.000996371329704,0.0214631651672
0.00159914712154,0.00213219616205,0.445095948827,0.132629562444,0.0059175219165,0.1224578954,0.00808390395648,-0.0101716670437,0.0192562699795
0.0011350737798,0.00397275822928,0.50113507378,0.121210773814,0.00537639361578,0.130944738589,0.00705570784354,0.00973396477524,0.0161359955549
0.0,0.0040020010005,0.59779889945,0.110482172103,0.00455719539426,0.138073543908,0.00578938659963,0.027591371805,0.0122312569359
0.00174216027875,0.00696864111498,0.513066202091,0.126847312134,0.00561904056853,0.143872779876,0.00895700216129,0.0170254677416,0.0177664278547
0.0,0.00394866732478,0.560710760118,0.113319026568,0.00434475446035,0.144918738253,0.0081177252644,0.0315997116848,0.0156709200459
0.0056338028169,0.00140845070423,0.438028169014,0.129655027934,0.00468565303958,0.119907778834,0.0053756558122,-0.00974724909977,0.0114008310593
0.00377928949358,0.00907029478458,0.551776266062,0.12365511715,0.00531613069926,0.14663740436,0.00856315852407,0.0229822872109,0.0171358328891
0.00121951219512,0.00548780487805,0.585365853659,0.10515535147,0.00364105683425,0.135945918447,0.00687424389674,0.030790566977,0.0136925340949
0.0,0.00729927007299,0.579770594369,0.115689784279,0.00481601371833,0.141668182518,0.00744248724309,0.0259783982393,0.0152633190904
0.0,0.0171568627451,0.400735294118,0.133259909031,0.00576359584567,0.125991818674,0.0112260021622,-0.00726809035728,0.0213708610566
0.0,0.00286123032904,0.556509298999,0.111216942141,0.00402850136948,0.13146472811,0.00646741445739,0.0202477859684,0.0136949633977
0.00107874865156,0.00539374325782,0.540453074434,0.117245558519,0.00480527596999,0.141434146404,0.00890537576389,0.0241885878856,0.0164759806802
0.00235201881615,0.00509604076833,0.521756174049,0.122565154713,0.00574591685805,0.138015420009,0.00922495357457,0.015450265296,0.0199373283103
0.0,0.0,0.654275092937,0.105001588587,0.00407091408679,0.140554399871,0.00542373945483,0.0355528112842,0.0124328257286
0.0,0.00470957613815,0.466248037677,0.129113386452,0.00619686933875,0.132745370309,0.00631094524332,0.00363198385751,0.0152084585286
0.00240963855422,0.00722891566265,0.440963855422,0.138286261897,0.00510903915729,0.131480802344,0.00752603765189,-0.00680545955285,0.0159737466893
0.0,0.00917431192661,0.48623853211,0.139341146855,0.0044387908025,0.147277490397,0.00577231305751,0.00793634354205,0.0102598053501
0.00308641975309,0.0102880658436,0.544238683128,0.118284814988,0.00596067044522,0.146452698697,0.00899910325982,0.0281678837086,0.0187142118602
0.00158227848101,0.0102848101266,0.628955696203,0.105656245008,0.00453780204349,0.158697838988,0.00953909631467,0.0530415939793,0.0187557917877
0.0,0.00185185185185,0.551851851852,0.120054388054,0.00513421216917,0.133389893746,0.00528936431888,0.0133355056914,0.0120529319442
0.0,0.025641025641,0.626068376068,0.102926056544,0.00472634494595,0.186950132847,0.0137079193249,0.0840240763024,0.0267877935716
0.0,0.0046875,0.578125,0.106428632878,0.00366862389475,0.134642162582,0.00694220064627,0.0282135297048,0.0142575426094
0.00350569675723,0.00613496932515,0.585451358457,0.110849862555,0.00539186254163,0.141819228688,0.00748221782203,0.0309693661333,0.0153584328632
0.0,0.00341685649203,0.466970387244,0.130832791447,0.00532304330673,0.127694584449,0.00661480257783,-0.00313820699815,0.0158759771459
0.0,0.00359281437126,0.716167664671,0.084956720526,0.00250144749862,0.141406716198,0.00572793397972,0.0564499956717,0.0107374637831
0.0,0.00854700854701,0.606837606838,0.108168046339,0.00375632861148,0.140429940228,0.0066322309186,0.0322618938886,0.012442185663
0.00169061707523,0.00591715976331,0.664412510566,0.102291335309,0.00411590417205,0.155653360655,0.00703289483247,0.0533620253461,0.0141836676593
0.00331125827815,0.0154525386313,0.419426048565,0.14297739408,0.00641936252752,0.125690179839,0.00897905851852,-0.0172872142413,0.0200733823807
0.0,0.00247218788628,0.547589616811,0.112030670363,0.00437157887472,0.130647482977,0.0060190896254,0.0186168126138,0.0132562368914
0.00551470588235,0.00367647058824,0.518382352941,0.120558168393,0.00552635512026,0.126820117712,0.00574076372291,0.00626194931841,0.0140787737281
0.0,0.00337268128162,0.501686340641,0.116761292197,0.00450150861987,0.12785371659,0.00696788923771,0.0110924243923,0.0146620321889
0.0,0.00445103857567,0.632047477745,0.112667162585,0.00549067509321,0.15156244071,0.00729549776962,0.0388952781242,0.0173911408498
0.0,0.00580832526621,0.502420135528,0.119819755315,0.00502941813618,0.126270355999,0.00652694869886,0.00645060068425,0.0145948124621
0.00166389351082,0.00332778702163,0.492512479201,0.123697232017,0.0057614946143,0.132394125415,0.00726569468266,0.00869689339798,0.0160072029443
0.000786782061369,0.00157356412274,0.615263571991,0.104233930696,0.00454933396274,0.135163047171,0.00631746556414,0.0309291164744,0.0137848467895
0.0,0.00143266475645,0.52005730659,0.114300122408,0.00373470398633,0.135607175725,0.00685949098266,0.0213070533171,0.0136977709409
0.0,0.030303030303,0.575757575758,0.121094801573,0.00364804746677,0.158161945321,0.011538668075,0.0370671437479,0.0217863475058
0.00215517241379,0.00431034482759,0.484913793103,0.122034265364,0.00470888484157,0.130846288184,0.00630540724981,0.00881202282038,0.0128571504795
0.0,0.0,0.309803921569,0.140953283645,0.00425342528335,0.0945970070025,0.00456500192101,-0.0463562766426,0.0103660900001
0.000791765637371,0.00475059382423,0.653998416469,0.105981515782,0.00427814373859,0.153364894896,0.00712231462767,0.0473833791142,0.0147327710014
0.00309119010819,0.00309119010819,0.676970633694,0.101012298356,0.00365043428482,0.148892570645,0.00501409724258,0.0478802722887,0.00979347051041
0.00178571428571,0.00357142857143,0.420535714286,0.141264775899,0.00625955231617,0.130254787656,0.00816719485641,-0.0110099882427,0.0196355807994
0.000909090909091,0.00636363636364,0.470909090909,0.126614659805,0.00511549152222,0.123355061653,0.00602419141534,-0.00325959815132,0.0135664363911
0.0,0.00314465408805,0.317610062893,0.134727810275,0.00372710041364,0.0966928412633,0.00544636700128,-0.0380349690117,0.0118731663526
0.0,0.0,0.59375,0.111821835426,0.00318024769405,0.164571244719,0.0105255329811,0.052749409293,0.0206071307327
0.00778642936596,0.0289210233593,0.568409343715,0.114038875848,0.0068103986668,0.157723228803,0.0141661533571,0.0436843529551,0.0273524709235
0.00593824228029,0.00712589073634,0.456057007126,0.133034071612,0.00628121706615,0.133085915449,0.00802159410034,5.18438370655e-05,0.0180489604794
0.00202429149798,0.00404858299595,0.644736842105,0.100820535598,0.00340027513889,0.147504861892,0.00648091021563,0.0466843262938,0.0136726038535
0.00190657769304,0.00762631077216,0.571496663489,0.108589787783,0.00390837096421,0.139103132906,0.00838676665615,0.0305133451232,0.0157937204229
0.0017825311943,0.00713012477718,0.417112299465,0.118426949756,0.00325573069092,0.116133016885,0.00753465362283,-0.00229393287098,0.013063858231
0.00162206001622,0.00405515004055,0.532846715328,0.117639569901,0.00501246120967,0.13198525068,0.00678740383485,0.0143456807787,0.0155298503009
0.0,0.00998003992016,0.38123752495,0.139021180185,0.00511265455049,0.122562487498,0.00721084197562,-0.0164586926869,0.0156893357465
0.00515463917526,0.00429553264605,0.376288659794,0.142230956461,0.00673437671147,0.116729948369,0.00618903359802,-0.0255010080914,0.0155491174346
0.00141043723554,0.0,0.54442877292,0.111103832229,0.00357082979927,0.13569995773,0.00602890674894,0.0245961255007,0.0126425629417
0.00168208578638,0.0067283431455,0.619007569386,0.104543812902,0.0043910584337,0.14018485951,0.0075146190732,0.0356410466078,0.0157332315631
0.002,0.002,0.311,0.158488031205,0.00752434245416,0.10748330136,0.00493229682604,-0.0510047298452,0.0151297812158
0.0,0.00201612903226,0.578629032258,0.11255745934,0.00472655133711,0.136480964974,0.00613816799757,0.0239235056347,0.0132928283993
0.0,0.0,0.622559652928,0.101543475009,0.00407457213681,0.135211102134,0.00486515046404,0.0336676271245,0.0120050817282
0.00246507806081,0.0238290879211,0.568611339359,0.124228913391,0.00617048519237,0.163959222508,0.0117536361944,0.0397303091166,0.0232046859428
0.00145348837209,0.00290697674419,0.52761627907,0.126272396929,0.00670901325459,0.137583393863,0.00628940512171,0.0113109969338,0.0161554597944
0.00228050171038,0.0136830102623,0.551881413911,0.105422514797,0.00399574767728,0.138948003038,0.00947909999459,0.0335254882408,0.0166926047165
0.0,0.0,0.392923649907,0.138379314526,0.004741005733,0.105363817032,0.00522696914102,-0.0330154974937,0.0152324072618
0.0,0.0,0.237254901961,0.148834151013,0.00424059524864,0.0863912156979,0.00367066756425,-0.0624429353154,0.010232940684
0.00293685756241,0.00587371512482,0.412628487518,0.127225432596,0.00564006920742,0.112861639174,0.00633180486119,-0.0143637934214,0.0142739017845
0.00113122171946,0.012443438914,0.533936651584,0.113538220335,0.00496707289921,0.142842517055,0.00993207474581,0.0293042967197,0.0193855240721
0.0,0.0,0.4,0.115261049629,0.00143518294771,0.108503101571,0.0070349977445,-0.00675794805877,0.0098784263266
0.00782472613459,0.0093896713615,0.425665101721,0.135822359835,0.00678683226731,0.133166890043,0.0101049073326,-0.00265546979148,0.0211298414589
0.0,0.00660792951542,0.484581497797,0.125354036062,0.00351249283888,0.132425545008,0.00649868144733,0.00707150894633,0.0122810318121
0.00110741971207,0.00442967884828,0.503875968992,0.126390549652,0.00628904646752,0.138201607169,0.00941172417052,0.0118110575162,0.0199866717035
0.0,0.00499168053245,0.450915141431,0.126482185171,0.00459673003752,0.129053255025,0.0075268412704,0.00257106985367,0.0144265703353
0.0,0.0119940029985,0.574962518741,0.110459729596,0.00426948600005,0.145441484572,0.00993840343442,0.0349817549761,0.0186336006259
0.00114942528736,0.00804597701149,0.535632183908,0.115697601045,0.00469213337432,0.133951905864,0.00821549543,0.0182543048187,0.0173167742858
0.0,0.0123456790123,0.56378600823,0.124388618944,0.0048195018273,0.159277661229,0.00975775363893,0.0348890422853,0.0180984270026
0.002331002331,0.00699300699301,0.440559440559,0.124273825391,0.00396978134902,0.128431756404,0.00630939536386,0.00415793101302,0.0124164256075
0.0,0.0,0.454545454545,0.117202557154,0.0039986320876,0.145431288121,0.0107279692735,0.0282287309673,0.0221257089083
0.00246305418719,0.0,0.337438423645,0.130898828812,0.00430204166716,0.0910763087696,0.00411121229825,-0.039822520042,0.0117136254954
0.00165289256198,0.00330578512397,0.533884297521,0.124083931848,0.00639468906575,0.14395258465,0.00763600537217,0.0198686528013,0.0181065031258
0.0,0.00966183574879,0.487922705314,0.1145475916,0.00510909258583,0.1558101685,0.0131893116304,0.0412625768993,0.0264477627009
0.0,0.00460829493088,0.585253456221,0.108068963962,0.00506562905089,0.140908629471,0.0049131170454,0.0328396655091,0.0116669841276
0.0,0.00168067226891,0.383193277311,0.155884089701,0.00638017325879,0.124491537289,0.00563813815422,-0.031392552412,0.0152231816174
0.0,0.0,0.517985611511,0.115537629882,0.00499630407415,0.129145770469,0.00610952483827,0.0136081405869,0.0152195883927
0.00652696667812,0.0288560632085,0.400206114737,0.148796808283,0.00846991926641,0.130681066749,0.014207088493,-0.0181157415338,0.0314720851925
0.00199071001991,0.0152621101526,0.510285335103,0.128693105142,0.00546693195334,0.138867978044,0.00928976155195,0.0101748729022,0.0188220469672
0.0,0.0,0.363957597173,0.147541828541,0.006478029531,0.118187179289,0.00584185980936,-0.0293546492518,0.0131878580519
0.0,0.0110294117647,0.658088235294,0.0955750672676,0.00325440950986,0.140743994782,0.0071440852474,0.0451689275149,0.012937852994
0.0,0.00561797752809,0.511235955056,0.127920004058,0.00490966358772,0.138668556128,0.00679767685186,0.0107485520693,0.0139191996885
0.00606060606061,0.00606060606061,0.551515151515,0.124772357325,0.00707550179734,0.148901453292,0.00738955199482,0.024129095967,0.0171089833491
0.0,0.00521739130435,0.629565217391,0.0983754397643,0.00401875419492,0.146244741096,0.00873213377448,0.0478693013313,0.0179490219245
0.0,0.0062893081761,0.477987421384,0.113717257556,0.00324029723669,0.109484339505,0.004522405465,-0.00423291805125,0.0102376792842
0.00299401197605,0.00149700598802,0.534431137725,0.118456304064,0.00457199094035,0.126498093727,0.00522846174008,0.00804178966302,0.0133004574779
0.00255102040816,0.00765306122449,0.477040816327,0.132923371683,0.00521049543042,0.130093973986,0.00578725613563,-0.00282939769709,0.0128311063205
0.0,0.0,0.210227272727,0.142215553338,0.00333657327349,0.0879663832207,0.0041530457002,-0.0542491701168,0.00948187020834
0.0,0.0101694915254,0.638983050847,0.108477246746,0.00528039853753,0.156521171392,0.00968077599854,0.0480439246462,0.0191151913944
0.000846023688663,0.00676818950931,0.493231810491,0.119745417093,0.00437195491416,0.126859574904,0.00692688004703,0.00711415781069,0.0149414913129
0.005859375,0.005859375,0.505859375,0.131292775469,0.00641817431219,0.132747792599,0.00764653260344,0.00145501712988,0.0162607258029
0.0,0.0,0.660167130919,0.0980224378424,0.00251116831237,0.137015181229,0.00466164589906,0.0389927433871,0.00939561525003
0.0,0.00105152471083,0.559411146162,0.0988067512594,0.00245278941566,0.123531652356,0.00616097677969,0.0247249010965,0.0102883426553
0.00115340253749,0.00230680507497,0.498269896194,0.112538430475,0.00426549498266,0.10959588769,0.0063682507513,-0.00294254278495,0.014567106198
0.0,0.0,0.586872586873,0.110798406764,0.00447016675415,0.139456760142,0.00619149597346,0.0286583533783,0.0131212947005
0.0,0.0321715817694,0.533512064343,0.127524603932,0.00631002076189,0.147957088635,0.0122579434833,0.0204324847028,0.0220692354328
0.0,0.00738007380074,0.623616236162,0.102616950415,0.00279022545255,0.144481002482,0.00734542781826,0.0418640520671,0.0120636778049
0.0,0.0,0.388888888889,0.152552011474,0.00566201918844,0.107589625774,0.00211978976689,-0.0449623857002,0.0117422473516
0.0,0.0,0.491620111732,0.122037898053,0.00405847254548,0.115571335544,0.00425096203608,-0.00646656250853,0.0102373339775
0.00240384615385,0.00240384615385,0.507211538462,0.117886892362,0.00464220212218,0.13364067339,0.00595374830741,0.0157537810287,0.0139561809795
0.0,0.0036832412523,0.517495395948,0.115220202305,0.00369910382065,0.12914072611,0.0056475643146,0.0139205238041,0.0122483437433
0.0,0.00840336134454,0.455882352941,0.124656696064,0.00481558841698,0.128195712254,0.00743455399788,0.00353901618995,0.0145674931135
0.0,0.00487804878049,0.434146341463,0.128464708349,0.00349493942427,0.121104643882,0.00523493582323,-0.00736006446692,0.0105185620751
0.00113250283126,0.00113250283126,0.631936579841,0.0918518320652,0.00308452434754,0.125240964186,0.00479580255864,0.0333891321204,0.0101164865385
0.0,0.0177514792899,0.655621301775,0.103433314756,0.00354311406484,0.161735033359,0.0107106446263,0.0583017186028,0.0181993407455
0.0,0.00274348422497,0.330589849108,0.123185064535,0.00322846063255,0.0894596334155,0.00468595044623,-0.0337254311192,0.0117092131586
0.0,0.00189753320683,0.554079696395,0.102944391386,0.00318887406596,0.126832017217,0.00604761722088,0.0238876258314,0.0123253028477
0.0,0.00512820512821,0.487179487179,0.125529932436,0.0040665988779,0.121959212257,0.00616556726537,-0.00357072017867,0.0128168787827
0.0,0.0048,0.6576,0.103102670638,0.00358623149121,0.151420972255,0.00726615944937,0.0483183016168,0.0139400795999
0.00348432055749,0.0174216027875,0.466898954704,0.137811014224,0.00600136596902,0.138083679715,0.0087368285014,0.000272665490702,0.0165512032308
0.0,0.00290697674419,0.677325581395,0.0889204595017,0.00217783436077,0.136700737288,0.00459976784771,0.0477802777865,0.0093440038493
0.0,0.0114942528736,0.548850574713,0.118677003924,0.00506372781198,0.145281426463,0.00946856555759,0.0266044225388,0.0192658373305
0.0,0.0,0.535256410256,0.112229814692,0.0028818248076,0.124299845246,0.00432231478204,0.0120700305534,0.00954245522865
0.00461893764434,0.00692840646651,0.62817551963,0.102440569884,0.00573839630253,0.156203378787,0.00963867834597,0.0537628089036,0.0215058001371
0.0,0.00123762376238,0.568069306931,0.110230645554,0.00402728186066,0.136148679266,0.00620725849267,0.0259180337126,0.0126860370437
0.0,0.0162337662338,0.584415584416,0.114993054316,0.00481843743219,0.145205609154,0.00944768558082,0.0302125548376,0.0184459886513
0.0,0.0127551020408,0.632653061224,0.092750698935,0.00310679410793,0.136903407683,0.00774108509281,0.0441527087484,0.0136920356122
0.000755857898715,0.00529100529101,0.62358276644,0.100479156193,0.00362005415689,0.147381598137,0.00786405836112,0.0469024419435,0.014665657739
0.0017793594306,0.00889679715302,0.398576512456,0.119866903422,0.00413105961492,0.110360872469,0.0069567486473,-0.00950603095301,0.0133275431939
0.0,0.00744878957169,0.478584729981,0.122504217295,0.00404604713719,0.127280081123,0.00767943636802,0.00477586382747,0.0148341188787
0.00436681222707,0.00218340611354,0.519650655022,0.124964006088,0.00522987498346,0.139880674985,0.00680186408047,0.0149166688968,0.0149299446548
0.00802919708029,0.00948905109489,0.490510948905,0.124592596793,0.00785064513095,0.116262351201,0.00903282441177,-0.00833024559204,0.0240130939791
0.00400801603206,0.0,0.51503006012,0.131744610013,0.00712758880523,0.138114983685,0.00770060903456,0.00637037367222,0.020991972265
0.0,0.0111111111111,0.522222222222,0.125467432668,0.00556630382985,0.144017161631,0.00916969258191,0.0185497289626,0.0182534513257
0.0,0.00507614213198,0.710659898477,0.0917435355634,0.00268119845505,0.147286819316,0.00631894607915,0.0555432837523,0.0115202323069
0.0,0.00492610837438,0.551724137931,0.11068406692,0.004275379177,0.129349266825,0.00694451599695,0.0186651999048,0.0141380464975
0.0,0.0,0.298630136986,0.134781773491,0.00418207110404,0.0876778876007,0.00400270617293,-0.0471038858903,0.0107955935549
0.00344234079174,0.00344234079174,0.444061962134,0.13353133067,0.00632212837901,0.129647062131,0.00642956338989,-0.00388426853944,0.0160302241943
0.00303951367781,0.0,0.328267477204,0.13318947685,0.00461906210107,0.103460287789,0.00519808618252,-0.0297291890614,0.0133590201296
0.0,0.0,0.0952380952381,0.129632069852,0.0018378650743,0.0665875137701,0.00166787782537,-0.0630445560816,0.00425575462406
0.0,0.00294985250737,0.412979351032,0.136857940987,0.00494944146804,0.121589150031,0.00588047199678,-0.015268790956,0.0126238869971
0.0,0.0,0.408071748879,0.116696293707,0.00419236579697,0.113160795318,0.00567198251369,-0.00353549838892,0.0121345406745
0.0,0.00191570881226,0.490421455939,0.107710606452,0.00428294991449,0.120843300018,0.00725306070212,0.013132693566,0.0164838439059
0.00226928895613,0.0272314674735,0.446293494705,0.138262454106,0.00702497189184,0.135895348568,0.0103513158983,-0.00236710553795,0.0219120605456
0.0,0.00602409638554,0.575301204819,0.115702440871,0.00457990355046,0.144392340753,0.00810944996007,0.0286898998822,0.0172871969679
0.0,0.00643776824034,0.521459227468,0.130695518397,0.00491162849855,0.146068595106,0.00792812888466,0.015373076709,0.0153204480052
0.0,0.00383141762452,0.421455938697,0.128172488978,0.00442033435166,0.120655470195,0.0048145280787,-0.00751701878324,0.011998143544
0.0053050397878,0.0,0.442970822281,0.121959311325,0.00431982717416,0.126230596362,0.00630571808506,0.00427128503691,0.0144576836259
0.0,0.0084388185654,0.464135021097,0.121394516581,0.00375354980334,0.117269673299,0.00664017007877,-0.00412484328121,0.0147011931145
0.0,0.00377358490566,0.501886792453,0.119662499138,0.00381533286661,0.13665525859,0.00648300449477,0.0169927594521,0.0133376803836
0.0,0.0,0.512110726644,0.137696001814,0.00639362575392,0.153616500262,0.00936910184181,0.015920498449,0.0198700905891
0.0,0.00224719101124,0.498876404494,0.106865541503,0.00299456462795,0.118069900481,0.00521712034663,0.0112043589777,0.0101630239172
0.0,0.003125,0.4875,0.122270256537,0.00353538228482,0.12566345665,0.00425850709785,0.00339320011302,0.0105011483651
0.00467289719626,0.0,0.233644859813,0.18819322334,0.00688926959247,0.106422415044,0.00661655302073,-0.0817708082961,0.018302552988
0.0,0.0061099796334,0.553971486762,0.113362463116,0.00368097705677,0.135794758528,0.00652932266795,0.022432295412,0.0135039233214
0.0,0.0456852791878,0.497461928934,0.104906705644,0.00417656288459,0.156230658661,0.0178260852236,0.0513239530173,0.0308128858525
0.00310559006211,0.0124223602484,0.493788819876,0.120649935324,0.00554493494506,0.131978317561,0.00822744452978,0.0113283822371,0.0178457301098
0.00269541778976,0.0161725067385,0.67115902965,0.101690466073,0.00449115003882,0.164430859228,0.0110538837572,0.0627403931548,0.0186583149904
0.0,0.00389105058366,0.303501945525,0.144976342663,0.00512132334374,0.104706755337,0.00598291177274,-0.0402695873254,0.013977393552
0.0,0.0287769784173,0.348920863309,0.140041159859,0.00749791558013,0.127684295338,0.0176981977315,-0.0123568645209,0.0367848216814
0.00297619047619,0.00892857142857,0.544642857143,0.113997227078,0.00433766625357,0.129858252116,0.0066413889105,0.0158610250381,0.0132080806925
0.0,0.00623052959502,0.542056074766,0.110541145713,0.0037574862005,0.141886528344,0.00867362802168,0.0313453826306,0.0154253936643
0.0,0.0,0.505415162455,0.101466364425,0.0030037746804,0.110227909182,0.00429804567164,0.00876154475602,0.0097178508839
0.00387596899225,0.0,0.368217054264,0.158139282707,0.00609781422538,0.129932829508,0.0046026900829,-0.0282064531994,0.0108624463561
0.0,0.0,0.443548387097,0.12424658247,0.00416306630292,0.12654697087,0.00629355140497,0.00230038839991,0.0132431732506
0.0,0.000995024875622,0.606965174129,0.0987560062113,0.00292646403272,0.142048579115,0.00633885225915,0.0432925729035,0.0127758330736
0.0,0.0,0.469879518072,0.133926558883,0.00405243403472,0.136904971295,0.0075251546339,0.00297841241198,0.0144941234377
0.0,0.0,0.456978967495,0.117341456533,0.00315383255084,0.11395218294,0.00378188212908,-0.00338927359376,0.00946459737923
0.0,0.0,0.525222551929,0.109651904277,0.00409454406708,0.122231002082,0.00420685461253,0.0125790978048,0.0105692094288
0.00198807157058,0.00795228628231,0.588469184891,0.103777576522,0.00304059840652,0.140336955667,0.00865060964814,0.0365593791456,0.014451479806
0.0,0.00539811066127,0.524966261808,0.112080778997,0.0032706451311,0.127921286034,0.00635764605016,0.0158405070367,0.0131928292647
0.0,0.0,0.426778242678,0.132227288133,0.00539614660752,0.127318640431,0.00737156411506,-0.00490864770211,0.0179019536019
0.0,0.00434782608696,0.504347826087,0.121849185296,0.00498445185635,0.144892174125,0.00876941969061,0.0230429888289,0.0176961193171
0.00429184549356,0.0,0.480686695279,0.12104532362,0.00458056801378,0.120009459061,0.00462884103217,-0.00103586455852,0.011246953652
0.0,0.0,0.509615384615,0.115266652557,0.00408906673437,0.119669311308,0.00533796300629,0.00440265875039,0.012171685684
0.0,0.00348837209302,0.570930232558,0.11061955607,0.00407782851876,0.14291934827,0.00734213715652,0.0322997922001,0.0145943314184
0.0,0.0,0.672240802676,0.0953394890337,0.00352769013784,0.151343366875,0.00568938111377,0.0560038778413,0.012168307656
0.000602046959663,0.000602046959663,0.49969897652,0.113586128192,0.00347102505741,0.125087727554,0.00591825099049,0.0115015993617,0.0123419348437
0.0,0.0,0.457943925234,0.10943887213,0.00327052056622,0.112959716188,0.00440312807072,0.00352084405859,0.00980571318457
0.0,0.0,0.652849740933,0.0971032188886,0.00360079017619,0.143909202692,0.00558706174911,0.0468059838035,0.0114684459871
0.0,0.00539083557951,0.466307277628,0.113741469278,0.00332380461231,0.122466668822,0.00598447558189,0.00872519954425,0.0115302465881
0.0,0.0,0.487980769231,0.106307729322,0.00213673103729,0.108800925325,0.00312961935154,0.00249319600257,0.00782099119844
0.0,0.0,0.352941176471,0.126217155107,0.00374543868859,0.107265001081,0.00460507788111,-0.0189521540262,0.00980974898308
0.00615384615385,0.0,0.344615384615,0.148263011697,0.00670294517518,0.114458198467,0.00649386559819,-0.0338048132308,0.0178751580605
0.0,0.00961538461538,0.538461538462,0.108996411416,0.00481900358321,0.142253974912,0.0090282297178,0.033257563497,0.018557907285
0.0,0.0,0.625698324022,0.100307314313,0.00297820321572,0.146636832123,0.00649407590857,0.0463295178096,0.0121958612966
0.0,0.0,0.575892857143,0.115672422118,0.0025388594989,0.14370842469,0.00600286588528,0.0280360025718,0.00995504227184
0.0,0.00487210718636,0.535931790499,0.110606637322,0.00363926511413,0.130550196543,0.0067063390666,0.0199435592209,0.0145332481568
0.0,0.00974658869396,0.543859649123,0.118049058573,0.00515926568631,0.138170583391,0.00856944358566,0.0201215248181,0.0179812981253
0.0,0.0,0.425,0.126599248673,0.00430011169828,0.117149913917,0.00378463279543,-0.00944933475547,0.0107933734662
0.0,0.0,0.567796610169,0.107847675679,0.00249777287052,0.126916360077,0.00560853718414,0.0190686843983,0.0094953905133
0.0,0.0014880952381,0.635416666667,0.0969239852075,0.00361165264004,0.139732750284,0.00574346503402,0.0428087650762,0.0122013916389
0.0,0.0,0.416058394161,0.129441715127,0.00420335918471,0.120323220956,0.00473355028208,-0.00911849417039,0.0118404138088
0.0,0.0,0.542857142857,0.112065642962,0.00320130712487,0.135840065694,0.00491950861877,0.0237744227317,0.0107913817199
0.00428265524625,0.00214132762313,0.428265524625,0.124704103089,0.00629235979134,0.107523101887,0.00568844690049,-0.0171810012027,0.01660230708
0.0,0.0,0.367346938776,0.140322858163,0.00341405637924,0.114009936272,0.0033625971783,-0.0263129218917,0.00856097230323
0.0,0.00534045393858,0.560747663551,0.0996175490707,0.00274066973829,0.129448605114,0.00646422633627,0.0298310560437,0.0127607477646
0.0,0.0228310502283,0.547945205479,0.117189192115,0.00507520558329,0.139312706684,0.010043164118,0.0221235145689,0.0198640422498
0.0,0.010582010582,0.582010582011,0.121898406021,0.00423311734099,0.156734195018,0.00793706981729,0.0348357889976,0.0141293082616
0.0,0.00934579439252,0.735981308411,0.0799688179353,0.00331315087636,0.138656989141,0.00672609805307,0.0586881712053,0.01226717377
0.0,0.00456621004566,0.716894977169,0.0888863039796,0.00374404056411,0.168406667926,0.00798638964326,0.0795203639461,0.0146865589912
0.0014450867052,0.00433526011561,0.64161849711,0.0996559317837,0.00471237630513,0.139135276169,0.00709206640161,0.0394793443857,0.0151338558336
0.0,0.00263504611331,0.62582345191,0.104454925869,0.00381046273483,0.149241152701,0.00667442200413,0.0447862268312,0.0130021881198
0.0,0.00502512562814,0.427135678392,0.120944354845,0.00354974036293,0.101195853491,0.00463007117452,-0.0197485013542,0.0107087897327
0.0,0.00355871886121,0.644128113879,0.097608778901,0.00289041875227,0.14106256234,0.00669797642471,0.0434537834388,0.0127736562664
0.0,0.0,0.677042801556,0.0953144857758,0.00381912223467,0.142184561181,0.00607995109781,0.0468700754053,0.0114388975036
0.0,0.00314465408805,0.479035639413,0.1141984491,0.00331146816693,0.119277396175,0.00623582412532,0.00507894707516,0.0131011420326
0.0,0.00537634408602,0.494623655914,0.120160658482,0.00407399229019,0.134077930335,0.00613332490676,0.0139172718533,0.0144425256095
0.0,0.00974025974026,0.538961038961,0.11838496609,0.00419526435335,0.149262631609,0.00894387229902,0.0308776655189,0.0172300141012
0.0,0.0,0.686217008798,0.0927650848416,0.00378791373962,0.133928865999,0.00505937160623,0.0411637811572,0.0133371569298
0.0036231884058,0.036231884058,0.326086956522,0.167754777731,0.0089979825568,0.130296362496,0.0103549882964,-0.0374584152348,0.0223731257498
0.0,0.0443131462334,0.679468242245,0.111765994576,0.00498078340436,0.198573524556,0.0155358346476,0.0868075299806,0.0268334269414
0.0042194092827,0.0042194092827,0.392405063291,0.138906079286,0.00638097167931,0.113349109793,0.00454074908592,-0.0255569694931,0.013670952208
0.0,0.0,0.585337915235,0.101443538801,0.00279425695434,0.130343586351,0.00574159223019,0.0289000475502,0.0120589121812
0.0,0.0,0.389799635701,0.11682657598,0.00251771460225,0.0968124330642,0.00399857565249,-0.0200141429155,0.00986588246409
0.0,0.0133779264214,0.602006688963,0.107917676185,0.00414970947992,0.143587784473,0.00770854578228,0.0356701082881,0.0142773238978
0.00418410041841,0.0,0.242677824268,0.150931341449,0.00422771856959,0.0884754189281,0.00412849172396,-0.0624559225212,0.0100487595774
0.0,0.00355871886121,0.651245551601,0.102842175549,0.00325197872612,0.148208094908,0.00625279355032,0.0453659193593,0.0122121833093
0.0,0.00588235294118,0.576470588235,0.103095476954,0.00386361109831,0.134371716905,0.00791974301723,0.0312762399516,0.0141676890419
0.0,0.0148588410104,0.82912332838,0.0846133858025,0.00330044990046,0.192536558594,0.0103062126623,0.107923172792,0.0168432179001
0.0,0.013698630137,0.607305936073,0.1155917478,0.00454452514989,0.164284701272,0.00912257264416,0.0486929534723,0.0170418748831
0.0,0.00683371298405,0.453302961276,0.118053334029,0.00387771678447,0.110430891945,0.00434441547338,-0.00762244208474,0.0103604026972
0.0,0.0162601626016,0.678861788618,0.0951789117167,0.00441631751635,0.15335010806,0.00865144895432,0.0581711963431,0.0153443042647
0.0,0.0,0.415662650602,0.125390715311,0.0036808739889,0.12899001818,0.00693589068786,0.00359930286921,0.0153764341263
0.0,0.0036496350365,0.603406326034,0.104311815087,0.0027370896699,0.141998335342,0.00656570704843,0.0376865202548,0.0110575027669
0.0,0.0,0.418032786885,0.126466358653,0.00311510271125,0.119225360322,0.00475941785447,-0.00724099833146,0.00987494334628
0.0,0.00671140939597,0.43288590604,0.129473552647,0.00476280217539,0.119000621964,0.00754192397249,-0.0104729306829,0.0167870524029
0.0,0.00357142857143,0.557142857143,0.106098817095,0.00429448573321,0.132297248145,0.0073821235528,0.0261984310496,0.016036100897
0.00549450549451,0.0,0.214285714286,0.136417805771,0.00399951925385,0.076236849033,0.00392711655774,-0.0601809567377,0.0102082819655
0.0,0.0,0.418719211823,0.11424291713,0.00308056299458,0.109843334364,0.00493276348773,-0.00439958276594,0.0105348293472
0.0,0.00290697674419,0.511627906977,0.10465313041,0.00255864591702,0.12257829421,0.00487543928066,0.0179251638003,0.0101117828281
0.0,0.00425531914894,0.574468085106,0.111959010386,0.00405191473835,0.134094804072,0.00720693913896,0.0221357936851,0.0148571040897
0.0,0.0,0.601731601732,0.111940207329,0.00409228730315,0.146494690287,0.00591408857681,0.0345544829582,0.0132892411519
0.0,0.00687285223368,0.584192439863,0.107067454431,0.0045950701091,0.131156074432,0.00598748935092,0.0240886200003,0.0136399818698
0.0,0.00627943485086,0.667189952904,0.0992217602489,0.00308680924632,0.156706446923,0.00818404688413,0.0574846866745,0.0152357193912
0.0,0.015873015873,0.539682539683,0.122744245195,0.00408364052176,0.150455258743,0.00950919980364,0.0277110135479,0.0168754075254
0.0,0.00847457627119,0.483050847458,0.120909083585,0.00403476980313,0.131351373333,0.00694697707084,0.010442289748,0.0151236888096
0.0,0.0,0.715710723192,0.0758143522866,0.0022364802347,0.120660123118,0.00435041897027,0.0448457708318,0.00798971770145
0.0,0.0150602409639,0.596385542169,0.106994785433,0.00364007131573,0.155471819067,0.00890843337754,0.0484770336338,0.0164973848024
0.0,0.0115606936416,0.346820809249,0.100787020885,0.00256433908466,0.11798260099,0.012219784721,0.0171955801048,0.020516986547
0.0,0.00497512437811,0.393034825871,0.136707847857,0.00605343634948,0.106610513117,0.00601511022583,-0.03009733474,0.0169087387384
0.0,0.0125786163522,0.48427672956,0.121988371751,0.0049861852353,0.125080603401,0.00887033736782,0.00309223164994,0.0164046695073
0.0,0.0,0.862068965517,0.0643419357177,0.00196486378212,0.164374853438,0.00475763088942,0.10003291772,0.00843303264204
0.0,0.0,0.460869565217,0.112187271332,0.00276048666331,0.118847479809,0.00444083873689,0.00666020847664,0.00923686038332
0.0,0.00876095118899,0.576971214018,0.108531402177,0.00319763049907,0.14199610838,0.00719877278565,0.033464706203,0.013797090035
0.0,0.00459770114943,0.510344827586,0.0964605206035,0.00241752816221,0.116215957525,0.00549189730121,0.0197554369217,0.0098255544103
0.0,0.0118577075099,0.565217391304,0.104641512491,0.00335416964231,0.131709555971,0.00811141090032,0.0270680434802,0.0150926098375
0.0,0.0202702702703,0.608108108108,0.104690329354,0.00335701888858,0.148661273922,0.00831955930588,0.0439709445689,0.015829974404
0.0,0.0,0.309352517986,0.120194181356,0.00311125231379,0.0886389580942,0.00317972173742,-0.031555223262,0.0069870260597
0.0,0.00664451827243,0.634551495017,0.0967905862289,0.00391805090249,0.153457241009,0.00873225303664,0.0566666547804,0.016860312774
0.0,0.0,0.579365079365,0.118736075915,0.00431243938799,0.14342551967,0.00469812283967,0.0246894437552,0.0110054460963
0.0,0.0,0.421052631579,0.126037719153,0.00465887809257,0.120801666937,0.00789218908975,-0.00523605221647,0.0169752012043
0.0,0.0,0.497835497835,0.104132404543,0.00214656512737,0.11184509748,0.00347002781201,0.00771269293753,0.00835727801776
0.0,0.0,0.466666666667,0.133715386584,0.00546358655759,0.126803079302,0.00539722688618,-0.00691230728155,0.0133491988129
0.00281690140845,0.00281690140845,0.580281690141,0.0996301303708,0.00316606733027,0.12881924302,0.00638451870057,0.0291891126496,0.0116551329828
0.0,0.00196850393701,0.669291338583,0.0779698834344,0.00177893438862,0.124752855132,0.00574867307792,0.0467829716977,0.0093448355392
0.0,0.00287356321839,0.609195402299,0.111182867203,0.00292740269447,0.141728059371,0.00541201672752,0.0305451921675,0.0108285980703
0.0,0.0,0.406392694064,0.140948173689,0.00449178221453,0.127044561526,0.00468353560289,-0.0139036121636,0.0112543769828
0.0,0.0,0.676470588235,0.1100686602,0.00524079410831,0.16681533965,0.00665565283361,0.0567466794506,0.0167654777393
0.0,0.0,0.389312977099,0.117446819146,0.00265278235966,0.112226758667,0.00410038366299,-0.00522006047881,0.00913404861667
0.0,0.0,0.287769784173,0.138512496642,0.00343087993266,0.100718072616,0.00373575018376,-0.0377944240259,0.00960602682822
0.0,0.00414937759336,0.502074688797,0.120578867188,0.00425958243745,0.130499513197,0.00593222485943,0.0099206460089,0.0123813913495
0.0,0.0,0.300751879699,0.143388734277,0.00459162287042,0.0948377521148,0.00441386277063,-0.0485509821626,0.0133600867606
0.00862068965517,0.00431034482759,0.409482758621,0.13357071667,0.00614296509978,0.0999735942372,0.00480289258744,-0.0335971224332,0.015551445797
0.0,0.0,0.377906976744,0.123549688554,0.00428814825459,0.102567490502,0.00379685726953,-0.0209821980516,0.00988867890296
0.0,0.0123456790123,0.695473251029,0.0983904134587,0.00280759788792,0.158013894327,0.00731596779595,0.0596234808686,0.0125311381265
0.0,0.0102564102564,0.476923076923,0.132267522103,0.00454646505973,0.131074918885,0.00709944908575,-0.00119260321795,0.0152884760154
0.00353356890459,0.0106007067138,0.399293286219,0.143498993728,0.00836523696892,0.114668045242,0.00623998007081,-0.0288309484861,0.0182502689425
0.0,0.0,0.413897280967,0.122934304556,0.00438805048353,0.121041053923,0.00657271210753,-0.00189325063265,0.0144348486706
0.0,0.00561797752809,0.443820224719,0.121968884459,0.00357844096762,0.120372857576,0.00785882215867,-0.00159602688381,0.0165180519959
0.003125,0.0,0.51875,0.108114528374,0.00387820204924,0.120201666325,0.00514483522683,0.0120871379518,0.0106086814744
0.0,0.0,0.592391304348,0.10406786809,0.00338741921356,0.125977101752,0.00468940294646,0.0219092336622,0.00967845148155
0.00655737704918,0.00327868852459,0.554098360656,0.127512638306,0.00589862360848,0.153559347022,0.00906809707422,0.0260467087159,0.0171226075625
0.00507614213198,0.0,0.421319796954,0.13306735701,0.00441053395094,0.135678142093,0.00653652908989,0.00261078508305,0.0137346113736
0.0,0.0144230769231,0.394230769231,0.140632117591,0.00505978299889,0.137574703696,0.00952158931588,-0.00305741389535,0.0192990738416
0.0,0.0045871559633,0.52752293578,0.113209796049,0.00394286150507,0.128547312339,0.00620810411528,0.0153375162906,0.0137453343619
0.0,0.0,0.566160520607,0.111227882755,0.00397034624531,0.133943807375,0.00602075417799,0.0227159246201,0.0132838819865
0.0025641025641,0.0025641025641,0.541025641026,0.116326044162,0.00436005199261,0.133671635858,0.0063943928723,0.017345591696,0.0129704787977
0.0,0.0310880829016,0.616580310881,0.104634751774,0.00518201181127,0.171623337927,0.0144288370098,0.066988586153,0.0254467358306
0.0,0.00983606557377,0.504918032787,0.119476500535,0.00450616626516,0.134555765915,0.00935266517106,0.0150792653801,0.0163931516797
0.0,0.018779342723,0.62441314554,0.119162191146,0.00558801173741,0.165717893125,0.00934846468347,0.0465557019795,0.0215754850193
0.0,0.00171526586621,0.518010291595,0.10760528681,0.00275870068352,0.126625785058,0.00533424979646,0.0190204982481,0.0109216351227
0.0,0.0,0.647540983607,0.0982782800151,0.0037288703012,0.148789397385,0.00594675862864,0.0505111173702,0.0123352731421
0.00456621004566,0.00456621004566,0.351598173516,0.171472752758,0.00718013638586,0.112705770451,0.00616946088014,-0.058766982307,0.0182585164983
0.0,0.0235294117647,0.494117647059,0.133902858921,0.00471935991495,0.139993965117,0.00775615450293,0.00609110619668,0.0166334017825
0.00373134328358,0.0,0.492537313433,0.121415706984,0.00513622966179,0.12920516168,0.00493603960228,0.00778945469636,0.0128195776425
0.0,0.0,0.45643153527,0.106751270895,0.00256572052845,0.108670587575,0.00440298221351,0.00191931668041,0.00830548035287
0.0,0.0,0.553884711779,0.0971874275685,0.0025041381823,0.121157660022,0.00606855257824,0.0239702324532,0.0106128426185
0.0,0.0,0.627118644068,0.0857934580406,0.00188897016568,0.119280231882,0.00409110110382,0.0334867738416,0.00805698384493
0.0,0.0,0.451428571429,0.145735526569,0.00351303576838,0.140593772097,0.00611756077536,-0.00514175447268,0.0110586363004
0.00375939849624,0.00375939849624,0.43984962406,0.13153774521,0.00498393850725,0.127473748531,0.00663017520737,-0.00406399667932,0.0154244816173
0.0,0.0,0.459627329193,0.105605392668,0.00375473154471,0.0996852279691,0.00253203524815,-0.00592016469878,0.00858399632907
0.00925925925926,0.0,0.222222222222,0.135196961849,0.0041137555299,0.0782045231262,0.00252768189074,-0.0569924387229,0.00862033663991
0.0,0.0,0.461538461538,0.131446708386,0.00392315793191,0.136228302255,0.00664100267038,0.00478159386841,0.0139925132612
0.0,0.0,0.627659574468,0.075224784477,0.00169270431463,0.111215878437,0.00381582338458,0.0359910939598,0.00726350484409
0.0,0.0,0.513513513514,0.119909048224,0.00303957970707,0.140588054155,0.00488694167573,0.0206790059314,0.00760690610205
0.0,0.00409836065574,0.72131147541,0.0797334339168,0.00365874443353,0.125519476118,0.00618463218119,0.0457860422017,0.0117676340359
0.0,0.0,0.40127388535,0.119671786699,0.00309203137223,0.104486354662,0.00372044324588,-0.0151854320372,0.00840375582611
0.0,0.0137299771167,0.512585812357,0.12718587189,0.00528718551299,0.140983794492,0.00869713729273,0.0137979226013,0.0165857103467
0.0,0.0,0.669515669516,0.0870920418522,0.00304449728304,0.146371527521,0.00587222996759,0.0592794856693,0.0112869859024
0.0,0.00153609831029,0.783410138249,0.0734830864876,0.00215399608457,0.142665241725,0.00427874441373,0.0691821552378,0.00961044832614
0.0,0.0,0.685053380783,0.0932694853572,0.00387499104175,0.146408386665,0.00592294774722,0.053138901308,0.0126779364362
0.0,0.0,0.528409090909,0.114195574945,0.00472565382609,0.122249699465,0.00413060765318,0.00805412452017,0.0112891696711
0.0,0.0,0.424242424242,0.127679324673,0.00342585583731,0.112651773584,0.00359102943764,-0.0150275510891,0.0100856739195
0.0,0.0,0.302158273381,0.133527067621,0.00274799187006,0.101435845676,0.00471106664705,-0.0320912219449,0.00909127494476
0.0,0.00250941028858,0.705144291092,0.0867545762493,0.00389708387402,0.14334030665,0.00556110011278,0.0565857304005,0.0120983913643
0.0,0.00709219858156,0.393617021277,0.12409313467,0.00515621515317,0.108710415093,0.00574662309973,-0.0153827195775,0.015536643932
0.0,0.013986013986,0.517482517483,0.127638709271,0.00484237118115,0.163153060622,0.00985385880292,0.0355143513506,0.0193214322033
0.0,0.00189035916824,0.438563327032,0.116284401895,0.00364479253821,0.112630764376,0.00479276279056,-0.00365363751961,0.0122088537213
0.0,0.00343642611684,0.340206185567,0.134887365916,0.00342856522489,0.100781666818,0.0046719061177,-0.0341056990979,0.0098549188477
0.0,0.00211416490486,0.507399577167,0.106430965503,0.00362028055523,0.110477285206,0.00507088622018,0.00404631970346,0.0116142003732
0.0,0.0,0.627272727273,0.0963120315085,0.0032989865467,0.132951445335,0.00392135188216,0.036639413827,0.00939980248992
0.0,0.0,0.327272727273,0.148844297928,0.00524131143767,0.127687171651,0.00527472154762,-0.0211571262774,0.0125383187079
0.0,0.0,0.462962962963,0.10910747574,0.00336604227026,0.106721201617,0.00245898009004,-0.00238627412333,0.00650744054167
0.0,0.0045045045045,0.333333333333,0.126339997864,0.00281393159823,0.0977396973904,0.0047538188731,-0.0286003004733,0.0104633909547
0.0,0.0,0.307692307692,0.128471891887,0.00304513540953,0.104792118252,0.00634260196578,-0.0236797736353,0.0111371357704
0.0,0.0,0.412371134021,0.125943278659,0.00266030668623,0.110881522941,0.00377222800404,-0.0150617557173,0.0073528991561
0.0,0.0,0.622448979592,0.110277787562,0.00392290054878,0.148212222181,0.00807794683923,0.0379344346191,0.013329017906
0.0,0.00884955752212,0.477876106195,0.105192718365,0.00313302195154,0.122627852899,0.00661403781617,0.0174351345346,0.013157089686
0.0,0.0,0.401129943503,0.126034697752,0.00304094077001,0.10520488127,0.00415826926101,-0.0208298164814,0.0093986681056
0.00990099009901,0.00990099009901,0.326732673267,0.146828734381,0.00571383223702,0.109378726357,0.00545360468306,-0.0374500080239,0.0132848130687
0.0,0.0,0.397321428571,0.125498510435,0.00360753779461,0.112742348039,0.00552868428048,-0.0127561623954,0.0105820210851
0.0,0.0,0.459459459459,0.130192139339,0.0039812657689,0.126147277472,0.00488693223163,-0.00404486186674,0.0112267267818
0.0,0.0,0.593548387097,0.108139741701,0.00399104939546,0.138240640222,0.0045902255755,0.0301008985209,0.00982349454284
0.0,0.00209205020921,0.807531380753,0.0671817997726,0.00257687570298,0.155581283671,0.006748122936,0.0883994838979,0.0117667104073
0.00900900900901,0.0,0.36036036036,0.131821177951,0.00591869446538,0.10082606673,0.00359499416648,-0.0309951112208,0.0114031032986
0.0,0.0,0.645539906103,0.093625009296,0.00277830778481,0.132814467253,0.00464218088322,0.0391894579572,0.0102231263341
0.0028901734104,0.0,0.312138728324,0.135154215615,0.00412602443407,0.104049104225,0.00379329646239,-0.03110511139,0.0117123010878
0.0,0.0,0.358333333333,0.143818028286,0.00478226288582,0.113572901837,0.00547268681742,-0.0302451264494,0.0137077386794
0.0,0.0,0.466292134831,0.117943862053,0.00363701850654,0.112383131299,0.00432849838767,-0.0055607307542,0.0100539600522
0.0,0.00531914893617,0.579787234043,0.108142119953,0.00399091181689,0.127294523765,0.00632162336425,0.019152403812,0.0128594588881
0.0077519379845,0.0,0.348837209302,0.15008747837,0.00758828039175,0.111979491442,0.00308029094914,-0.0381079869273,0.0124178585627
0.0,0.0,0.578947368421,0.10452087231,0.00379213225948,0.131226368891,0.00475853578756,0.0267054965811,0.010735770256
0.0,0.00917431192661,0.660550458716,0.095145802742,0.00312740213254,0.147632821712,0.00664313130936,0.0524870189702,0.0116834014435
0.0119047619048,0.0,0.333333333333,0.137746785139,0.00499147978027,0.108275076772,0.00310271634761,-0.0294717083669,0.00827541352935
0.0,0.00813008130081,0.674796747967,0.100656447343,0.00284794066608,0.162481249564,0.00695806561546,0.0618248022215,0.0126290139817
0.0,0.00449438202247,0.761797752809,0.0888849842178,0.00282825701376,0.166733480958,0.00779274302085,0.0778484967399,0.0134850436516
0.0,0.0,0.33734939759,0.140218797811,0.00375961527809,0.105999054475,0.00388528868856,-0.0342197433355,0.00949294381769
0.0,0.0,0.21686746988,0.156593683166,0.00422305146745,0.096527773701,0.00298500917884,-0.0600659094649,0.00663981787732
0.0,0.0,0.338842975207,0.137601693213,0.00373797173062,0.110582743844,0.00398551796294,-0.0270189493694,0.00985536036668
0.0,0.008,0.232,0.173502761233,0.00536995223908,0.112669366573,0.00491301381375,-0.06083339466,0.0139951801506
0.0,0.00571428571429,0.525714285714,0.110083077983,0.00425914257581,0.115691790344,0.0051711839583,0.00560871236152,0.0103476749092
0.00356506238859,0.0017825311943,0.623885918004,0.101213354649,0.00358616132289,0.135865645071,0.00528346156527,0.0346522904217,0.0114213943156
0.0,0.0,0.504807692308,0.118796039337,0.00318155635861,0.126384290254,0.00608043665386,0.00758825091707,0.0109410625666
0.0,0.0048309178744,0.309178743961,0.146522770223,0.00478758779409,0.107566079372,0.00485046993249,-0.0389566908511,0.0118383922297
0.0,0.0,0.366863905325,0.132975763759,0.00473601477717,0.114876686185,0.00571362507313,-0.0180990775745,0.0137998313384
0.0,0.0251572327044,0.51572327044,0.134282716887,0.00483511784894,0.158551256863,0.00984756777392,0.0242685399754,0.0166938107796
0.0,0.0,0.53305785124,0.0960770982496,0.00254149211763,0.120909856711,0.00598104944858,0.0248327584612,0.0112358723451
0.0,0.00649350649351,0.545454545455,0.104976253358,0.00418354080467,0.118032911074,0.00614928225558,0.0130566577161,0.010712988132
0.0,0.0,0.534285714286,0.0965587057613,0.00260024591408,0.10852560313,0.0042059318999,0.0119668973684,0.0100547842802
0.0,0.00201207243461,0.611670020121,0.104070037287,0.00320576798431,0.138143406768,0.00606805429521,0.0340733694812,0.0117834444404
0.00796812749004,0.0,0.282868525896,0.149037319105,0.00555913818142,0.0949570798327,0.0058962670398,-0.054080239272,0.01561011678
0.0,0.0,0.745762711864,0.0768578051678,0.00196133631165,0.132241950652,0.00297316542673,0.0553841454843,0.00717945700567
0.0,0.0,0.287356321839,0.147699498046,0.00517286798299,0.0963948483267,0.00538210536807,-0.0513046497195,0.016158351003
0.0,0.0,0.519736842105,0.112578342528,0.00432130419047,0.128319154478,0.00692204457074,0.0157408119503,0.0156365602027
0.0,0.0062893081761,0.509433962264,0.103238608294,0.00295427691053,0.11689587982,0.00498852160163,0.0136572715259,0.0102038352127
0.0,0.0,0.377938517179,0.126563878932,0.00312603750941,0.110487350917,0.0043448690928,-0.0160765280155,0.011035660498
0.0,0.0,0.458064516129,0.105309379125,0.00322400306156,0.110757242665,0.00568152103011,0.0054478635405,0.0127160492914
0.0,0.0,0.532188841202,0.105670430432,0.00323138662512,0.125816346424,0.00556039901756,0.0201459159918,0.0120728875727
0.0,0.00354609929078,0.652482269504,0.0782613161599,0.00316780104609,0.129645350061,0.00582746165545,0.0513840339011,0.0116928803735
0.0,0.0,0.479452054795,0.111310387972,0.00304302378454,0.118180939877,0.00490538375013,0.00687055190455,0.00878338893666
0.0027397260274,0.0191780821918,0.679452054795,0.105892996605,0.00510896365023,0.170893505132,0.00980750545946,0.0650005085263,0.0181159811409
0.0,0.0122324159021,0.706422018349,0.0845897738387,0.00212467337444,0.147392419149,0.00859699163724,0.0628026453103,0.013100196268
0.0,0.0,0.426470588235,0.126511644229,0.003716373718,0.116620812165,0.00321366685941,-0.00989083206424,0.00814930250331
0.0,0.00423728813559,0.830508474576,0.0665120811709,0.00162180708868,0.14666751304,0.00464310947619,0.0801554318692,0.00796998345152
0.00537634408602,0.010752688172,0.505376344086,0.11788493791,0.00485595402347,0.132167181385,0.00702119422142,0.0142822434753,0.0136077646283
0.0,0.0,0.479166666667,0.102172250782,0.00256315410366,0.113265887781,0.00451628086748,0.0110936369989,0.00904991759205
0.0,0.0,0.73,0.0870284230631,0.00216805895271,0.145696737521,0.00416537798793,0.0586683144584,0.00823127250544
0.0,0.00292397660819,0.453216374269,0.126537765178,0.00347525931685,0.119227106863,0.00547516776627,-0.00731065831562,0.0121199076465
0.0,0.0018691588785,0.607476635514,0.0976255504502,0.00255025774178,0.133047759869,0.00609303128832,0.0354222094185,0.0112026703374
0.010101010101,0.00505050505051,0.505050505051,0.114001047942,0.00571040878235,0.12772133852,0.00643969689514,0.0137202905778,0.0169479474792
0.0,0.0,0.62893081761,0.0891550100066,0.00313190941387,0.120819905529,0.0041975320073,0.0316648955224,0.00813166121101
0.0,0.0,0.409302325581,0.09757822107,0.00172861246155,0.0871709146327,0.0027526438134,-0.0104073064373,0.00658443857306
0.0,0.0,0.254901960784,0.113949991899,0.00215026906411,0.0667514106264,0.00148882767746,-0.0471985812724,0.00420818082398
0.0,0.00252525252525,0.611111111111,0.11250103319,0.00397763545516,0.151387184655,0.00667852286215,0.0388861514656,0.0144101912481
0.0,0.0,0.541095890411,0.11391749151,0.00355760107907,0.121390742926,0.00468683393782,0.00747325141606,0.0105265533436
0.00284090909091,0.00142045454545,0.470170454545,0.11778409367,0.00421730574538,0.11787310425,0.00549717937774,8.90105801576e-05,0.0119190788561
0.0,0.0,0.544186046512,0.125938797973,0.00543784406399,0.157059996323,0.00777625486777,0.0311211983494,0.0170672030783
0.00740740740741,0.0,0.711111111111,0.104696721078,0.0045099626344,0.144371640876,0.00409138271657,0.039674919798,0.00875924149409
0.00746268656716,0.00746268656716,0.537313432836,0.119255063252,0.00524396529887,0.158276802797,0.00873231231835,0.0390217395448,0.0185132660287
0.00401606425703,0.00200803212851,0.377510040161,0.130575190068,0.00671302099101,0.0956157617576,0.00558469902165,-0.0349594283105,0.017403065359
0.00487804878049,0.019512195122,0.512195121951,0.147977645499,0.00818968806898,0.154697540853,0.00861464422301,0.00671989535464,0.0224134753909
0.0,0.0,0.495098039216,0.0998264104571,0.00247765166931,0.10922833494,0.00289632652961,0.00940192448302,0.00620698480192
0.0,0.0,0.380952380952,0.136232371471,0.00382217414066,0.109059412731,0.00462333694226,-0.0271729587399,0.0110127097551
0.0,0.0,0.606118546845,0.0990408627258,0.0027755804394,0.135189356669,0.0054247986142,0.0361484939429,0.0109820551535
0.0,0.00571428571429,0.457142857143,0.124797012917,0.00424901563777,0.1283078304,0.00553517038026,0.00351081748287,0.0113968113239
0.0,0.00268096514745,0.804289544236,0.0717620557224,0.00259968414263,0.165823048391,0.00554982725163,0.0940609926689,0.0117875048439
0.0,0.00727272727273,0.385454545455,0.121394661035,0.00417350817605,0.103656766706,0.00685302970688,-0.0177378943294,0.0143600619371
0.0,0.0,0.415094339623,0.116526645548,0.00422569677834,0.111087402549,0.0038043071844,-0.00543924299851,0.0101581373781
0.0,0.0121951219512,0.609756097561,0.115304637093,0.003763274379,0.16359746687,0.00965210997797,0.0482928297764,0.0166738931911
0.00252525252525,0.010101010101,0.535353535354,0.110459085365,0.00416253692212,0.13042046903,0.00837499391427,0.019961383665,0.0138905928626
0.0,0.0,0.580459770115,0.10957808702,0.00433202733448,0.125005369898,0.00518676802999,0.0154272828779,0.0114736003761
0.00220750551876,0.00220750551876,0.646799116998,0.0971900859163,0.00365216531607,0.149415914123,0.00730709323335,0.0522258282069,0.0142267515083
0.0,0.0,0.78156996587,0.0760691899448,0.00204508881536,0.163375733957,0.0059251059273,0.0873065440127,0.0108684989931
0.0,0.0,0.548192771084,0.115288050965,0.00404882492898,0.124363072627,0.00546367805291,0.00907502166151,0.0122617717852
0.0,0.0,0.375,0.153550915004,0.00522911171546,0.134777659904,0.00721391550213,-0.0187732551,0.0147737053932
0.0,0.0,0.307692307692,0.122794095909,0.003094958329,0.0901415055539,0.00201604942706,-0.0326525903551,0.00571658206229
0.0,0.00202429149798,0.68016194332,0.0801757786197,0.00187515769904,0.129163570026,0.00533573056919,0.048987791406,0.00967523101402
0.0,0.0,0.734375,0.0849615319301,0.00282713270652,0.144933909267,0.00515459840017,0.0599723773365,0.0089251504358
0.0,0.0102040816327,0.69387755102,0.0788147071057,0.00189531486651,0.121379273838,0.00546934205997,0.0425645667322,0.00943708628831
0.0,0.0,0.552816901408,0.0959040757652,0.00271755165339,0.121421028079,0.00406049309635,0.0255169523134,0.00926979982263
0.0,0.0,0.391304347826,0.128272867141,0.00296904036467,0.11483868527,0.00442616827446,-0.0134341818709,0.00904256938097
0.0,0.0,0.469565217391,0.115515354249,0.00227121991951,0.128248215913,0.00724858126856,0.0127328616635,0.0108669936705
0.0,0.0,0.459833795014,0.120642903611,0.0038890991078,0.12331837207,0.00543229394716,0.00267546845904,0.0123612723078
0.0101419878296,0.0121703853955,0.419878296146,0.151261366418,0.00553156763135,0.129243971054,0.0081506546534,-0.0220173953638,0.0172022209239
0.0,0.0,0.278260869565,0.158427452256,0.00330652260995,0.108255956616,0.00366182418721,-0.05017149564,0.00777720826377
0.0125,0.0125,0.53125,0.130786476934,0.00742387632608,0.151674337936,0.011147580528,0.0208878610021,0.0253266211617
0.0,0.0,0.193717277487,0.129662008503,0.00231489903076,0.0748433322706,0.00275808936672,-0.0548186762324,0.00573354652645
0.0,0.0,0.578199052133,0.119013710386,0.00414550439285,0.139088695232,0.00543118285725,0.0200749848462,0.0119146739492
0.0,0.0,0.440677966102,0.134340748129,0.00368521375595,0.121291633087,0.00414935428697,-0.0130491150428,0.00992072629945
0.0,0.0,0.455357142857,0.0998042347928,0.00303363323156,0.0982228729252,0.00287473933207,-0.0015813618676,0.0078579749119
0.0,0.0,0.457943925234,0.136230754557,0.00546830838712,0.131972391673,0.00615147524717,-0.00425836288396,0.0164990147027
0.0,0.00719424460432,0.453237410072,0.116172677395,0.00303576838372,0.122359176282,0.00658419268049,0.00618649888715,0.0116513190941
0.0,0.00375939849624,0.821428571429,0.0717250937344,0.00224985230139,0.170508057294,0.00664397831941,0.0987829635598,0.0115107265581
0.0,0.00724637681159,0.579710144928,0.102880922237,0.00319913736217,0.135136681981,0.00574048190948,0.0322557597434,0.0111972469514
0.0,0.0111111111111,0.466666666667,0.124120421527,0.00289422210983,0.113084144587,0.00556838155069,-0.01103627694,0.0115322188544
0.0,0.0,0.434782608696,0.112794471493,0.00279434047963,0.10854467604,0.00446404941729,-0.00424979545254,0.00923549045706
0.0,0.0104712041885,0.643979057592,0.107881663745,0.0040592863796,0.1603148384,0.00700253300084,0.0524331746542,0.0137179810398
0.0,0.0,0.524475524476,0.121753455066,0.00538408933289,0.126557272145,0.00486249346574,0.00480381707833,0.0118935616862
0.00274725274725,0.0,0.104395604396,0.190281237243,0.00671076262073,0.0946854787728,0.00276664041146,-0.0955957584697,0.0105628575752
0.0,0.0,0.510989010989,0.120046506069,0.00341644250435,0.135432152616,0.00634572804843,0.0153856465471,0.012380301558
0.0,0.0,0.494949494949,0.106975715234,0.00264665719668,0.119213337418,0.00613910257009,0.0122376221842,0.0130490773414
0.0,0.0,0.245762711864,0.140211764597,0.00333585084539,0.0823091806813,0.00363138614262,-0.0579025839154,0.0102886391105
0.0,0.0,0.278106508876,0.142564621758,0.0035954873685,0.104207110968,0.00374518720008,-0.0383575107893,0.00885178496753
0.0,0.0147783251232,0.753694581281,0.0940220953328,0.00371750483637,0.177941770348,0.00883506869545,0.0839196750151,0.0168406317639
0.0,0.00671140939597,0.684563758389,0.098142380754,0.00327472132461,0.164178529181,0.00804453230572,0.0660361484271,0.013465580803
0.0,0.0,0.796460176991,0.0664355364552,0.00230267769659,0.12138403921,0.00381168299621,0.0549485027551,0.00703117788803
0.0,0.0,0.448275862069,0.118828075843,0.00340666564589,0.122833109254,0.00470314334692,0.00400503341132,0.0106001070029
0.0,0.0,0.261682242991,0.130330903993,0.00381105448072,0.0919461537996,0.0037020881135,-0.0383847501937,0.00866956039041
0.0,0.00874635568513,0.556851311953,0.107520481119,0.00345470077491,0.137191372602,0.00782823569676,0.0296708914822,0.0150901280436
0.0,0.0,0.744186046512,0.100123898447,0.0037239823683,0.166928191836,0.00657381830431,0.0668042933889,0.0129007799219
0.0,0.0,0.602794411178,0.0819565920612,0.00154120587015,0.105470150035,0.00319898101018,0.0235135579738,0.006423548236
0.0,0.0,0.385542168675,0.134998611321,0.0047180706046,0.105860026739,0.00500351935257,-0.0291385845818,0.0136004287098
0.0,0.0,0.388888888889,0.14345075323,0.00612967787666,0.12086635462,0.00706126917123,-0.0225843986103,0.0132486030876
0.0,0.0,0.518867924528,0.109278761338,0.00256699198821,0.111212788157,0.00543736194287,0.00193402681893,0.0109517114668
0.0,0.00302114803625,0.664652567976,0.0942421387823,0.00312898289334,0.139564737812,0.0066223233961,0.0453225990293,0.0115748497821
0.0,0.0,0.486486486486,0.125082152102,0.00353310777867,0.131131577078,0.00451464707195,0.00604942497591,0.00871483170407
0.0,0.00647249190939,0.517799352751,0.106155377135,0.00398615469833,0.115663868949,0.0074281130431,0.00950849181365,0.0161657951621
0.0,0.0,0.519230769231,0.121474045537,0.00474966188113,0.130448714559,0.00903742048547,0.00897466902153,0.0174377292735
0.0,0.0,0.38418079096,0.110929074923,0.00229509088692,0.0944992844954,0.00523170698715,-0.0164297904272,0.010514215122
0.0,0.0,0.70802919708,0.0923295139015,0.0032151175823,0.139643389382,0.00611328517478,0.0473138754804,0.0113787838463
0.0,0.0,0.525222551929,0.117236835376,0.00281115244238,0.143001829139,0.00682121923662,0.0257649937639,0.0136979173256
0.0,0.0140845070423,0.30985915493,0.164164616599,0.0069707516854,0.127358666946,0.00779566320758,-0.0368059496535,0.0188464832398
0.0,0.0,0.457627118644,0.124488548255,0.00387624083133,0.120246108007,0.00485429498275,-0.00424244024801,0.00868978932167
0.0,0.00261780104712,0.615183246073,0.0862763470915,0.00322497246542,0.110197687337,0.0051135416165,0.0239213402455,0.0114522938277
0.0,0.0,0.478260869565,0.122574018049,0.00363673121697,0.131926877505,0.00539622614417,0.00935285945608,0.0110707532175
0.0,0.0,0.357142857143,0.134235279057,0.00406094579945,0.112430577742,0.00503279133767,-0.0218047013151,0.0100759180689
0.0,0.0,0.688888888889,0.0917665264504,0.00167958258853,0.149396212669,0.00662549928668,0.0576296862186,0.0100641827005
0.0,0.0,0.390625,0.121538617636,0.00316639265243,0.127637649766,0.00899386275052,0.00609903213008,0.0152846035472
0.0,0.0,0.5,0.103339491237,0.0019653000461,0.114892609849,0.00471170515812,0.0115531186119,0.00806961103479
0.0,0.00409836065574,0.504098360656,0.141701710134,0.00524194350159,0.144056566554,0.0104490443092,0.00235485642035,0.0230258145201
0.00947867298578,0.00947867298578,0.497630331754,0.136205295981,0.00680958414314,0.134043532909,0.00892572872487,-0.00216176307222,0.0223920171649
0.00806451612903,0.0,0.370967741935,0.166208914407,0.00950074135225,0.134488169757,0.00852497075905,-0.0317207446505,0.0226983200749
0.0,0.00507614213198,0.781725888325,0.0867243518091,0.00273867944569,0.184368065351,0.00767468757623,0.0976437135415,0.014035053052
0.0,0.0,0.64979757085,0.0806126213195,0.00182865650562,0.116987585616,0.0038130815918,0.0363749642969,0.00789446826335
0.0,0.0025974025974,0.558441558442,0.100749617966,0.00239723102968,0.119752057449,0.00468950964862,0.0190024394829,0.00941214089197
0.0,0.0,0.548961424332,0.0829241025148,0.00187248546884,0.0924383641459,0.00262774943891,0.00951426163113,0.00598078832696
0.0,0.0,0.28813559322,0.120750809682,0.00285428278701,0.105374125027,0.00402984820316,-0.0153766846557,0.00779964556601
0.0,0.0,0.583333333333,0.103912550688,0.00208005446542,0.141585786594,0.00715468451105,0.0376732359063,0.0103091606315
0.0,0.0,0.553191489362,0.118126969849,0.00548234629073,0.144981746741,0.00673748416267,0.026854776892,0.0162278760357
0.0,0.0,0.431034482759,0.128269127733,0.00611850891003,0.110122826088,0.00322150992893,-0.0181463016451,0.0111058752726
0.0,0.00819672131148,0.426229508197,0.130952975044,0.0046014913678,0.120694223623,0.00669124564596,-0.0102587514213,0.0135452081719
0.0,0.00763358778626,0.595419847328,0.101109709199,0.00339916714873,0.151793973937,0.00558096033002,0.0506842647384,0.0108413965484
0.0,0.00497512437811,0.779850746269,0.0842016726098,0.0019800095866,0.165858541605,0.00676202866307,0.0816568689947,0.0118322308605
0.0,0.0,0.52380952381,0.0994344871759,0.00222244225875,0.112515129845,0.00486445269402,0.0130806426689,0.010584362451
0.00714285714286,0.0142857142857,0.507142857143,0.100417588031,0.00429476048395,0.12136847311,0.00684009379891,0.0209508850793,0.0139939261341
0.0,0.0020202020202,0.888888888889,0.0657913862357,0.0015513953049,0.169118721274,0.00458842638538,0.103327335038,0.00858471398891
0.0,0.0,0.470588235294,0.126109211899,0.00430112406417,0.117386652786,0.00509000294176,-0.00872255911286,0.0118083666379
0.0059880239521,0.0059880239521,0.814371257485,0.0815109670556,0.00395495476439,0.155837709305,0.00551957419946,0.0743267422498,0.0137336232834
0.0,0.00398406374502,0.695219123506,0.0944580251565,0.00331863045077,0.139597156703,0.00538288424072,0.0451391315462,0.0111279292162
0.00826446280992,0.0165289256198,0.685950413223,0.11468168055,0.00480386422053,0.164086718912,0.00856919663103,0.0494050383623,0.0151651218163
0.00271002710027,0.0243902439024,0.644986449864,0.115389199052,0.00430089507988,0.160480610842,0.00999128814253,0.0450914117901,0.0167339249786
0.0,0.00694444444444,0.768518518519,0.0835320768045,0.00323210510267,0.154306287848,0.00708003668118,0.0707742110434,0.0134485753702
0.0,0.0,0.0909090909091,0.126471269941,0.00208645520131,0.0618027839669,0.00104539936507,-0.0646684859743,0.00452363492178
0.0,0.0,0.4875,0.12009588466,0.00293874402559,0.149755533398,0.00770054509448,0.0296596487383,0.0151876447642
0.0,0.0176991150442,0.592920353982,0.116020422229,0.00613620579083,0.157813698604,0.00930667862291,0.0417932763755,0.0215776919086
0.0,0.0,0.393162393162,0.110982161076,0.00191569415431,0.0903416349667,0.00259673423769,-0.0206405261095,0.00561048445542
0.00869565217391,0.0173913043478,0.530434782609,0.129357055141,0.00553776148175,0.138575787444,0.00883584171488,0.00921873230318,0.0182860235813
0.0,0.00452488687783,0.610859728507,0.112242297684,0.00394591004876,0.140862241098,0.00607743192281,0.0286199434134,0.011130078239
0.0,0.0,0.283783783784,0.11481676954,0.00303340794086,0.0816848040966,0.00374686183693,-0.0331319654431,0.00890626113748
0.0,0.00970873786408,0.398058252427,0.128425359398,0.00325027673802,0.116771573712,0.00448472888299,-0.0116537856866,0.00784100991877
0.0,0.0,0.524079320113,0.106492893466,0.00349129919466,0.124806950449,0.00528233592177,0.0183140569824,0.0114825005239
0.0491803278689,0.0655737704918,0.549180327869,0.211783368457,0.0095941135022,0.230007051476,0.0127340438708,0.0182236830184,0.0237777322763
0.0,0.0,0.454545454545,0.119349854919,0.00303189383425,0.119804521162,0.00563075057734,0.000454666243421,0.00975355872487
0.0,0.0,0.719901719902,0.0755810155099,0.00163849113498,0.130433998663,0.00361669875737,0.0548529831531,0.00765898215785
0.0,0.0,0.397058823529,0.137830542294,0.00416803487108,0.110987759103,0.00253473723647,-0.0268427831906,0.00739125716344
0.0,0.0,0.537634408602,0.115091844514,0.00399989272337,0.133279457371,0.00599704501788,0.0181876128575,0.0127275028098
0.0,0.0,0.521739130435,0.0991183914897,0.00224766729369,0.110295290211,0.00335815873301,0.0111768987209,0.00792514810252
0.0,0.0,0.290322580645,0.150922520836,0.00649271488915,0.0915942993192,0.00290094480656,-0.0593282215168,0.00990429258058
0.0,0.00183823529412,0.569852941176,0.0944527063681,0.00196693042158,0.123162376302,0.00492305340853,0.0287096699341,0.0100678645467
0.0,0.0,0.393939393939,0.137624904502,0.00346155880471,0.12590635361,0.00575983274826,-0.0117185508917,0.0103622966879
0.0,0.0,0.389830508475,0.112708517997,0.00224014721603,0.103238892217,0.00219707331952,-0.00946962578006,0.00502249420485
0.0,0.0,0.452631578947,0.12320996072,0.00295424296075,0.121866227054,0.00416918220788,-0.00134373366552,0.0105111289867
0.0,0.003125,0.540625,0.0990668454764,0.00262262570183,0.127240813468,0.00790515955478,0.0281739679916,0.0139954188072
0.0,0.0,0.434782608696,0.128230997781,0.00403549984959,0.112237325105,0.00512332369399,-0.0159936726765,0.0111821821547
0.0,0.0,0.389423076923,0.128359302433,0.00417471869934,0.103123775492,0.00461551983548,-0.0252355269407,0.0108003936458
0.0,0.0128205128205,0.512820512821,0.133355545357,0.00597222874792,0.133337636515,0.00812095172633,-1.79088418901e-05,0.0192099251322
0.0,0.00319488817891,0.568690095847,0.0905737949076,0.00232136824419,0.116851548481,0.00518943418889,0.0262777535735,0.00983138765293
0.0,0.0,0.207920792079,0.127693402515,0.00273200765403,0.0856910125844,0.00312053886751,-0.042002389931,0.0073303571497
0.0,0.0,0.636363636364,0.111908534634,0.00515303862914,0.153476622641,0.0065812774315,0.0415680880066,0.0147850739803
0.0,0.0,0.541666666667,0.10821089667,0.00444904129209,0.108552314434,0.00406047500932,0.000341417764747,0.0140010650489
0.0,0.00584795321637,0.40350877193,0.133491259882,0.00341249825902,0.11615320159,0.00434953788972,-0.0173380582922,0.00979789308437
0.00454545454545,0.00909090909091,0.631818181818,0.115284604705,0.0091910477265,0.14671109214,0.0094402050594,0.0314264874347,0.0275102671391
0.0,0.0,0.658536585366,0.0682539350799,0.00115396030171,0.10121037724,0.00270654530932,0.0329564421605,0.00349547235301
0.0,0.0,0.575163398693,0.0914196913832,0.00200663548713,0.121257458439,0.0037226660926,0.029837767056,0.00761110586884
0.0,0.00292397660819,0.634502923977,0.105059093919,0.00322872827294,0.159071064319,0.00943297583318,0.0540119704002,0.0162254372117
0.0,0.0,0.675572519084,0.0906476327417,0.0020560246847,0.13589722531,0.00432800327277,0.045249592568,0.00814598388032
0.0,0.0,0.41095890411,0.116498004607,0.00227904781656,0.113807311883,0.00418607216691,-0.00269069272351,0.00815444250575
0.0,0.0108695652174,0.554347826087,0.131458094736,0.0028908384017,0.165511201854,0.00973258141039,0.0340531071179,0.0145415280191
0.00613496932515,0.0,0.730061349693,0.0866288703819,0.00376356053005,0.133361565335,0.00502210172516,0.0467326949531,0.012567014598
0.0,0.00526315789474,0.442105263158,0.129288244163,0.00470523453966,0.119974660781,0.00524564690748,-0.00931358338165,0.0133252448438
0.0,0.0,0.56289978678,0.105731847634,0.00314206002334,0.126397457148,0.0050078718533,0.0206656095141,0.0107308311589
0.0,0.0,0.447058823529,0.100797862298,0.00185867210155,0.10277716627,0.00247261270841,0.00197930397188,0.00590067096524
0.0344827586207,0.0,0.275862068966,0.25629883749,0.00653794993606,0.175354793078,0.00708554365478,-0.0809440444115,0.0181838393389
0.0,0.0253164556962,0.518987341772,0.123638703199,0.00426808095571,0.136367211459,0.00596934906529,0.0127285082604,0.0123000795026
0.0,0.0,0.576470588235,0.0992678691835,0.00234040242767,0.134755046597,0.00554738213666,0.0354871774138,0.0107110734375
0.0,0.0,0.519379844961,0.116547354596,0.00476771588015,0.127615837641,0.0070773975513,0.0110684830447,0.0147071343579
0.0,0.0,0.688622754491,0.103786617556,0.00325835538784,0.156254763519,0.0078661891909,0.0524681459621,0.0144543187959
0.0,0.0,0.495575221239,0.105317958765,0.00234981779911,0.0993429580422,0.00275072878618,-0.00597500072311,0.00747523172845
0.0,0.00675675675676,0.594594594595,0.0866594162466,0.00266855054715,0.12405299442,0.00600330308352,0.0373935781731,0.0129141105914
0.0,0.0,0.509375,0.0950171833929,0.00162185340514,0.100648182966,0.00280676476278,0.00563099957319,0.0065298036724
0.0,0.00173310225303,0.590987868284,0.0942277222129,0.00241476885375,0.126599118008,0.00535450200052,0.0323713957946,0.0109156426718
0.0,0.00854700854701,0.461538461538,0.120904890704,0.00263605441689,0.114468768762,0.00596726152806,-0.00643612194218,0.0112590819288
0.0,0.0,0.636363636364,0.0919761986748,0.00198887090848,0.130338795131,0.00326308344443,0.0383625964562,0.00654095303909
0.0,0.0036496350365,0.587591240876,0.108986824976,0.00323209299366,0.133073848337,0.00528057244893,0.0240870233612,0.010851418251
0.0,0.0,0.632596685083,0.100708949691,0.00326414044878,0.138610459313,0.00499924311679,0.0379015096217,0.0102033662482
0.0,0.0,0.765690376569,0.0709147262899,0.00166477877371,0.134433093272,0.00403777116411,0.0635183669824,0.00844065170962
0.0,0.0,0.64312267658,0.0986528036251,0.00365794981812,0.150631378275,0.00490759117849,0.0519785746498,0.0109452420957
0.0,0.0,0.247216035635,0.143701149497,0.00229939672701,0.0898723600662,0.00335033458996,-0.0538287894311,0.00753374242895
0.0,0.00787401574803,0.629921259843,0.101938621003,0.00379977991551,0.150329913491,0.00640030350898,0.0483912924882,0.0139046492086
0.0,0.00740740740741,0.57037037037,0.0905206913562,0.00241764474499,0.128416148694,0.00633980079398,0.0378954573381,0.0106623684999
0.0,0.0,0.579710144928,0.0973672012147,0.00236826730679,0.126890391927,0.00476104518599,0.0295231907119,0.00970098924574
0.0,0.0,0.5,0.101593740257,0.0028225448398,0.104890744604,0.00400910299352,0.00329700434699,0.008724485571
0.0,0.0,0.641711229947,0.0992312314497,0.00338608464179,0.141535603259,0.00666443154795,0.0423043718095,0.0134397690724
0.0,0.00205761316872,0.549382716049,0.0928744475443,0.00201248785092,0.114800983662,0.00473588248184,0.0219265361174,0.00977120927021
0.0,0.00763358778626,0.625954198473,0.102585192617,0.00385489931033,0.138876069084,0.00793107025039,0.036290876467,0.0136648745199
0.0,0.0,0.868421052632,0.0537960115309,0.00163826245367,0.154488935949,0.0044972891256,0.100692924418,0.00777997341668
0.0,0.00442477876106,0.70796460177,0.0852263493049,0.00228723573068,0.143801512711,0.00558059028398,0.0585751634066,0.0102628255827
0.0,0.0,0.641025641026,0.0882787220606,0.00221396677336,0.131993624508,0.00608552091595,0.0437149024473,0.0113180951569
0.0,0.00523560209424,0.774869109948,0.0755110708942,0.00233054560398,0.134644800909,0.00445696100403,0.0591337300152,0.00894673099596
0.0,0.0,0.47191011236,0.108790801584,0.00265493828143,0.116196413155,0.00494155889626,0.00740561157126,0.00952487475576
0.0,0.00677200902935,0.643340857788,0.0936077093957,0.00334527885691,0.135175936946,0.00636378112493,0.0415682275502,0.0134506350273
0.0,0.0,0.718592964824,0.108220757666,0.00353413801517,0.174756166749,0.00635999930107,0.0665354090836,0.0149803185521
0.0,0.0,0.1,0.156968005951,0.00544097157838,0.100322875588,0.00477760963492,-0.0566451303622,0.0117343029641
0.0,0.0,0.512195121951,0.0931786272057,0.00296856536548,0.127255106489,0.00679414828011,0.0340764792834,0.0145901758637
0.0,0.0,0.753333333333,0.0674331718128,0.00185777921016,0.121089344498,0.00339469650283,0.0536561726854,0.00692554509853
0.0,0.0,0.539682539683,0.103714034671,0.00249794526318,0.127125273745,0.00528455499376,0.0234112390741,0.0119429819381
0.0,0.0131578947368,0.394736842105,0.113237479235,0.00262619482616,0.115785088954,0.0053572528355,0.00254760971893,0.00853341824164
0.0,0.0,0.322834645669,0.139031231024,0.00477341496935,0.106915222791,0.00609083078684,-0.0321160082336,0.0169486123638
0.0,0.0322580645161,0.677419354839,0.0942630731579,0.00352027898542,0.15271502045,0.0155349310798,0.0584519472923,0.0278172906876
0.0,0.0,0.375,0.126740489258,0.00491639824152,0.106389971451,0.00320921863277,-0.0203505178063,0.00844263674154
0.0,0.0,0.644444444444,0.088221895997,0.002082936479,0.142425886772,0.00690529451119,0.0542039907747,0.00914637126405
0.00226244343891,0.0,0.361990950226,0.118803577491,0.00329263542165,0.0998739933596,0.00436484262225,-0.018929584131,0.0101992988227
0.0,0.00387596899225,0.68992248062,0.0767264048512,0.0033045674254,0.125007165459,0.00543493682325,0.048280760608,0.0112237716529
0.0028328611898,0.0028328611898,0.779036827195,0.0795199495957,0.00227017022569,0.160980142678,0.00706128530705,0.0814601930826,0.0123555280229
0.0,0.0,0.105263157895,0.146593558222,0.00226392376872,0.0620166895212,0.00132105735622,-0.0845768687003,0.00393071230784
0.0,0.0,0.537634408602,0.0972740683613,0.00268866155914,0.120856486471,0.0042203555156,0.0235824181094,0.0100680131423
0.0,0.0222222222222,0.688888888889,0.124940907833,0.00340114793308,0.192080359684,0.0103686054156,0.0671394518507,0.0194726707383
0.0,0.00212765957447,0.697872340426,0.0853927606052,0.00268442024503,0.148505049835,0.00575607660879,0.0631122892301,0.0120697554138
0.0,0.0,0.622950819672,0.117114754278,0.00347831003598,0.142250933634,0.00565964749686,0.0251361793564,0.0114704234343
0.00226757369615,0.00226757369615,0.666666666667,0.0895059673816,0.00299361626214,0.143722249773,0.0075989081741,0.0542162823916,0.0141199609815
0.0,0.0,0.6,0.112129591409,0.00250902049872,0.126956894146,0.00371892311608,0.0148273027366,0.0078925720885
0.0,0.0,0.753333333333,0.0794825154161,0.00192459622351,0.161444291142,0.00509905583959,0.0819617757257,0.00986336502686
0.0,0.0,0.75967413442,0.0582702978011,0.00115088352631,0.115648850703,0.00369330963034,0.0573785529023,0.00657846764428
0.0,0.0,0.369942196532,0.119476954636,0.00239715013355,0.104158578504,0.00693757696117,-0.0153183761319,0.0125375305145
0.0,0.0,0.666666666667,0.0948185233428,0.00199427282189,0.15699373032,0.0106696635073,0.0621752069776,0.0142920020344
0.0,0.0,0.779342723005,0.067248815819,0.00116061978695,0.118244287518,0.00244101351375,0.0509954716987,0.00492000496907
0.0,0.00280898876404,0.601123595506,0.0961583015341,0.00288971163901,0.137029525554,0.00711089898761,0.0408712240196,0.0136057088851
0.0,0.0,0.388059701493,0.142848058926,0.0055301099242,0.107560249109,0.00568039042925,-0.0352878098165,0.0124955311195
0.0,0.0,0.666666666667,0.098696256422,0.00286797363396,0.136671174278,0.00700349277697,0.0379749178563,0.0132526878493
0.0,0.0,0.719266055046,0.0873800336,0.00237669514253,0.143000144448,0.00405125010332,0.0556201108477,0.00935950240276
0.0,0.00159744408946,0.717252396166,0.0683453033243,0.00140900967379,0.122733753165,0.00462714674326,0.0543884498403,0.00812378759107
0.0,0.0,0.391304347826,0.121499484783,0.00392487439444,0.0949924448794,0.00446417383656,-0.0265070399033,0.0093945600436
0.0,0.0021978021978,0.518681318681,0.117697525238,0.00245334184383,0.137596454357,0.00659379613774,0.0198989291196,0.0124599109978
0.0,0.0,0.41610738255,0.112911431979,0.00366148718925,0.099033011126,0.00348416036891,-0.0138784208532,0.00950142535617
0.0,0.0168067226891,0.647058823529,0.0823076600918,0.00276710066415,0.144874157223,0.00905697176357,0.0625664971316,0.0176067968031
0.0,0.0,0.779411764706,0.0720842109179,0.00292567679521,0.112521651779,0.00266647430514,0.0404374408608,0.00523427984952
0.0,0.0,0.320754716981,0.136400322421,0.00250955112752,0.103447088503,0.00533177483439,-0.0329532339175,0.00963367683019
0.0,0.00561797752809,0.595505617978,0.098879021259,0.00264105813757,0.121150747694,0.00431366250988,0.0222717264345,0.00895385610157
0.0,0.0,0.380952380952,0.108058362862,0.00261074735341,0.107665573212,0.00229944846582,-0.000392789649494,0.00734253266359
0.0,0.0,0.652173913043,0.0802948831748,0.00235952041364,0.11561704533,0.00387714692588,0.0353221621547,0.00880305689409
0.0,0.0,0.570469798658,0.0927688584245,0.00254403276,0.11188866761,0.00335437202316,0.0191198091852,0.00787338766738
0.0,0.0,0.447368421053,0.0941438186382,0.00209276179666,0.103840530819,0.00490086928002,0.00969671218089,0.0087735597679
0.0,0.0,0.543103448276,0.112229009788,0.00307658446385,0.127740572324,0.00471389740909,0.0155115625358,0.0097055833836
0.0,0.0,0.464912280702,0.103241212307,0.00245243232414,0.107711380704,0.00392951962956,0.00447016839729,0.00761792478921
0.0,0.0,0.375,0.135185104474,0.00299504154046,0.110836242491,0.00397931475661,-0.0243488619828,0.00884110992628
0.0,0.0,0.66576819407,0.0778855780111,0.00165304561113,0.124124396182,0.00480789809569,0.0462388181705,0.00882187414023
0.0,0.0,0.276649746193,0.132675517913,0.00313465806254,0.0888388454514,0.00429074732061,-0.0438366724617,0.00995501943873
0.0,0.0,0.507246376812,0.0891034272511,0.00153946873054,0.103304283362,0.00514937341874,0.0142008561114,0.00892973865791
0.0,0.0,0.679389312977,0.0898948932899,0.00270468027552,0.130218387437,0.0041472767825,0.0403234941466,0.00874150915617
0.0,0.0,0.302325581395,0.106180920996,0.00128178359889,0.0772874561557,0.0019059322201,-0.0288934648405,0.00467669346911
0.00313479623824,0.0,0.360501567398,0.16533839602,0.010717150567,0.0963603977596,0.00716017452603,-0.0689779982602,0.0277550620766
0.0,0.0,0.444444444444,0.103164403189,0.0016074961247,0.0824254077084,0.00312963862381,-0.0207389954805,0.00700930448174
0.0,0.0113636363636,0.670454545455,0.0916504484988,0.00207649915761,0.157831659109,0.0108404922322,0.0661812106097,0.0167023766335
0.0,0.0,0.535714285714,0.131893379119,0.0049878949038,0.147152720592,0.00784832265114,0.0152593414731,0.016212775903
0.0,0.0,0.711340206186,0.0873567681668,0.00269524700095,0.146165865062,0.00643259100704,0.0588090968947,0.0134074653899
0.0,0.00529100529101,0.761904761905,0.0763867430086,0.00174237870491,0.144755120407,0.00542265134478,0.0683683773984,0.0097289244433
0.0,0.00561797752809,0.595505617978,0.102657272926,0.00351740432548,0.138192697652,0.00584150086874,0.0355354247256,0.0121690143932
0.0,0.0,0.584269662921,0.0844263763875,0.00221837219038,0.107084005184,0.00439376027859,0.0226576287961,0.0100603351109
0.0,0.0,0.702702702703,0.0700072048621,0.000908485897647,0.109045814067,0.00372384759365,0.0390386092053,0.00516877061384
0.0,0.0,0.911111111111,0.0727218342261,0.00217184426144,0.188312019981,0.00593946144983,0.115590185755,0.0112975799513
0.0,0.0,0.333333333333,0.113867425146,0.00156768294948,0.0937717722424,0.00377123752557,-0.0200956529035,0.00636367278984
0.0,0.0,0.323529411765,0.12570881499,0.00246556114556,0.0995030534571,0.00365506676694,-0.0262057615331,0.00861071720832
0.0,0.00749063670412,0.647940074906,0.0842956823874,0.00154327418985,0.130911233214,0.00563882541192,0.0466155508268,0.00974146812467
0.0,0.00684931506849,0.684931506849,0.0828798885393,0.00243648388078,0.127813509865,0.00679510289112,0.0449336213255,0.0106263997676
0.0,0.0,0.453608247423,0.102744047134,0.00222744849713,0.11029811595,0.00469479280986,0.00755406881569,0.00920597653272
0.0,0.0,0.5,0.107377697448,0.00353105549079,0.104634464886,0.00545710987275,-0.00274323256225,0.010889823212
0.0,0.0,0.894736842105,0.100075385414,0.0023343282719,0.286031492784,0.0113291867498,0.18595610737,0.0193812022926
0.0,0.0,0.410071942446,0.130101076329,0.00532607004475,0.0975660905753,0.00400884043242,-0.0325349857535,0.012133779893
0.0,0.0,0.435897435897,0.124078727925,0.00485694617094,0.101804796702,0.00344628565587,-0.0222739312234,0.012123922007
0.0,0.0,0.486956521739,0.122285671679,0.00257918322501,0.121411542272,0.00318246562006,-0.000874129406843,0.00874505817281
0.0,0.0,0.372340425532,0.102308463791,0.00234186106953,0.0917327544359,0.00499417362513,-0.0105757093553,0.0098826733314
0.0,0.0,0.236842105263,0.141431844721,0.00324632914423,0.0974045415303,0.00394605477385,-0.0440273031905,0.00914034048564
0.0,0.0,0.209677419355,0.139869977734,0.00364973898559,0.0904680606953,0.00336705878863,-0.0494019170382,0.00936734963045
0.0,0.0144927536232,0.536231884058,0.118638294589,0.00332840180732,0.1405380749,0.0065130233385,0.0218997803111,0.0108904605217
0.0,0.0,0.636363636364,0.096408850992,0.0036287468236,0.147012502568,0.00697602366938,0.0506036515762,0.0149655248867
0.0,0.0,0.126637554585,0.163122304719,0.00299650102819,0.0719340759087,0.00309281710198,-0.0911882288106,0.00722424086896
0.0,0.0,0.798245614035,0.0894605903518,0.00281806541506,0.166036272373,0.00429233299007,0.0765756820213,0.00866668312557
0.0,0.00253807106599,0.796954314721,0.0720160530518,0.00246256783747,0.147211679563,0.00627248185094,0.075195626511,0.0115468462352
0.0,0.0,0.234375,0.143028188011,0.00341238563513,0.0984631577153,0.00333675847588,-0.0445650302958,0.00781333792682
0.0,0.00387596899225,0.662790697674,0.0984433352267,0.00255480300693,0.140806769585,0.00503792357078,0.0423634343584,0.0111155909027
0.0,0.0,0.720394736842,0.0767435928585,0.00152101912363,0.135585377216,0.00452542372714,0.0588417843573,0.00825992843431
0.0,0.0,0.5,0.1139099554,0.00210642796858,0.118440932756,0.00665947160885,0.00453097735666,0.0125231592066
0.0,0.00487804878049,0.765853658537,0.0760968759621,0.0018406553598,0.130778965066,0.00385863201711,0.0546820891043,0.00782664390896
0.0,0.0,0.289855072464,0.111990220038,0.00137480127913,0.0844828232911,0.00341682540878,-0.0275073967474,0.00742357036372
0.0,0.0,0.666666666667,0.111079069907,0.00265012869607,0.138563092496,0.00477011544126,0.0274840225889,0.0100590930508
0.0,0.0,0.175,0.163279286224,0.00667305763034,0.0674462017863,0.00429492832241,-0.0958330844373,0.0158147228583
0.0,0.0,0.573529411765,0.102316371848,0.0015435473906,0.124278637143,0.0052229258492,0.0219622652947,0.00822216554204
0.0,0.0,0.730769230769,0.105324516265,0.00205984488713,0.154920970467,0.00389382659163,0.0495964542018,0.00910130698891
0.0,0.0,0.62962962963,0.112433909058,0.002877595388,0.146031791602,0.0045931586604,0.0335978825431,0.0101084094372
0.0,0.0,0.505050505051,0.108341156011,0.00211643501736,0.119677343405,0.00600966718668,0.0113361873947,0.011011273421
0.0,0.0,0.420689655172,0.117909326971,0.00501541235804,0.103383771148,0.00699420605862,-0.0145255558227,0.0172099430246
0.0,0.0,0.538904899135,0.0958646607794,0.00195189257133,0.109148194349,0.00317307055943,0.0132835335696,0.00751631263461
0.0,0.0,0.65,0.105018392451,0.00350495695062,0.129644430241,0.00405779087377,0.0246260377899,0.00933785596107
0.0,0.0,0.452991452991,0.119181348124,0.00344382343556,0.112373059572,0.00565181311326,-0.00680828855187,0.0113063941154
0.0,0.0,0.266666666667,0.118993931056,0.000762644035183,0.103784137985,0.00300706723791,-0.0152097930711,0.00285664530622
0.0,0.0,0.117647058824,0.140131623922,0.00135089680365,0.0736525672385,0.00382471125419,-0.066479056683,0.00567452128766
0.0,0.00403225806452,0.762096774194,0.0692852096914,0.00221072434008,0.13338840553,0.00585305401947,0.0641031958389,0.0102531288435
0.0,0.0,0.751565762004,0.069988719053,0.00188724934606,0.13818082115,0.00516716304966,0.0681921020966,0.00969358018247
0.0047619047619,0.00952380952381,0.585714285714,0.101854836839,0.00353275557926,0.137898687717,0.00896918224361,0.0360438508785,0.0157188019796
0.0,0.0,0.652037617555,0.090670403951,0.00237574544587,0.133148154995,0.00458117829771,0.0424777510437,0.00928339142755
0.0,0.0,0.34375,0.123073366965,0.00229050008305,0.100251903408,0.00353332663248,-0.0228214635571,0.00802793743401
0.0,0.0,0.470588235294,0.103075599978,0.00240118253972,0.105922306571,0.00368165395901,0.00284670659308,0.00753811802207
0.0,0.0,0.439024390244,0.080379947266,0.00134892641015,0.0865614220394,0.00214630582942,0.00618147477341,0.00607296222537
0.0,0.0,0.477777777778,0.117749076732,0.0038660223695,0.125867124058,0.0047602576193,0.00811804732596,0.0119009795062
0.0,0.00197238658777,0.733727810651,0.0813143075299,0.00185976770605,0.135608129094,0.00450289180539,0.054293821564,0.00861466674282
0.0,0.0,0.495081967213,0.112985290756,0.00241969486197,0.118826121929,0.00400879080941,0.00584083117347,0.00927766164427
0.0,0.0,0.415730337079,0.11237556098,0.00279940335046,0.0862565050299,0.00288577819664,-0.0261190559498,0.00847823816306
0.0,0.0,0.893129770992,0.0472237101514,0.00135661410417,0.142290223887,0.00519716716529,0.095066513736,0.00729449314317
0.0,0.0,0.600628930818,0.0977420098267,0.00260869731754,0.132703492764,0.00536433528758,0.0349614829369,0.0110307723251
0.0,0.0,0.793103448276,0.0841739189041,0.00336938611389,0.148835072806,0.00536191992084,0.0646611539015,0.0112675024706
0.0,0.0,0.6,0.0963936975595,0.00256378915992,0.122444820282,0.00780872270895,0.0260511227227,0.0149040033181
0.0,0.0,0.803571428571,0.0841499205055,0.00207708543772,0.178054472407,0.00679381894279,0.0939045519019,0.0110132483431
0.0,0.0,0.541666666667,0.117596979633,0.00512412985694,0.104239368013,0.00336715673803,-0.0133576116192,0.0131172561538
0.0,0.0,0.320512820513,0.117310798506,0.00217708882673,0.088655398982,0.0034311771004,-0.0286553995241,0.0080841521028
0.0,0.0,0.418604651163,0.134206719643,0.00261121573606,0.105042613262,0.00341035905639,-0.0291641063808,0.00839194090693
0.0,0.0,0.783193277311,0.076007617291,0.00184791276945,0.148032589161,0.00468871787669,0.0720249718704,0.009346561823
0.0,0.0,0.540540540541,0.0940846179008,0.00230712705868,0.10521871152,0.00459551096774,0.0111340936191,0.00925855096735
0.0,0.0,0.6875,0.0791698754217,0.00247600672719,0.131931732692,0.00583810055111,0.0527618572702,0.0105502452498
0.0,0.0,0.322766570605,0.12920375792,0.00259240059805,0.0953793663427,0.00460924723086,-0.0338243915772,0.0100085490487
0.0,0.0105263157895,0.778947368421,0.076929963206,0.00179772891749,0.139178556865,0.00588310061954,0.0622485936588,0.0101085112016
0.0,0.0,0.388888888889,0.112007186995,0.00231377087468,0.107717559914,0.00378204222119,-0.0042896270811,0.00836620293979
0.0,0.0,0.598039215686,0.087345168442,0.00147487166942,0.124264478775,0.00624951383594,0.036919310333,0.0101645135162
0.0,0.0,0.265306122449,0.122812175025,0.00183712698968,0.0964408553678,0.00269332631654,-0.0263713196575,0.00628992760256
0.0,0.0111111111111,0.644444444444,0.101633209567,0.00307283124206,0.14531880873,0.00719546692104,0.0436855991629,0.0119216733649
0.0,0.0,0.619047619048,0.113504075455,0.00337260775325,0.152146249394,0.0102793831502,0.0386421739384,0.0155989757767
0.0,0.0,0.65306122449,0.0934118556546,0.00294925284963,0.123382183726,0.00312332894774,0.0299703280714,0.00894734594789
0.0,0.0,0.381818181818,0.107699221199,0.00184976616689,0.0874802361107,0.00232270258929,-0.020218985088,0.00604155057074
0.0,0.0,0.691729323308,0.0791435596966,0.00174604321751,0.126682143444,0.00379009702573,0.0475385837472,0.00830394517156
0.0,0.0,0.590909090909,0.0942584440512,0.00208068831745,0.129379441622,0.00524595774753,0.0351209975703,0.00990795887136
0.0,0.0,0.431506849315,0.102163705041,0.00484120921405,0.0980174662964,0.00472779131016,-0.00414623874504,0.0110787650845
0.0,0.0,0.795918367347,0.079602472105,0.00196241342356,0.165227886222,0.00431450888054,0.0856254141166,0.00957303581319
0.0,0.0,0.526315789474,0.111700903291,0.00370701032809,0.119583107389,0.00552223311663,0.00788220409771,0.0111079406951
0.0,0.0,0.644,0.0913574928973,0.00241218274327,0.13363577832,0.00444059684101,0.042278285423,0.00901593922245
0.0,0.0,0.37037037037,0.114407126162,0.00240909530747,0.104798531486,0.00522905715789,-0.00960859467582,0.00999098307137
0.0,0.00230946882217,0.912240184758,0.0600774661207,0.00175915344483,0.202473223156,0.00593068896061,0.142395757035,0.0110330949809
0.0,0.0,0.25,0.119557118881,0.00240967049773,0.0915246419719,0.00668106542163,-0.0280324769094,0.00826769647978
0.0,0.00564971751412,0.700564971751,0.0840577807324,0.00254093209829,0.145675485593,0.00696556527832,0.0616177048603,0.0124880003185
0.00704225352113,0.0,0.62676056338,0.0795954143128,0.00353460317126,0.110126161676,0.00439444702698,0.0305307473632,0.0110269051299
0.0,0.0,0.623762376238,0.103379111137,0.00463056299434,0.126115434722,0.00538432935729,0.0227363235846,0.0131556601359
0.0,0.0,0.575221238938,0.0891179872889,0.00271315882818,0.0932722758989,0.00310961124542,0.00415428861009,0.00836607199569
0.0,0.0,0.60396039604,0.10370226174,0.00209244417899,0.140069317711,0.0062973602811,0.0363670559706,0.0117023952279
0.0,0.0,0.377358490566,0.123313895767,0.00182608611994,0.0868310856972,0.00179739876553,-0.0364828100694,0.00483554139407
0.0,0.0,0.230769230769,0.133420879199,0.0021082299456,0.0895866231407,0.00296129509171,-0.0438342560588,0.00596947273768
0.0,0.0,0.551724137931,0.10491661003,0.00300138028876,0.123764762793,0.00574075573253,0.0188481527628,0.0113726451911
0.0,0.0,0.464285714286,0.107359035939,0.00318266739626,0.0970532508025,0.00358643962761,-0.0103057851364,0.0105756256814
0.0,0.0,0.386666666667,0.119568690818,0.00322396019091,0.0928866185351,0.00521504380556,-0.0266820722828,0.01235219771
0.0,0.0,0.75,0.078049887017,0.00260866673661,0.116321634397,0.00269971929248,0.0382717473795,0.0068608826769
0.0,0.0,0.689873417722,0.0929624707133,0.00265485883936,0.14564923118,0.0055287958361,0.0526867604666,0.0104253253232
0.0,0.0,0.549295774648,0.0879636600432,0.00161990003682,0.0949755262338,0.0021286285957,0.00701186619061,0.00509171514106
0.0,0.0,0.634782608696,0.0940520975245,0.00294729686123,0.117929003589,0.00424727493366,0.0238769060642,0.00995980108255
0.0,0.00909090909091,0.627272727273,0.0917151810518,0.00323324782186,0.147747117278,0.00973767561799,0.0560319362258,0.0179781820509
0.0,0.0,0.833333333333,0.0692370712743,0.00229343470454,0.150097262376,0.00674258473669,0.0808601911016,0.0126146885264
0.0,0.0,0.761363636364,0.0741981361004,0.00148409183122,0.156263444258,0.0071198149751,0.082065308158,0.0113118148503
0.0,0.0077519379845,0.581395348837,0.101093736969,0.00304224613843,0.136183103618,0.00862502176405,0.0350893666489,0.0150698663889
0.0,0.0,0.468085106383,0.128717418496,0.00408666742527,0.132955147171,0.00435472004492,0.00423772867473,0.012297712129
0.0,0.0172413793103,0.224137931034,0.119763622656,0.00221249264613,0.0782331579864,0.00567494544076,-0.0415304646694,0.0106526935211
0.0,0.0,0.650165016502,0.0978363033684,0.00239663851385,0.143475906335,0.00611912346117,0.0456396029671,0.0104883199179
0.0,0.0,0.357142857143,0.133028529657,0.00300273420271,0.116633511823,0.00492908731945,-0.0163950178335,0.0113882058863
0.0,0.0,0.48275862069,0.111449354803,0.00231995698751,0.113135610341,0.00277704804337,0.00168625553872,0.00734890471889
0.0,0.0,0.617647058824,0.103137491325,0.00269039932081,0.141010571573,0.0065978312765,0.0378730802475,0.0122000571202
0.0,0.0,0.142857142857,0.143570723062,0.00632093743401,0.0702101127185,0.00382081527378,-0.0733606103432,0.0101304081996
0.0,0.0,0.27027027027,0.15070783573,0.00325204488853,0.0941931546578,0.00242435268705,-0.0565146810723,0.00761606899014
0.0,0.0,0.709677419355,0.105101033476,0.00445518976652,0.149585080732,0.00473395873587,0.0444840472557,0.0120880384531
0.0,0.0,0.539007092199,0.104721386583,0.00335177956113,0.122262609331,0.0053883183902,0.0175412227483,0.0125494842339
0.0,0.0,0.528735632184,0.105170598476,0.00304906999067,0.124064128613,0.00485789705661,0.0188935301371,0.010152229763
0.0,0.0,0.466666666667,0.0977680510059,0.00147302507394,0.112404599576,0.00332112939883,0.0146365485704,0.00533223194718
0.0,0.0,0.0512820512821,0.117906523966,0.00114886765472,0.0351729273994,0.000836974195241,-0.0827335965666,0.00251740447056
0.0,0.0,0.185185185185,0.147606744651,0.00381461871242,0.0846399624973,0.0024515181678,-0.0629667821535,0.0105815272694
0.0,0.00473933649289,0.556872037915,0.0892308313136,0.00229775290956,0.123848192131,0.00613468403962,0.0346173608179,0.0112308122357
0.0,0.0,0.591836734694,0.094591408834,0.00226294758861,0.132236050421,0.00336078040071,0.0376446415875,0.00723802946723
0.0,0.0,0.258064516129,0.115824228065,0.00196288423537,0.0738190780833,0.00204379213394,-0.0420051499813,0.00671081748662
0.0,0.0,0.166666666667,0.121923876253,0.00138663166042,0.0624884534298,0.00183647867949,-0.0594354228236,0.00316210564109
0.0,0.0,0.413793103448,0.119919745247,0.00391716052798,0.0995300070757,0.00363088699736,-0.0203897381717,0.0108830872471
0.0,0.0,0.235294117647,0.106116698787,0.0016270404944,0.0681187224235,0.00147816495387,-0.0379979763631,0.0037457255252
0.0192307692308,0.0,0.153846153846,0.139119964068,0.00436311380353,0.0781662596982,0.00589133431841,-0.0609537043698,0.0122366078325
0.0,0.0,0.363636363636,0.102604179021,0.00197692332468,0.0864452858646,0.00163738900002,-0.0161588931566,0.00507848744265
