1.000000000000000000e+00,5.730337078651684957e-01,6.666666666666666297e-01,9.145146927871772302e-01
8.427096502317741322e-01,6.067415730337079038e-01,5.000000000000000000e-01,8.639632851565175464e-01
6.912136536030341061e-01,2.921348314606741492e-01,6.999999999999999556e-01,7.329954106445647488e-01
8.989675516224189256e-01,8.202247191011236005e-01,4.444444444444444198e-01,1.000000000000000000e+00
8.343868520859670790e-01,7.977528089887639950e-01,6.777777777777778123e-01,7.655318857455990500e-01
4.045512010113779811e-01,2.134831460674157244e-01,5.999999999999999778e-01,5.247619699979451102e-01
5.792246101980614847e-01,2.359550561797752743e-01,5.555555555555555802e-01,5.673676279197205075e-01
6.378002528445005925e-01,4.943820224719100986e-01,5.000000000000000000e-01,6.824440030139050650e-01
4.184576485461441453e-01,1.235955056179775247e-01,6.222222222222222321e-01,4.551681622028906360e-01
4.765065318162663432e-01,1.797752808988763995e-01,6.999999999999999556e-01,5.242139872594013816e-01
3.647281921618205081e-01,3.370786516853932491e-01,6.333333333333333037e-01,3.728337557366943056e-01
6.609776654024441811e-01,1.573033707865168496e-01,7.888888888888888618e-01,5.953832454277689923e-01
3.660977665402443959e-01,1.235955056179775247e-01,5.999999999999999778e-01,4.048907459415028165e-01
7.181837336704592900e-01,6.741573033707864981e-01,4.333333333333333481e-01,8.095759983560517625e-01
5.461441213653602800e-01,1.235955056179775247e-01,7.555555555555555358e-01,5.873005000342489401e-01
5.155920775389801758e-01,1.348314606741572996e-01,7.444444444444444642e-01,5.512706349749982859e-01
4.497471554993678899e-01,2.808988764044944020e-01,5.111111111111110716e-01,5.185971641893279971e-01
4.457437842393594529e-01,6.741573033707864981e-02,6.777777777777778123e-01,4.205767518323172971e-01
5.183312262958280625e-01,2.696629213483145993e-01,7.111111111111111382e-01,5.462702924857867348e-01
4.259376316898440540e-01,5.505617977528090012e-01,4.555555555555555469e-01,4.535242139872593947e-01
7.232406236831016022e-01,7.528089887640448952e-01,6.222222222222222321e-01,7.956024385231865725e-01
4.741887905604719733e-01,3.146067415730336991e-01,6.777777777777778123e-01,5.005137338173847317e-01
5.312895069532237446e-01,1.910112359550561745e-01,5.222222222222222543e-01,5.194876361394615838e-01
6.009270965023177924e-01,5.955056179775281011e-01,8.000000000000000444e-01,5.781217891636413198e-01
5.052675937631689873e-01,2.134831460674157244e-01,7.444444444444444642e-01,4.868141653537913505e-01
5.697429414243573298e-01,4.831460674157303514e-01,7.444444444444444642e-01,5.333242002876908971e-01
3.874841972187104688e-01,2.584269662921348520e-01,6.999999999999999556e-01,4.780464415370915821e-01
5.755372945638432824e-01,8.202247191011236005e-01,3.444444444444444420e-01,5.504486608671826930e-01
5.711125158027813287e-01,5.842696629213482984e-01,6.888888888888888840e-01,5.360641139804096511e-01
4.221449641803624031e-01,5.730337078651684957e-01,5.000000000000000000e-01,4.787314199602712428e-01
4.452170248630425431e-01,1.573033707865168496e-01,8.333333333333333703e-01,3.864648263579697485e-01
4.452170248630425431e-01,6.741573033707864981e-02,5.999999999999999778e-01,5.202411124049592939e-01
3.082595870206489841e-01,5.617977528089887485e-02,5.999999999999999778e-01,4.013973559832865190e-01
3.406026127265065484e-01,1.685393258426966245e-01,6.444444444444444864e-01,3.961915199671210419e-01
4.554361567635903940e-01,3.820224719101123489e-01,7.666666666666667185e-01,4.455099664360572809e-01
2.144964180362410322e-01,2.921348314606741492e-01,4.222222222222222210e-01,2.660456195629837817e-01
3.239570164348925529e-01,2.134831460674157244e-01,7.222222222222222099e-01,3.516679224604424836e-01
5.711125158027813287e-01,7.977528089887639950e-01,5.888888888888889062e-01,5.257894376327145736e-01
2.904551201011377759e-01,4.382022471910112515e-01,5.111111111111110716e-01,3.502294677717651683e-01
2.192372524230931374e-01,2.921348314606741492e-01,5.777777777777777235e-01,2.907733406397698395e-01
5.660556257901390165e-01,6.179775280898875955e-01,5.666666666666666519e-01,5.398314953078977574e-01
2.485250737463126913e-01,1.460674157303370746e-01,3.666666666666666408e-01,3.716692924172888546e-01
2.772861356932153631e-01,2.359550561797752743e-01,5.222222222222222543e-01,3.028974587300500287e-01
3.557732827644332074e-01,2.921348314606741492e-01,7.222222222222222099e-01,4.661963148160833126e-01
3.061525495153814003e-01,2.471910112359550493e-01,5.777777777777777235e-01,3.261182272758408329e-01
2.521070375052675838e-01,2.134831460674157244e-01,5.555555555555555802e-01,3.436536749092403698e-01
4.917825537294563953e-01,6.067415730337079038e-01,6.111111111111111605e-01,4.911980272621412347e-01
4.307838179519595245e-01,2.247191011235954994e-01,6.777777777777778123e-01,3.981779573943420858e-01
4.416694830611925804e-01,5.062339706659932936e-01,9.219793465301893143e-01,4.540394335595234754e-01
2.725453013063632302e-01,3.707865168539326017e-01,3.888888888888888951e-01,2.931022672785807415e-01
4.221449641803624031e-01,1.797752808988763995e-01,6.777777777777778123e-01,4.380437016233988401e-01
4.765065318162663432e-01,1.685393258426966245e-01,8.111111111111111160e-01,4.961298719090348475e-01
4.735566793088917259e-01,1.011235955056179747e-01,8.111111111111111160e-01,4.076306596342215149e-01
2.731774125579435331e-01,3.033707865168539519e-01,5.000000000000000000e-01,3.666689499280772480e-01
2.663295406658238718e-01,3.707865168539326017e-01,5.222222222222222543e-01,3.424892115898349187e-01
5.435103244837757863e-01,9.213483146067416030e-01,4.777777777777778012e-01,5.094184533187204877e-01
3.819005478297513578e-01,1.797752808988763995e-01,6.444444444444444864e-01,3.826289471881635929e-01
2.192372524230931374e-01,1.348314606741572996e-01,5.777777777777777235e-01,3.139256113432427053e-01
5.133796881584492544e-01,4.044943820224718989e-01,4.777777777777778012e-01,4.560586341530241672e-01
3.819005478297513578e-01,4.494382022471909988e-02,7.333333333333332815e-01,3.971504897595725669e-01
1.638221660345554054e-01,2.808988764044944020e-01,4.000000000000000222e-01,2.239194465374340637e-01
4.926253687315634289e-01,5.955056179775281011e-01,6.222222222222222321e-01,4.535242139872593947e-01
3.625158027812895312e-01,5.505617977528090012e-01,4.333333333333333481e-01,3.667374477703952418e-01
3.062579013906447378e-01,2.134831460674157244e-01,5.111111111111110716e-01,3.721487773135146448e-01
7.358828487147071051e-01,6.067415730337079038e-01,6.777777777777778123e-01,6.227138845126378719e-01
5.117994100294985804e-01,8.876404494382021948e-01,5.222222222222222543e-01,4.923624905815466857e-01
2.358828487147071329e-01,2.921348314606741492e-01,5.000000000000000000e-01,4.326323720802794925e-01
2.485250737463126913e-01,2.808988764044944020e-01,4.000000000000000222e-01,3.202274128364956396e-01
3.381795195954487854e-01,1.685393258426966245e-01,6.555555555555555580e-01,3.800260291800808266e-01
3.819005478297513578e-01,5.730337078651684957e-01,6.222222222222222321e-01,4.363997534077676543e-01
3.650442477876106318e-01,8.651685393258427004e-01,4.222222222222222210e-01,2.392629632166586862e-01
3.697850821744627092e-01,7.865168539325842478e-02,8.000000000000000444e-01,3.777656003835879184e-01
5.616308470290770627e-01,7.865168539325843033e-01,4.222222222222222210e-01,5.369545859305432378e-01
3.636746734091866884e-01,6.741573033707864981e-02,6.555555555555555580e-01,3.890677443660524593e-01
8.561946902654867797e-01,7.977528089887639950e-01,3.888888888888888951e-01,8.519076649085554065e-01
3.636746734091866884e-01,2.808988764044944020e-01,5.999999999999999778e-01,3.830399342420713893e-01
3.015170670037926604e-01,3.370786516853932491e-02,7.111111111111111382e-01,3.211178847866292263e-01
3.557732827644332074e-01,2.808988764044944020e-01,5.777777777777777235e-01,3.326255222960476932e-01
3.210071639275179356e-01,8.764044943820225031e-01,3.333333333333333148e-01,3.694773614631138847e-01
3.636746734091866884e-01,1.685393258426966245e-01,7.222222222222222099e-01,3.254332488526611167e-01
2.485250737463126913e-01,1.460674157303370746e-01,5.444444444444443976e-01,3.902322076854579103e-01
2.594816687737041550e-01,2.808988764044944020e-01,4.111111111111110938e-01,2.437838208096445025e-01
2.327222924568057294e-01,1.910112359550561745e-01,5.999999999999999778e-01,2.637851907664908735e-01
2.685516171962725185e-01,2.536738563526865775e-01,6.891662273191998533e-01,2.697279007764929459e-01
3.874841972187104688e-01,5.617977528089888040e-01,4.222222222222222210e-01,3.561887800534283000e-01
3.146860514117151286e-01,6.741573033707864981e-02,6.333333333333333037e-01,3.406397698472498070e-01
3.636746734091866884e-01,5.617977528089888040e-01,5.444444444444443976e-01,3.614631139119117709e-01
6.958491361146228460e-01,6.292134831460673983e-01,3.888888888888888951e-01,6.114117405301733310e-01
2.955120101137800326e-01,2.584269662921348520e-01,4.000000000000000222e-01,3.622850880197273638e-01
3.002528445006321101e-01,2.808988764044944020e-01,6.888888888888888840e-01,4.335913418727310176e-01
2.536873156342183133e-01,6.741573033707864981e-02,5.222222222222222543e-01,3.313925611343242483e-01
3.874841972187104688e-01,6.292134831460673983e-01,3.777777777777777679e-01,4.437290225357901075e-01
2.192372524230931374e-01,2.696629213483145993e-01,5.333333333333333259e-01,2.428248510171929497e-01
3.557732827644332074e-01,1.011235955056179747e-01,5.222222222222222543e-01,3.796150421261730301e-01
3.637800252844500815e-01,4.606741573033708015e-01,4.777777777777778012e-01,2.626892252894033608e-01
3.837968815844922110e-01,3.483146067415730518e-01,3.888888888888888951e-01,4.325638742379614987e-01
2.044879898862199674e-01,3.483146067415730518e-01,4.888888888888888729e-01,2.270018494417425925e-01
4.045512010113779811e-01,5.280898876404493958e-01,6.999999999999999556e-01,3.557777929995205035e-01
4.027602191319005209e-01,6.629213483146066954e-01,3.444444444444444420e-01,4.008493732447427904e-01
2.904551201011377759e-01,2.808988764044944020e-01,7.111111111111111382e-01,3.218713610521268809e-01
3.229034976822587333e-01,2.471910112359550493e-01,6.222222222222222321e-01,3.265292143297486294e-01
3.395490939738727287e-01,3.258426966292135019e-01,5.111111111111110716e-01,3.539968490992533856e-01
4.962073324905183491e-01,8.202247191011236005e-01,5.666666666666666519e-01,4.720871292554284504e-01
2.815002107037505308e-01,3.820224719101123489e-01,4.555555555555555469e-01,4.136584697582026404e-01
2.996207332490518072e-01,1.348314606741572996e-01,6.999999999999999556e-01,3.475580519213644637e-01
2.469447956173619896e-01,2.022471910112359494e-01,4.444444444444444198e-01,3.168025207205972804e-01
4.449009692372524194e-01,5.730337078651684957e-01,6.222222222222222321e-01,4.228371806288102053e-01
2.248209018120522484e-01,3.146067415730336991e-01,4.000000000000000222e-01,1.574765394890060843e-01
4.449009692372524194e-01,9.325842696629212947e-01,3.888888888888888951e-01,4.140694568121104369e-01
2.241887905604719733e-01,1.685393258426966245e-01,3.888888888888888951e-01,1.935064045482567385e-01
2.414664981036662439e-01,4.606741573033708015e-01,3.888888888888888951e-01,1.809712994040687806e-01
6.378002528445005925e-01,6.741573033707864981e-01,2.999999999999999889e-01,7.853962600178094888e-01
2.739148756847871735e-01,3.258426966292135019e-01,4.000000000000000222e-01,1.830947325159257566e-01
5.125368731563422209e-01,6.516853932584270037e-01,3.666666666666666408e-01,4.524967463524898759e-01
2.170248630425621605e-01,4.494382022471909988e-01,4.888888888888888729e-01,2.653606411398041209e-01
2.437842393594605861e-01,2.808988764044944020e-01,3.333333333333333148e-01,2.887184053702308573e-01
2.663295406658238718e-01,1.123595505617977497e-01,5.111111111111110716e-01,3.203644085211315717e-01
2.202907711757269293e-01,1.123595505617977497e-01,5.555555555555555802e-01,2.663881087745735843e-01
3.207964601769911495e-01,2.247191011235954994e-01,5.111111111111110716e-01,3.429686964860607090e-01
1.764643910661609638e-01,5.617977528089888040e-01,2.999999999999999889e-01,2.066579902733063911e-01
1.581331647703329013e-01,3.370786516853932491e-02,5.999999999999999778e-01,2.400849373244742790e-01
2.904551201011377759e-01,5.955056179775281011e-01,4.000000000000000222e-01,2.228234810603466065e-01
5.571007163927518269e-01,8.314606741573034032e-01,5.666666666666666519e-01,5.125008562230289888e-01
3.230088495575221264e-01,1.011235955056179747e-01,3.888888888888888951e-01,3.253647510103431784e-01
1.764643910661609638e-01,2.808988764044944020e-01,4.222222222222222210e-01,2.011781628878690220e-01
2.640117994100295018e-01,2.022471910112359494e-01,6.888888888888888840e-01,3.005000342489211329e-01
1.768857985672145083e-01,3.820224719101123489e-01,3.555555555555555691e-01,2.540584971573395245e-01
3.461862621154656594e-01,3.483146067415730518e-01,6.555555555555555580e-01,3.311870676073703779e-01
1.483354403708385949e-01,2.359550561797752743e-01,4.777777777777778012e-01,2.122748133433796924e-01
4.773493468183733768e-01,3.146067415730336991e-01,7.333333333333332815e-01,4.045482567299130139e-01
4.653392330383480657e-01,5.168539325842697041e-01,7.111111111111111382e-01,4.254400986368929161e-01
2.211335861778339629e-01,2.696629213483145993e-01,6.111111111111111605e-01,2.770052743338584644e-01
1.764643910661609638e-01,2.921348314606741492e-01,4.444444444444444198e-01,2.734433865333241731e-01
4.452170248630425431e-01,6.067415730337079038e-01,7.222222222222222099e-01,4.357147749845879936e-01
2.904551201011377759e-01,4.719101123595505487e-01,4.666666666666666741e-01,2.309062264538667142e-01
1.910029498525073755e-01,1.797752808988763995e-01,4.111111111111110938e-01,2.406329200630180076e-01
3.230088495575221264e-01,2.696629213483145993e-01,6.888888888888888840e-01,3.188574559901363181e-01
3.854825115887062781e-01,5.730337078651684957e-01,6.888888888888888840e-01,3.741352147407356887e-01
4.057100716392751938e-01,8.314606741573034032e-01,3.222222222222222432e-01,2.809781491883005522e-01
1.682469447956173592e-01,5.393258426966291985e-01,5.666666666666666519e-01,2.118638262894718682e-01
2.871892119679730349e-01,5.617977528089887485e-02,5.444444444444443976e-01,3.672854305089389704e-01
2.192372524230931374e-01,3.932584269662921517e-01,5.999999999999999778e-01,2.715939447907391169e-01
2.211335861778339629e-01,1.348314606741572996e-01,6.777777777777778123e-01,3.158435509281457554e-01
3.382848714707121784e-01,2.359550561797752743e-01,5.888888888888889062e-01,4.030413041989177603e-01
4.307838179519595245e-01,2.471910112359550493e-01,5.333333333333333259e-01,3.772861154873621281e-01
2.894016013485040117e-01,2.584269662921348520e-01,4.222222222222222210e-01,2.822111103500239970e-01
4.554361567635903940e-01,1.235955056179775247e-01,7.333333333333332815e-01,4.270840468525241573e-01
2.485250737463126913e-01,4.382022471910112515e-01,6.111111111111111605e-01,2.652921432974861271e-01
2.023809523809523836e-01,5.617977528089887485e-02,6.111111111111111605e-01,2.746763476950476179e-01
2.684365781710914556e-01,3.033707865168539519e-01,5.666666666666666519e-01,2.858414959928762267e-01
1.482300884955752296e-01,7.865168539325842478e-02,4.000000000000000222e-01,1.919309541749434911e-01
3.186894226717235656e-01,1.685393258426966245e-01,6.222222222222222321e-01,3.438591684361942402e-01
3.647281921618205081e-01,5.280898876404493958e-01,5.444444444444443976e-01,3.349544489348585397e-01
3.660977665402443959e-01,1.011235955056179747e-01,5.555555555555555802e-01,3.887252551544626566e-01
4.259376316898440540e-01,6.292134831460673983e-01,2.333333333333333370e-01,3.853688608808822358e-01
2.672777075431942428e-01,7.640449438202246979e-01,5.222222222222222543e-01,3.641345297623124755e-01
1.741466498103666216e-01,3.370786516853932491e-01,3.777777777777777679e-01,2.750873347489554144e-01
1.773072060682680251e-01,6.179775280898875955e-01,4.222222222222222210e-01,2.708404685252414623e-01
1.764643910661609638e-01,3.033707865168539519e-01,5.666666666666666519e-01,2.410439071169258041e-01
3.052043826380109737e-01,8.988764044943819975e-02,5.333333333333333259e-01,3.822864579765737347e-01
2.013274336283185917e-01,3.595505617977527990e-01,6.222222222222222321e-01,2.214535242139872573e-01
2.202907711757269293e-01,3.033707865168539519e-01,5.333333333333333259e-01,2.563189259538324327e-01
2.663295406658238718e-01,8.988764044943819975e-02,7.555555555555555358e-01,2.787862182341256378e-01
7.520016856300042463e-01,8.314606741573034032e-01,2.222222222222222099e-01,7.313514624289334520e-01
2.672777075431942428e-01,5.617977528089887485e-02,7.444444444444444642e-01,2.733748886910062348e-01
2.614833544037084012e-01,3.146067415730336991e-01,5.666666666666666519e-01,2.622782382354955644e-01
5.372945638432363724e-01,8.089887640449437978e-01,3.333333333333333148e-01,4.296184670182889298e-01
3.002528445006321101e-01,1.460674157303370746e-01,6.555555555555555580e-01,2.951572025481197237e-01
4.027602191319005209e-01,7.865168539325842478e-02,5.111111111111110716e-01,4.005068840331529323e-01
6.874209860935525107e-01,6.516853932584270037e-01,3.222222222222222432e-01,7.192958421809713121e-01
2.904551201011377759e-01,2.359550561797752743e-01,6.555555555555555580e-01,3.755736694294129485e-01
2.192372524230931374e-01,3.370786516853932491e-01,4.555555555555555469e-01,2.385094869511610316e-01
1.899494310998735835e-01,2.584269662921348520e-01,4.888888888888888729e-01,2.343996164120830117e-01
1.628739991571850065e-01,3.820224719101123489e-01,5.999999999999999778e-01,1.954928419754777824e-01
2.158659924146649756e-01,3.146067415730336991e-01,3.333333333333333148e-01,1.808343037194328484e-01
2.494732406236830902e-01,2.247191011235954994e-01,4.888888888888888729e-01,2.787862182341256378e-01
5.111672987779182220e-01,5.505617977528090012e-01,3.222222222222222432e-01,4.759230084252346060e-01
3.804256215760640769e-01,5.056179775280899014e-01,4.222222222222222210e-01,3.980409617097061536e-01
2.904551201011377759e-01,5.842696629213482984e-01,5.000000000000000000e-01,2.172751558325912713e-01
2.640117994100295018e-01,7.865168539325842478e-02,4.222222222222222210e-01,3.244742790602095917e-01
1.775179098187947835e-01,3.820224719101123489e-01,4.555555555555555469e-01,2.084389341735735368e-01
1.763590391908975985e-01,2.696629213483145993e-01,2.777777777777777901e-01,2.653606411398041209e-01
2.751790981879477238e-01,6.292134831460673983e-01,3.888888888888888951e-01,2.324131789848619678e-01
2.904551201011377759e-01,3.820224719101123489e-01,5.555555555555555802e-01,3.202274128364956396e-01
2.966708807416771898e-01,2.471910112359550493e-01,6.666666666666666297e-01,2.535105144187957960e-01
3.471344289928360860e-01,1.235955056179775247e-01,6.666666666666666297e-01,3.866703198849236189e-01
3.637800252844500815e-01,3.033707865168539519e-01,6.444444444444444864e-01,3.620110966504554995e-01
2.768647281921618464e-01,3.595505617977527990e-01,7.444444444444444642e-01,3.059798616343585298e-01
3.647281921618205081e-01,4.494382022471909988e-01,6.111111111111111605e-01,3.588601959038290046e-01
4.765065318162663432e-01,8.876404494382021948e-01,3.777777777777777679e-01,4.603055003767381193e-01
3.082595870206489841e-01,3.370786516853932491e-02,6.888888888888888840e-01,3.299541064456469885e-01
2.358828487147071329e-01,8.988764044943819975e-02,5.222222222222222543e-01,2.727584081101445124e-01
2.894016013485040117e-01,3.370786516853932491e-02,6.888888888888888840e-01,2.811151448729364843e-01
2.296670880741677190e-01,1.348314606741572996e-01,6.333333333333333037e-01,2.511815877799849495e-01
2.052254530130636356e-01,2.359550561797752743e-01,4.222222222222222210e-01,1.569285567504623558e-01
2.904551201011377759e-01,1.685393258426966245e-01,5.000000000000000000e-01,3.058428659497225977e-01
2.652760219131900521e-01,5.617977528089887485e-02,6.111111111111111605e-01,2.790602096033975021e-01
1.470712178676780446e-01,3.820224719101123489e-01,2.555555555555555358e-01,1.989862319336940799e-01
3.912920600913227243e-01,4.342952674054454953e-01,8.212324264649937255e-01,4.083698217220145810e-01
2.170248630425621605e-01,6.741573033707864981e-02,3.888888888888888951e-01,2.320021919309541714e-01
2.192372524230931374e-01,2.247191011235954994e-02,7.222222222222222099e-01,2.976231248715665578e-01
2.437842393594605861e-01,7.865168539325842478e-02,6.111111111111111605e-01,3.145420919241043722e-01
2.388327012220817502e-01,4.269662921348314488e-01,5.999999999999999778e-01,3.128981437084731865e-01
2.904551201011377759e-01,3.370786516853932491e-02,7.666666666666667185e-01,3.295431193917391366e-01
1.208386009270965011e-01,3.932584269662921517e-01,4.444444444444444198e-01,1.859716418932803594e-01
2.663295406658238718e-01,3.033707865168539519e-01,6.666666666666666297e-01,3.027604630454140966e-01
2.075431942688579778e-01,2.808988764044944020e-01,5.777777777777777235e-01,2.644016713473525404e-01
2.662241887905604787e-01,1.910112359550561745e-01,3.888888888888888951e-01,3.088567710117131049e-01
1.618204804045512146e-01,3.033707865168539519e-01,3.777777777777777679e-01,1.420645249674635235e-01
2.640117994100295018e-01,2.247191011235954994e-01,6.777777777777778123e-01,2.709774642098773945e-01
3.062579013906447378e-01,3.932584269662921517e-01,6.999999999999999556e-01,2.674840742516610970e-01
2.201854193004635363e-01,1.460674157303370746e-01,5.777777777777777235e-01,2.744023563257757536e-01
1.354825115887062781e-01,4.606741573033708015e-01,3.555555555555555691e-01,1.172683060483594719e-01
2.192372524230931374e-01,3.483146067415730518e-01,6.111111111111111605e-01,2.783067333378998476e-01
2.904551201011377759e-01,1.797752808988763995e-01,5.999999999999999778e-01,3.122816631276114641e-01
2.056468605141171524e-01,3.483146067415730518e-01,6.555555555555555580e-01,2.792657031303513726e-01
2.824483775811209574e-01,1.573033707865168496e-01,6.666666666666666297e-01,3.400917871087060784e-01
4.455330804888327223e-01,7.528089887640448952e-01,4.000000000000000222e-01,3.944790739091718623e-01
5.242309313105772972e-01,7.528089887640448952e-01,6.111111111111111605e-01,4.905815466812795123e-01
1.723556679308891615e-01,5.730337078651684957e-01,4.333333333333333481e-01,1.818617713542023395e-01
2.358828487147071329e-01,2.696629213483145993e-01,6.333333333333333037e-01,1.875470922665936069e-01
1.491782553729456284e-01,3.258426966292135019e-01,3.555555555555555691e-01,1.693951640523323476e-01
1.628739991571850065e-01,4.494382022471909988e-02,4.777777777777778012e-01,2.607027878621823169e-01
3.457648546144121426e-01,7.865168539325842478e-02,6.444444444444444864e-01,3.105007192273443462e-01
3.836915297092288180e-01,1.573033707865168496e-01,7.111111111111111382e-01,3.854373587232002296e-01
3.052043826380109737e-01,2.921348314606741492e-01,6.444444444444444864e-01,2.847455305157887695e-01
2.350400337126000716e-01,6.179775280898875955e-01,6.111111111111111605e-01,2.676210699362970291e-01
2.202907711757269293e-01,1.460674157303370746e-01,5.777777777777777235e-01,2.457702582368655464e-01
2.707543194268858255e-01,2.359550561797752743e-01,5.999999999999999778e-01,2.395369545859305505e-01
2.116519174041297802e-01,4.494382022471909988e-01,5.111111111111110716e-01,2.318651962463182392e-01
2.485250737463126913e-01,1.573033707865168496e-01,5.888888888888889062e-01,2.611822727584081072e-01
3.557732827644332074e-01,5.056179775280899014e-01,3.555555555555555691e-01,3.326255222960476932e-01
3.382848714707121784e-01,1.460674157303370746e-01,7.777777777777777901e-01,3.084457839578053084e-01
1.212600084281500179e-01,3.370786516853932491e-01,4.888888888888888729e-01,1.550791150078772440e-01
3.230088495575221264e-01,8.988764044943819975e-02,8.111111111111111160e-01,3.068018357421741227e-01
2.192372524230931374e-01,4.494382022471909988e-02,6.888888888888888840e-01,2.257688882800191754e-01
2.406236831015592104e-01,3.932584269662921517e-01,5.666666666666666519e-01,1.510377423111171902e-01
3.007796038769490199e-01,6.516853932584270037e-01,5.000000000000000000e-01,3.139256113432427053e-01
3.817951959544879648e-01,8.314606741573034032e-01,4.333333333333333481e-01,3.657784779779437168e-01
1.290560471976401058e-01,2.471910112359550493e-01,7.333333333333332815e-01,1.664497568326597787e-01
3.650442477876106318e-01,7.865168539325842478e-02,7.555555555555555358e-01,3.418042331666552580e-01
2.192372524230931374e-01,5.280898876404493958e-01,4.222222222222222210e-01,2.546749777382012470e-01
2.180783817951959525e-01,7.752808988764045006e-01,4.777777777777778012e-01,1.458319062949517131e-01
2.489464812473662081e-01,2.022471910112359494e-01,4.555555555555555469e-01,2.629632166586752251e-01
2.751790981879477238e-01,1.348314606741572996e-01,6.444444444444444864e-01,3.244057812178916533e-01
3.082595870206489841e-01,3.595505617977527990e-01,5.666666666666666519e-01,3.341324748270429468e-01
2.988832701222081667e-01,1.235955056179775247e-01,6.111111111111111605e-01,2.635796972395369475e-01
1.918457648546144090e-01,2.921348314606741492e-01,3.888888888888888951e-01,2.468662237139530036e-01
2.379898862199747167e-01,3.370786516853932491e-01,5.999999999999999778e-01,2.886499075279128634e-01
2.824483775811209574e-01,2.808988764044944020e-01,6.111111111111111605e-01,2.762517980683608654e-01
1.516153047662243125e-01,9.312559857368311877e-02,5.146843300881429606e-01,1.567786377053871638e-01
2.314580699536451791e-01,6.179775280898875955e-01,4.888888888888888729e-01,2.232344681142544029e-01
1.617151285292878216e-01,5.505617977528090012e-01,2.888888888888888618e-01,1.585040071237756032e-01
1.482300884955752296e-01,2.696629213483145993e-01,4.333333333333333481e-01,1.715185971641893237e-01
2.515802781289506740e-01,4.157303370786517016e-01,5.333333333333333259e-01,2.341256250428111474e-01
1.541297935103244920e-01,1.348314606741572996e-01,4.000000000000000222e-01,1.906294951709021079e-01
2.904551201011377759e-01,4.831460674157303514e-01,5.000000000000000000e-01,3.146790876087403044e-01
1.494943109987357799e-01,5.056179775280899014e-01,6.111111111111111605e-01,1.237756010685663460e-01
3.062579013906447378e-01,8.988764044943819975e-02,7.444444444444444642e-01,3.525583944105760703e-01
2.414664981036662439e-01,3.146067415730336991e-01,3.777777777777777679e-01,2.648126584012603368e-01
2.379898862199747167e-01,2.471910112359550493e-01,6.222222222222222321e-01,2.920747996438112226e-01
1.628739991571850065e-01,5.617977528089887485e-02,5.666666666666666519e-01,1.774094116035344892e-01
9.270965023177413222e-02,4.606741573033708015e-01,3.222222222222222432e-01,1.832317282005616887e-01
1.757269279393173234e-01,3.370786516853932491e-01,5.777777777777777235e-01,1.668607438865675752e-01
1.752001685630004135e-01,2.247191011235954994e-01,5.222222222222222543e-01,1.513117336803890545e-01
2.260851243152127987e-01,1.797752808988763995e-01,3.555555555555555691e-01,2.849510240427426400e-01
3.156342182890855552e-01,8.988764044943819975e-02,5.999999999999999778e-01,3.255702445372970488e-01
2.154445849136114588e-01,2.696629213483145993e-01,6.444444444444444864e-01,2.602918008082745205e-01
2.594816687737041550e-01,1.348314606741572996e-01,5.222222222222222543e-01,2.721419275292828455e-01
2.202907711757269293e-01,2.921348314606741492e-01,6.666666666666666297e-01,2.185766148366326544e-01
1.426464391066160908e-01,3.932584269662921517e-01,4.444444444444444198e-01,1.960408247140215110e-01
2.438895912347239792e-01,2.584269662921348520e-01,4.888888888888888729e-01,2.853620110966504364e-01
3.819005478297513578e-01,5.730337078651684957e-01,3.555555555555555691e-01,3.142681005548325079e-01
2.787999929623369844e-01,3.991571188048644858e-01,4.264169252340365146e-01,2.732976314879784763e-01
2.234513274336283051e-01,2.359550561797752743e-01,4.444444444444444198e-01,1.220631550106171664e-01
2.527391487568478867e-01,4.719101123595505487e-01,6.888888888888888840e-01,2.316597027193643410e-01
2.895069532237674048e-01,1.348314606741572996e-01,6.999999999999999556e-01,3.200904171518597074e-01
1.888959123472397916e-01,5.730337078651684957e-01,5.000000000000000000e-01,2.950887047058017854e-01
3.082595870206489841e-01,1.910112359550561745e-01,6.333333333333333037e-01,2.947462154942119272e-01
3.824273072060682677e-01,6.067415730337079038e-01,5.777777777777777235e-01,3.450236317555996912e-01
1.127265065318162618e-01,5.505617977528090012e-01,4.555555555555555469e-01,6.815535310637714506e-02
1.479140328697850781e-01,2.359550561797752743e-01,4.222222222222222210e-01,1.130214398246455199e-01
1.347450484618626099e-01,1.573033707865168496e-01,5.111111111111110716e-01,2.198780738406740098e-01
4.772439949431099837e-01,9.662921348314607028e-01,6.444444444444444864e-01,4.220837043633125507e-01
2.894016013485040117e-01,1.011235955056179747e-01,6.777777777777778123e-01,3.531748749914377927e-01
2.778889118441267292e-01,2.091873325092194758e-01,7.085705648451966487e-01,2.921279147836314261e-01
1.888959123472397916e-01,3.033707865168539519e-01,5.555555555555555802e-01,1.394616069593807850e-01
2.672777075431942428e-01,8.988764044943819975e-02,5.444444444444443976e-01,2.641276799780806761e-01
2.207121786767804461e-01,3.146067415730336991e-01,7.333333333333332815e-01,2.951572025481197237e-01
2.663295406658238718e-01,2.921348314606741492e-01,5.999999999999999778e-01,2.910473320090417038e-01
2.552675937631689873e-01,1.348314606741572996e-01,4.222222222222222210e-01,2.832385779847934604e-01
2.894016013485040117e-01,2.471910112359550493e-01,5.333333333333333259e-01,2.862524830467840231e-01
3.052043826380109737e-01,8.988764044943819975e-02,6.333333333333333037e-01,3.109802041235700809e-01
3.825326590813316607e-01,6.179775280898875955e-01,3.666666666666666408e-01,3.385163367353928310e-01
3.419721871049304918e-01,8.988764044943819975e-02,7.777777777777777901e-01,3.434481813822864438e-01
1.990096923725242217e-01,1.348314606741572996e-01,5.111111111111110716e-01,2.746763476950476179e-01
3.230088495575221264e-01,9.101123595505618002e-01,4.555555555555555469e-01,2.915268169052674940e-01
3.143699957859250049e-01,7.865168539325842478e-02,7.222222222222222099e-01,3.293376258647852661e-01
3.567214496418036340e-01,4.494382022471909988e-02,6.999999999999999556e-01,3.654359887663538586e-01
1.493889591234723868e-01,1.797752808988763995e-01,3.222222222222222432e-01,2.001506952530995309e-01
4.497471554993678899e-01,8.089887640449437978e-01,5.333333333333333259e-01,4.037947804644153593e-01
1.764643910661609638e-01,4.606741573033708015e-01,4.222222222222222210e-01,1.963833139256113414e-01
2.170248630425621605e-01,3.932584269662921517e-01,6.444444444444444864e-01,2.307007329269128160e-01
2.592709650231774243e-01,2.134831460674157244e-01,5.888888888888889062e-01,2.679635591478868317e-01
2.054361567635903940e-01,3.483146067415730518e-01,4.222222222222222210e-01,2.571409000616480811e-01
1.763590391908975985e-01,3.932584269662921517e-01,4.444444444444444198e-01,1.928214261250770500e-01
2.192372524230931374e-01,5.617977528089888040e-01,6.444444444444444864e-01,3.072128227960819191e-01
1.347450484618626099e-01,2.584269662921348520e-01,2.777777777777777901e-01,1.668607438865675752e-01
2.379898862199747167e-01,3.595505617977527990e-01,6.222222222222222321e-01,2.482361805603123528e-01
1.727770754319426783e-01,5.056179775280899014e-01,4.222222222222222210e-01,1.707651208986916969e-01
2.904551201011377759e-01,2.921348314606741492e-01,6.444444444444444864e-01,3.022124803068703125e-01
2.326169405815423641e-01,2.921348314606741492e-01,3.333333333333333148e-01,3.033084457839578252e-01
1.628739991571850065e-01,1.235955056179775247e-01,6.111111111111111605e-01,2.320021919309541714e-01
2.170248630425621605e-01,2.247191011235954994e-02,6.222222222222222321e-01,2.305637372422768561e-01
2.640117994100295018e-01,2.471910112359550493e-01,6.999999999999999556e-01,2.846770326734707757e-01
3.082595870206489841e-01,2.247191011235954994e-01,7.111111111111111382e-01,3.666689499280772480e-01
2.894016013485040117e-01,2.808988764044944020e-01,4.888888888888888729e-01,3.400232892663880846e-01
2.369363674673409248e-01,3.595505617977527990e-01,4.000000000000000222e-01,3.339269813000890208e-01
2.211335861778339629e-01,5.842696629213482984e-01,6.777777777777778123e-01,2.574148914309199454e-01
1.479140328697850781e-01,2.471910112359550493e-01,5.888888888888889062e-01,1.656962805671621242e-01
1.763590391908975985e-01,1.573033707865168496e-01,3.666666666666666408e-01,1.850811699431468005e-01
2.611672987779182220e-01,4.494382022471909988e-02,6.111111111111111605e-01,1.861086375779162916e-01
2.166034555415086438e-01,2.022471910112359494e-01,6.777777777777778123e-01,7.890951435029797123e-02
4.962073324905183491e-01,7.865168539325843033e-01,6.444444444444444864e-01,4.546201794643468519e-01
4.007585335018963302e-01,1.460674157303370746e-01,6.333333333333333037e-01,3.457771080210973458e-01
2.894016013485040117e-01,3.258426966292135019e-01,2.222222222222222099e-01,4.594835262689225264e-01
3.362831858407079877e-01,7.865168539325842478e-02,6.111111111111111605e-01,2.817316254537982068e-01
2.620101137800253110e-01,3.707865168539326017e-01,2.000000000000000111e-01,3.141311048701965758e-01
2.882427307206068545e-01,5.617977528089887485e-02,7.222222222222222099e-01,2.835810671963833185e-01
4.132954066582384955e-01,8.988764044943819975e-01,6.111111111111111605e-01,4.632509075964106882e-01
1.862621154656552980e-01,4.044943820224718989e-01,4.555555555555555469e-01,1.402835810671963779e-01
3.644121365360303288e-01,3.258426966292135019e-01,5.888888888888889062e-01,3.462565929173230805e-01
7.369363674673409248e-01,8.202247191011236005e-01,3.333333333333333148e-01,5.064730460990478633e-01
1.773072060682680251e-01,1.123595505617977497e-01,4.444444444444444198e-01,2.522775532570724066e-01
2.023809523809523836e-01,4.157303370786517016e-01,4.222222222222222210e-01,2.083704363312555707e-01
2.536873156342183133e-01,8.988764044943819975e-02,5.444444444444443976e-01,2.412494006438797300e-01
2.962494732406236730e-01,2.696629213483145993e-01,5.999999999999999778e-01,3.905061990547297746e-01
2.494732406236830902e-01,2.696629213483145993e-01,5.555555555555555802e-01,2.677580656209329613e-01
6.423303834808259394e-01,8.988764044943819975e-01,2.999999999999999889e-01,5.558599904103020961e-01
3.805309734513274145e-01,9.438202247191010974e-01,5.333333333333333259e-01,3.518049181450784157e-01
2.942477876106194823e-01,4.382022471910112515e-01,5.777777777777777235e-01,1.922049455442153554e-01
1.777286135693215419e-01,3.370786516853932491e-01,6.222222222222222321e-01,2.217275155832591216e-01
2.044879898862199674e-01,8.988764044943819975e-02,4.666666666666666741e-01,2.559764367422426301e-01
2.672777075431942428e-01,1.910112359550561745e-01,5.999999999999999778e-01,3.159120487704637492e-01
2.904551201011377759e-01,2.808988764044944020e-01,7.777777777777777901e-01,2.657716281937119174e-01
1.092498946481247346e-01,4.044943820224718989e-01,6.666666666666666297e-01,1.199397218987601904e-01
9.270965023177413222e-02,4.606741573033708015e-01,2.777777777777777901e-01,1.082950887047058053e-01
2.373577749683944416e-01,2.247191011235954994e-01,5.444444444444443976e-01,1.496677854647578687e-01
2.144964180362410322e-01,6.741573033707864981e-02,6.333333333333333037e-01,2.352215905198986323e-01
4.590181205225453143e-01,7.415730337078652035e-01,2.222222222222222099e-01,4.399616412083019457e-01
1.470712178676780446e-01,3.707865168539326017e-01,5.111111111111110716e-01,1.704226316871018665e-01
1.628739991571850065e-01,3.932584269662921517e-01,5.666666666666666519e-01,1.829577368312898245e-01
2.202907711757269293e-01,5.056179775280899014e-01,5.444444444444443976e-01,2.035070895266798963e-01
3.406026127265065484e-01,1.797752808988763995e-01,6.999999999999999556e-01,4.244811288444413910e-01
1.628739991571850065e-01,1.348314606741572996e-01,6.111111111111111605e-01,2.279608192341941175e-01
2.030130636325326587e-01,3.483146067415730518e-01,4.555555555555555469e-01,1.728885540105486729e-01
2.201854193004635363e-01,1.235955056179775247e-01,5.111111111111110716e-01,2.173436536749092374e-01
1.773072060682680251e-01,2.696629213483145993e-01,2.999999999999999889e-01,2.324816768271799339e-01
1.637168141592920401e-01,1.685393258426966245e-01,5.999999999999999778e-01,2.214535242139872573e-01
2.777075431942688799e-01,4.719101123595505487e-01,1.555555555555555580e-01,3.025549695184601706e-01
2.594816687737041550e-01,1.348314606741572996e-01,6.222222222222222321e-01,2.930337694362627476e-01
1.354825115887062781e-01,1.685393258426966245e-01,4.777777777777778012e-01,2.596068223850948598e-01
1.783607248209018170e-01,2.247191011235954994e-02,4.111111111111110938e-01,1.423385163367353878e-01
3.419721871049304918e-01,3.146067415730336991e-01,8.222222222222221877e-01,2.924857866977190191e-01
1.189422671723556618e-01,2.584269662921348520e-01,3.555555555555555691e-01,1.217891636413453021e-01
1.371681415929203451e-01,4.044943820224718989e-01,4.000000000000000222e-01,1.341187752585793480e-01
1.868837723738690504e-01,2.300884848613229949e-01,4.315679275022611394e-01,1.864514426354864640e-01
2.652760219131900521e-01,3.483146067415730518e-01,1.888888888888888840e-01,3.042674155764093502e-01
4.541719342604298437e-01,8.426966292134830949e-01,6.888888888888888840e-01,4.110555517501198741e-01
1.210493046776232595e-01,1.460674157303370746e-01,3.666666666666666408e-01,6.884033152955681967e-02
2.206068268015170808e-01,3.595505617977527990e-01,5.666666666666666519e-01,1.847386807315569424e-01
1.888959123472397916e-01,1.797752808988763995e-01,5.444444444444443976e-01,2.165901774094116106e-01
2.192372524230931374e-01,1.235955056179775247e-01,5.444444444444443976e-01,2.219330091102130198e-01
2.485250737463126913e-01,3.033707865168539519e-01,4.333333333333333481e-01,3.073498184807178513e-01
2.202907711757269293e-01,4.157303370786517016e-01,5.333333333333333259e-01,2.413178984861976961e-01
1.354825115887062781e-01,3.595505617977527990e-01,5.111111111111110716e-01,1.784368792383039803e-01
2.192372524230931374e-01,1.123595505617977497e-01,4.444444444444444198e-01,1.977532707719706906e-01
1.493889591234723868e-01,7.865168539325842478e-02,4.111111111111110938e-01,1.685046921021987887e-01
1.173619890434049740e-01,4.494382022471909988e-02,5.888888888888889062e-01,1.016507979998629990e-01
2.724399494310998926e-01,1.011235955056179747e-01,5.000000000000000000e-01,2.946092198095759951e-01
2.485250737463126913e-01,2.134831460674157244e-01,4.555555555555555469e-01,2.701554901020618016e-01
1.910029498525073755e-01,3.483146067415730518e-01,6.333333333333333037e-01,1.975477772450167924e-01
2.904551201011377759e-01,1.123595505617977497e-01,7.333333333333332815e-01,2.859784916775121588e-01
3.892017079423474302e-01,4.144931119353301163e-01,7.883919908866267034e-01,3.863067263734820678e-01
2.144964180362410322e-01,1.460674157303370746e-01,4.333333333333333481e-01,1.316528529351325416e-01
1.618204804045512146e-01,4.831460674157303514e-01,3.222222222222222432e-01,1.875470922665936069e-01
1.750948166877370482e-01,4.044943820224718989e-01,5.333333333333333259e-01,1.944653743407082636e-01
4.050779603876948909e-01,7.191011235955055980e-01,2.555555555555555358e-01,3.733132406329200403e-01
2.821323219553307782e-01,4.044943820224718989e-01,3.666666666666666408e-01,1.824097540927460681e-01
3.126843657817109379e-01,5.730337078651684957e-01,3.666666666666666408e-01,1.715185971641893237e-01
1.489675516224188700e-01,7.865168539325842478e-02,4.444444444444444198e-01,7.890951435029797123e-02
3.082595870206489841e-01,3.370786516853932491e-01,2.999999999999999889e-01,3.205014042057675039e-01
3.518752633796881635e-01,5.842696629213482984e-01,6.444444444444444864e-01,3.076238098499897156e-01
2.139696586599241501e-01,2.921348314606741492e-01,4.444444444444444198e-01,2.161106925131858481e-01
1.300042140750105324e-01,3.033707865168539519e-01,4.555555555555555469e-01,1.226111377491608950e-01
2.359882005899704982e-01,5.168539325842697041e-01,6.888888888888888840e-01,2.510445920953490173e-01
9.270965023177413222e-02,6.404494382022472010e-01,4.111111111111110938e-01,2.874854442085074124e-01
1.764643910661609638e-01,3.146067415730336991e-01,3.777777777777777679e-01,1.799438317692992617e-01
2.904551201011377759e-01,1.348314606741572996e-01,4.777777777777778012e-01,2.759093088567710073e-01
2.184997892962494692e-01,1.235955056179775247e-01,9.444444444444444198e-01,3.673868557823622982e-01
1.825747998314370124e-01,8.988764044943819975e-02,4.111111111111110938e-01,1.818617713542023395e-01
1.016645596291614051e-01,3.595505617977527990e-01,2.777777777777777901e-01,1.430234947599150763e-01
4.465865992414664865e-01,6.179775280898875955e-01,4.000000000000000222e-01,3.139256113432427053e-01
1.832069110830172876e-01,1.235955056179775247e-01,5.666666666666666519e-01,1.813822864579765770e-01
1.764643910661609638e-01,4.269662921348314488e-01,6.777777777777778123e-01,2.261798753339269719e-01
9.155077960387694724e-02,5.730337078651684957e-01,4.777777777777778012e-01,1.483663264607164856e-01
2.156552886641382172e-01,4.044943820224718989e-01,4.111111111111110938e-01,1.731625453798205372e-01
1.764643910661609638e-01,5.730337078651684957e-01,5.111111111111110716e-01,2.388519761627508620e-01
2.369363674673409248e-01,2.022471910112359494e-01,4.111111111111110938e-01,3.063223508459483324e-01
1.764643910661609638e-01,2.247191011235954994e-01,6.666666666666666297e-01,2.747448455373655563e-01
1.910029498525073755e-01,1.685393258426966245e-01,5.555555555555555802e-01,1.664497568326597787e-01
2.894016013485040117e-01,2.808988764044944020e-01,4.111111111111110938e-01,2.659771217206657878e-01
2.192372524230931374e-01,1.235955056179775247e-01,7.888888888888888618e-01,2.252209055414754468e-01
3.490307627475768837e-01,3.595505617977527990e-01,6.888888888888888840e-01,2.656346325090759852e-01
2.202907711757269293e-01,7.865168539325842478e-02,4.333333333333333481e-01,2.298102609767792293e-01
9.344711335861778656e-02,1.460674157303370746e-01,4.333333333333333481e-01,8.336187410096582151e-02
2.591656131479140313e-01,5.617977528089887485e-02,6.222222222222222321e-01,2.483046784026303189e-01
3.839022334597556041e-01,7.078651685393257953e-01,4.444444444444444198e-01,3.118021782313857293e-01
1.628739991571850065e-01,4.606741573033708015e-01,6.333333333333333037e-01,1.741900130145900283e-01
1.764643910661609638e-01,3.483146067415730518e-01,6.111111111111111605e-01,1.930954174943489143e-01
1.858407079646017812e-01,2.584269662921348520e-01,5.222222222222222543e-01,2.190560997328584170e-01
1.899494310998735835e-01,1.235955056179775247e-01,4.555555555555555469e-01,1.793958490307555331e-01
2.034344711335861755e-01,7.865168539325842478e-02,4.000000000000000222e-01,2.018631413110487105e-01
2.759165613147914198e-01,2.134831460674157244e-01,4.666666666666666741e-01,2.218645112678950537e-01
1.682469447956173592e-01,3.146067415730336991e-01,6.444444444444444864e-01,1.476128501952188588e-01
2.354614412136536161e-01,1.235955056179775247e-01,6.444444444444444864e-01,2.622782382354955644e-01
2.369363674673409248e-01,8.988764044943819975e-02,5.222222222222222543e-01,2.356325775738064288e-01
9.270965023177413222e-02,4.269662921348314488e-01,2.777777777777777901e-01,1.010343174190013044e-01
1.591866835229667210e-01,8.988764044943819975e-02,3.666666666666666408e-01,1.666552503596136769e-01
2.231352718078381814e-01,1.460674157303370746e-01,5.111111111111110716e-01,2.387149804781149298e-01
1.354825115887062781e-01,1.910112359550561745e-01,5.444444444444443976e-01,1.989177340913761138e-01
2.767593763168984533e-01,1.797752808988763995e-01,5.444444444444443976e-01,2.771422700184943966e-01
1.470712178676780446e-01,2.921348314606741492e-01,7.444444444444444642e-01,2.052195355846290759e-01
2.904551201011377759e-01,6.516853932584270037e-01,5.111111111111110716e-01,2.697445030481540051e-01
2.895069532237674048e-01,2.022471910112359494e-01,6.888888888888888840e-01,2.969381464483868971e-01
4.349978929624947477e-01,9.213483146067416030e-01,5.777777777777777235e-01,3.281046647030618768e-01
2.197640117994100195e-01,2.696629213483145993e-01,5.000000000000000000e-01,2.433043359134187400e-01
2.681205225453013319e-01,7.865168539325842478e-02,5.666666666666666519e-01,2.784437290225357797e-01
2.537926675094816509e-01,8.314606741573034032e-01,6.111111111111111605e-01,1.836427152544694852e-01
2.787610619469026441e-01,5.280898876404493958e-01,5.666666666666666519e-01,1.183642715254469430e-01
2.202907711757269293e-01,9.325842696629212947e-01,3.444444444444444420e-01,2.396739502705664826e-01
2.652760219131900521e-01,1.348314606741572996e-01,5.777777777777777235e-01,2.939927392287142727e-01
2.044879898862199674e-01,4.269662921348314488e-01,5.777777777777777235e-01,2.392629632166586862e-01
2.672777075431942428e-01,1.235955056179775247e-01,5.555555555555555802e-01,2.858414959928762267e-01
2.665402444163506024e-01,1.573033707865168496e-01,3.555555555555555691e-01,1.950133570792519921e-01
3.881163084702907717e-01,9.325842696629212947e-01,3.111111111111111160e-01,2.704294814713336659e-01
1.628739991571850065e-01,1.797752808988763995e-01,4.222222222222222210e-01,1.574080416466881183e-01
2.414664981036662439e-01,5.955056179775281011e-01,6.444444444444444864e-01,3.296801150763750687e-01
1.910029498525073755e-01,3.258426966292135019e-01,4.333333333333333481e-01,2.287827933420097382e-01
9.945217024863042821e-02,7.865168539325842478e-02,5.777777777777777235e-01,1.469278717720391703e-01
1.628739991571850065e-01,1.123595505617977497e-01,4.777777777777778012e-01,1.538461538461538547e-01
1.912136536030341338e-01,1.685393258426966245e-01,3.888888888888888951e-01,1.967258031372011717e-01
1.984829329962073396e-01,0.000000000000000000e+00,4.444444444444444198e-01,1.354202342626207312e-01
3.839022334597556041e-01,7.640449438202246979e-01,3.666666666666666408e-01,3.087882731693951666e-01
2.201854193004635363e-01,5.280898876404493958e-01,5.888888888888889062e-01,1.898075210630865151e-01
3.156342182890855552e-01,8.988764044943819975e-02,6.666666666666666297e-01,2.927597780669908833e-01
2.747576906868942070e-01,6.741573033707864981e-02,6.222222222222222321e-01,1.843961915199671120e-01
1.911083017277707408e-01,1.011235955056179747e-01,3.444444444444444420e-01,2.243989314336598262e-01
1.190476190476190410e-01,5.617977528089887485e-02,5.111111111111110716e-01,1.109665045551065099e-01
3.406026127265065484e-01,7.640449438202246979e-01,5.666666666666666519e-01,3.409822590588396651e-01
2.148124736620311837e-01,4.044943820224718989e-01,5.333333333333333259e-01,2.034385916843619302e-01
2.436788874841972208e-01,3.595505617977527990e-01,6.666666666666666297e-01,2.313172135077745106e-01
1.999578592498946483e-01,8.988764044943819975e-02,6.555555555555555580e-01,1.987807384067401817e-01
1.816266329540665858e-01,4.382022471910112515e-01,5.333333333333333259e-01,1.642578258784848366e-01
3.202697008006742396e-01,7.865168539325842478e-02,6.888888888888888840e-01,2.534420165764778576e-01
1.335861778339654526e-01,1.460674157303370746e-01,5.111111111111110716e-01,1.090485649702034321e-01
1.910029498525073755e-01,3.258426966292135019e-01,2.666666666666666630e-01,8.151243235838070977e-02
1.379719991606469520e-01,1.984745329101843259e-01,2.147619589635491599e-01,1.370373338453409473e-01
2.370417193426042901e-01,1.123595505617977497e-01,5.555555555555555802e-01,2.226179875333927083e-01
2.202907711757269293e-01,3.370786516853932491e-01,4.111111111111110938e-01,2.373450236317556084e-01
1.354825115887062781e-01,6.741573033707864981e-02,6.222222222222222321e-01,1.528186862113843358e-01
2.057522123893805177e-01,4.157303370786517016e-01,5.000000000000000000e-01,1.369956846359339786e-01
4.248841129372102898e-01,9.438202247191010974e-01,3.222222222222222432e-01,3.055688745804507334e-01
2.202907711757269293e-01,7.865168539325842478e-02,5.666666666666666519e-01,1.815877799849304752e-01
2.057522123893805177e-01,1.573033707865168496e-01,5.111111111111110716e-01,1.991232276183300121e-01
2.506321112515803029e-01,1.348314606741572996e-01,4.000000000000000222e-01,2.446742927597780615e-01
2.589549093973873006e-01,1.235955056179775247e-01,6.666666666666666297e-01,2.326871703541338321e-01
2.605351875263379746e-01,1.011235955056179747e-01,6.333333333333333037e-01,2.457702582368655464e-01
2.180783817951959525e-01,1.460674157303370746e-01,5.999999999999999778e-01,1.296664155079114977e-01
2.659081331647703550e-01,4.494382022471909988e-02,6.555555555555555580e-01,2.311802178231385785e-01
2.402022756005056936e-01,5.730337078651684957e-01,6.888888888888888840e-01,1.530241797383382341e-01
3.230088495575221264e-01,1.348314606741572996e-01,6.333333333333333037e-01,3.331735050345914217e-01
2.773914875684787007e-01,1.123595505617977497e-01,6.888888888888888840e-01,1.937118980752106367e-01
1.295828065739570156e-01,4.494382022471909988e-01,5.999999999999999778e-01,1.510377423111171902e-01
2.640117994100295018e-01,2.134831460674157244e-01,7.222222222222222099e-01,2.538530036303856541e-01
2.192372524230931374e-01,1.235955056179775247e-01,4.222222222222222210e-01,2.434413315980546721e-01
1.216814159292035347e-01,3.370786516853932491e-01,3.555555555555555691e-01,1.016507979998629990e-01
2.416772018541930023e-01,4.157303370786517016e-01,5.777777777777777235e-01,2.724159188985547098e-01
1.489675516224188700e-01,8.988764044943819975e-02,6.444444444444444864e-01,1.617919035550380025e-01
2.192372524230931374e-01,4.269662921348314488e-01,5.999999999999999778e-01,2.145352421398726006e-01
1.886852085967130332e-01,3.146067415730336991e-01,4.000000000000000222e-01,1.592574833892732300e-01
2.290349768225874438e-01,2.134831460674157244e-01,5.999999999999999778e-01,1.167888211521337094e-01
1.347450484618626099e-01,4.269662921348314488e-01,4.222222222222222210e-01,1.407630659634221404e-01
2.202907711757269293e-01,1.123595505617977497e-01,7.111111111111111382e-01,2.540584971573395245e-01
2.485250737463126913e-01,1.235955056179775247e-01,5.888888888888889062e-01,2.330296595657236902e-01
1.716182048040455210e-01,6.853932584269663009e-01,6.222222222222222321e-01,1.722035755873689844e-01
1.741466498103666216e-01,2.584269662921348520e-01,5.111111111111110716e-01,1.369271867936160125e-01
3.146860514117151286e-01,5.393258426966291985e-01,6.777777777777778123e-01,2.613877662853620332e-01
1.073535608933839092e-01,1.797752808988763995e-01,5.666666666666666519e-01,1.303513939310911585e-01
3.311209439528023379e-01,6.067415730337079038e-01,4.333333333333333481e-01,1.639153366668950063e-01
3.588284871470712178e-01,9.213483146067416030e-01,3.444444444444444420e-01,1.833687238851976209e-01
1.155710071639275138e-01,3.595505617977527990e-01,4.777777777777778012e-01,1.634358517706692160e-01
1.957437842393594529e-01,4.044943820224718989e-01,4.777777777777778012e-01,7.425166107267620885e-02
1.629793510324483718e-01,3.370786516853932491e-01,5.000000000000000000e-01,2.230289745873005047e-01
3.461862621154656594e-01,4.719101123595505487e-01,5.999999999999999778e-01,3.248167682717994498e-01
6.264222503160555844e-01,5.842696629213482984e-01,6.777777777777778123e-01,3.807795054455784811e-01
4.475347661188369131e-01,2.584269662921348520e-01,3.444444444444444420e-01,1.832288832806852341e-01
1.064053940160134826e-01,5.955056179775281011e-01,4.888888888888888729e-01,9.781491883005685728e-02
2.369363674673409248e-01,6.741573033707864981e-01,5.888888888888889062e-01,2.644701691896705342e-01
4.057100716392751938e-01,8.876404494382021948e-01,4.333333333333333481e-01,2.650181519282142628e-01
1.920564686051411674e-01,1.235955056179775247e-01,5.555555555555555802e-01,1.987122405644222156e-01
2.043826380109566021e-01,1.235955056179775247e-01,6.666666666666666297e-01,1.806288101924789502e-01
1.547619047619047672e-01,4.719101123595505487e-01,5.666666666666666519e-01,1.124734570861017913e-01
2.021702486304256252e-01,1.348314606741572996e-01,5.222222222222222543e-01,2.024111240495924391e-01
6.647703329119258875e-02,1.573033707865168496e-01,3.111111111111111160e-01,1.532050156797627460e-01
1.290560471976401058e-01,5.955056179775281011e-01,4.333333333333333481e-01,1.003493389958216297e-01
8.891698272229245359e-02,7.865168539325842478e-02,3.666666666666666408e-01,1.875216502330228074e-01
1.745928413018913994e-01,2.371145388629180284e-01,3.738606520333062622e-01,1.697378287773795846e-01
3.206911083017277564e-01,2.808988764044944020e-01,6.999999999999999556e-01,3.292691280224672723e-01
2.193426042983565027e-01,2.134831460674157244e-01,4.777777777777778012e-01,2.596753202274128536e-01
1.206278971765697428e-01,1.235955056179775247e-01,5.222222222222222543e-01,2.465922323446811254e-02
1.839443742098609280e-01,2.022471910112359494e-01,6.777777777777778123e-01,2.260428796492910397e-01
3.028866413822166037e-01,1.123595505617977497e-01,7.111111111111111382e-01,3.076238098499897156e-01
2.652760219131900521e-01,5.617977528089887485e-02,5.555555555555555802e-01,1.648743064593465313e-01
3.748419721871049104e-01,9.325842696629212947e-01,6.444444444444444864e-01,2.124803068703335907e-01
1.354825115887062781e-01,3.483146067415730518e-01,7.333333333333332815e-01,1.211041852181656275e-01
1.753055204382638066e-01,2.584269662921348520e-01,4.111111111111110938e-01,1.467908760874032381e-01
1.628739991571850065e-01,2.247191011235954994e-01,5.222222222222222543e-01,7.308719775327077173e-02
7.353560893383902231e-02,5.168539325842697041e-01,6.555555555555555580e-01,8.712925542845399718e-02
1.628739991571850065e-01,1.348314606741572996e-01,2.222222222222222099e-01,1.467223782450852720e-01
1.254740834386852133e-01,8.988764044943819975e-02,4.222222222222222210e-01,1.346667579971231044e-01
1.637168141592920401e-01,4.494382022471909988e-02,4.666666666666666741e-01,1.295979176655935317e-01
1.918457648546144090e-01,2.359550561797752743e-01,4.222222222222222210e-01,1.843276936776491459e-01
2.677901293188685306e-01,3.049673986877426413e-01,4.889630907263503579e-01,2.707685321665725398e-01
3.711546565528866526e-01,1.011235955056179747e-01,7.444444444444444642e-01,3.305640826572485702e-01
2.760219131900547573e-01,2.359550561797752743e-01,5.888888888888889062e-01,2.213850263716692912e-01
3.969658659924146793e-01,4.719101123595505487e-01,5.333333333333333259e-01,3.431547463567957701e-01
1.354825115887062781e-01,2.808988764044944020e-01,5.333333333333333259e-01,9.665045551065142015e-02
1.891066160977665500e-01,4.157303370786517016e-01,5.111111111111110716e-01,2.302897458730049918e-01
1.773490810463207445e-01,1.887606802865979261e-01,4.195316172939100308e-01,1.760842797641232194e-01
7.511588706278972405e-02,6.629213483146066954e-01,3.777777777777777679e-01,1.118569765052400827e-01
1.266329540665823983e-01,3.370786516853932491e-01,3.777777777777777679e-01,1.468593739297212042e-01
1.628739991571850065e-01,4.382022471910112515e-01,5.333333333333333259e-01,2.915978487799679719e-01
2.629582806573956821e-01,1.797752808988763995e-01,5.888888888888889062e-01,3.034454414685937573e-01
2.462073324905183214e-01,2.696629213483145993e-01,7.111111111111111382e-01,2.211110350023974269e-01
2.337758112094395213e-01,1.235955056179775247e-01,6.555555555555555580e-01,2.051510377423111098e-01
2.747576906868942070e-01,1.348314606741572996e-01,7.333333333333332815e-01,2.120693198164257942e-01
2.882427307206068545e-01,1.123595505617977497e-01,6.555555555555555580e-01,2.938557435440783405e-01
1.734091866835229534e-01,2.247191011235954994e-01,5.777777777777777235e-01,2.360367918193135295e-01
2.774968394437420938e-01,2.584269662921348520e-01,6.333333333333333037e-01,3.248644590725590642e-01
2.494732406236830902e-01,1.685393258426966245e-01,5.666666666666666519e-01,7.904651003493390338e-02
1.030341340075853346e-01,6.292134831460673983e-01,4.666666666666666741e-01,7.055277758750599926e-02
1.354825115887062781e-01,8.988764044943819975e-02,5.999999999999999778e-01,1.110350023974244760e-01
1.898440792246101905e-01,2.808988764044944020e-01,3.444444444444444420e-01,1.975477772450167924e-01
1.071428571428571369e-01,1.011235955056179747e-01,4.444444444444444198e-01,9.110213028289608495e-02
1.073535608933839092e-01,3.595505617977527990e-01,6.555555555555555580e-01,7.055277758750599926e-02
2.005109309016754049e-01,1.802186772721189045e-01,4.725162006554286531e-01,2.028467501457272837e-01
2.483143699957859329e-01,1.123595505617977497e-01,6.333333333333333037e-01,2.804986642920748174e-01
1.754108723135271719e-01,2.584269662921348520e-01,5.999999999999999778e-01,2.545782079199371273e-01
8.449220396123051369e-02,2.921348314606741492e-01,4.555555555555555469e-01,3.397492978971162342e-02
1.073535608933839092e-01,4.831460674157303514e-01,4.111111111111110938e-01,1.431604904445510085e-01
2.192372524230931374e-01,5.617977528089888040e-01,8.333333333333333703e-01,1.101445304472909170e-01
1.066160977665402410e-01,5.617977528089887485e-02,2.666666666666666630e-01,9.760942530310295906e-02
1.401179941002949902e-01,5.617977528089887485e-02,5.555555555555555802e-01,1.855606548393725630e-01
3.230088495575221264e-01,1.123595505617977497e-02,8.444444444444444420e-01,2.737858757449140312e-01
1.436999578592498827e-01,4.157303370786517016e-01,2.999999999999999889e-01,1.734365367490924015e-01
1.066160977665402410e-01,3.483146067415730518e-01,2.999999999999999889e-01,1.224741420645249629e-01
2.494732406236830902e-01,2.696629213483145993e-01,5.777777777777777235e-01,2.235769573258442333e-01
2.260851243152127987e-01,2.247191011235954994e-02,6.333333333333333037e-01,2.775450436989131964e-01
3.221405854367652699e-01,3.941094618819619422e-01,6.913931415901052313e-01,3.172191422501050573e-01
3.547913554922084156e-01,2.808988764044944020e-01,6.366564993394926431e-01,3.582993668237998697e-01
2.850821744627054510e-01,6.292134831460673983e-01,0.000000000000000000e+00,2.308377286115487481e-01
2.249262536873156415e-01,2.022471910112359494e-01,5.888888888888889062e-01,2.315227070347284088e-01
1.069321533923303785e-01,1.910112359550561745e-01,4.333333333333333481e-01,1.811405079329590218e-01
2.310366624525916623e-01,8.988764044943819975e-02,6.111111111111111605e-01,2.445372970751421293e-01
3.533501896333754999e-01,4.157303370786517016e-01,2.333333333333333370e-01,2.328124466390339431e-01
1.728824273072060713e-01,6.067415730337079038e-01,2.333333333333333370e-01,1.721350777450510183e-01
9.987357774968394497e-02,2.022471910112359494e-01,4.000000000000000222e-01,5.390780190424001445e-02
2.485250737463126913e-01,1.460674157303370746e-01,7.222222222222222099e-01,2.511815877799849495e-01
2.612726506531816151e-01,8.988764044943819975e-02,5.666666666666666519e-01,1.164463319405438790e-01
2.769700800674251839e-01,1.685393258426966245e-01,5.333333333333333259e-01,2.150147270360983631e-01
3.247143733719934922e-01,5.505617977528090012e-01,5.777777777777777235e-01,3.191844689203796048e-01
2.337758112094395213e-01,1.460674157303370746e-01,4.888888888888888729e-01,2.194670867867662134e-01
1.676148335440370840e-01,2.022471910112359494e-01,4.222222222222222210e-01,1.643948215631207688e-01
1.997471554993678899e-01,4.157303370786517016e-01,6.888888888888888840e-01,2.098088910199328583e-01
1.274757690686894318e-01,1.573033707865168496e-01,2.888888888888888618e-01,1.271319953421467253e-01
1.628739991571850065e-01,1.797752808988763995e-01,4.666666666666666741e-01,7.377217617645044634e-02
3.151074589127686454e-01,3.595505617977527990e-01,6.444444444444444864e-01,2.724159188985547098e-01
2.652760219131900521e-01,3.483146067415730518e-01,6.333333333333333037e-01,3.459061472958327998e-01
1.296881584492204087e-01,3.820224719101123489e-01,5.444444444444443976e-01,1.363792040550722562e-01
2.067003792667509443e-01,1.235955056179775247e-01,6.777777777777778123e-01,1.713816014795533915e-01
1.436999578592498827e-01,1.348314606741572996e-01,4.777777777777778012e-01,2.189191040482224848e-01
1.459123472397808596e-01,7.865168539325842478e-02,5.777777777777777235e-01,4.246866223713952754e-02
2.333573386006759787e-01,1.910112359550561745e-01,6.222222222222222321e-01,2.301431039276390089e-01
3.839022334597556041e-01,3.707865168539326017e-01,8.000000000000000444e-01,3.346119597232687370e-01
3.765265985734431720e-01,3.932584269662921517e-01,8.666666666666666963e-01,3.796906573158288500e-01
2.882427307206068545e-01,1.235955056179775247e-01,6.888888888888888840e-01,2.478936913487225224e-01
1.775179098187947835e-01,2.134831460674157244e-01,6.444444444444444864e-01,2.696302865542292704e-01
4.751369574378423721e-02,2.808988764044944020e-01,5.000000000000000000e-01,2.480509139388707984e-01
8.491361146228403045e-02,4.494382022471909988e-01,5.222222222222222543e-01,1.134324268785533302e-01
3.490307627475768837e-01,1.797752808988763995e-01,5.111111111111110716e-01,2.080279471196657404e-01
3.080488832701221980e-01,3.146067415730336991e-01,5.333333333333333259e-01,2.352215905198986323e-01
3.216611824793113028e-01,4.382022471910112515e-01,5.236633738916940395e-01,3.143690390006722568e-01
1.483354403708385949e-01,2.921348314606741492e-01,6.222222222222222321e-01,2.567785136459357354e-01
2.776056521040760061e-01,4.474340543922415425e-01,4.174371759020507056e-01,2.613577896401058642e-01
5.141171512852928810e-02,5.393258426966291985e-01,4.000000000000000222e-01,4.130419891773409041e-02
2.761493917681998034e-01,2.921348314606741492e-01,6.716086164408223702e-01,2.816817678767443711e-01
8.027812895069531829e-02,4.719101123595505487e-01,4.222222222222222210e-01,9.480101376806630842e-02
1.534976822587442169e-01,2.584269662921348520e-01,3.222222222222222432e-01,1.134324268785533302e-01
6.753055204382638066e-02,2.696629213483145993e-01,7.777777777777777901e-01,7.295020206863483958e-02
1.198904340497260884e-01,3.820224719101123489e-01,4.333333333333333481e-01,1.187067607370367872e-01
1.451748841129372192e-01,5.280898876404493958e-01,3.444444444444444420e-01,0.000000000000000000e+00
1.203249569525409457e-01,1.797752808988763995e-01,3.838377501991453999e-01,1.179891933478559168e-01
1.959199245448259852e-01,1.011235955056179747e-01,4.034188191125084311e-01,1.785911552343409925e-01
9.776654024441634727e-02,3.932584269662921517e-01,3.888888888888888951e-01,1.844646893622850781e-01
3.880109565950273787e-01,1.123595505617977497e-01,6.555555555555555580e-01,2.609767792314542367e-01
7.515802781289506740e-01,5.168539325842697041e-01,2.333333333333333370e-01,3.076283670459390440e-01
1.734091866835229534e-01,6.741573033707864981e-01,3.666666666666666408e-01,2.708254001010064749e-01
2.001685630004213998e-02,7.865168539325842478e-02,3.555555555555555691e-01,1.819974494603926463e-01
9.060261272650653799e-03,1.797752808988763995e-01,3.777777777777777679e-01,2.719364340023289195e-02
9.228824273072060158e-02,3.483146067415730518e-01,8.333333333333333703e-01,9.041715185971642421e-02
1.905815423514538587e-01,1.910112359550561745e-01,6.111111111111111605e-01,6.062059045140077984e-02
7.174462705436156218e-02,2.808988764044944020e-01,5.555555555555555802e-01,2.755032117100589817e-01
2.472608512431521410e-01,3.033707865168539519e-01,3.111111111111111160e-01,2.337467673756047915e-01
2.057522123893805177e-01,3.033707865168539519e-01,5.111111111111110716e-01,1.043907116925816836e-01
1.116729877791824629e-02,1.348314606741572996e-01,5.444444444444443976e-01,2.007788696951291474e-01
5.141171512852928810e-02,8.988764044943819975e-02,2.666666666666666630e-01,3.774231111719980603e-02
1.763590391908975985e-01,4.606741573033708015e-01,4.555555555555555469e-01,1.506952530995273598e-01
3.244837758112094628e-01,4.382022471910112515e-01,6.999999999999999556e-01,3.590244403769257131e-01
2.317489209640340997e-01,2.471910112359550493e-01,4.947267403514764572e-01,2.215420747142158586e-01
2.137629032532880058e-01,1.011235955056179747e-01,6.333333333333333037e-01,2.173792340637697995e-01
2.280868099452170172e-01,1.235955056179775247e-01,6.777777777777778123e-01,2.276868278649222532e-01
1.733038348082595881e-01,1.797752808988763995e-01,3.777777777777777679e-01,2.067420705561514027e-01
1.862621154656552980e-01,1.460674157303370746e-01,5.222222222222222543e-01,9.206110007534762385e-02
7.880320269700800961e-02,4.494382022471909988e-01,4.555555555555555469e-01,5.514076306596342458e-02
2.683312262958280625e-01,1.797752808988763995e-01,7.888888888888888618e-01,1.696691554216042119e-01
2.176767517427053433e-01,7.865168539325842478e-02,5.777777777777777235e-01,2.293632181393323033e-01
1.286897547930203611e-01,1.573033707865168496e-01,4.555555555555555469e-01,1.280497502607691462e-01
1.605562579013906366e-01,3.370786516853932491e-01,5.111111111111110716e-01,1.456264127679978149e-01
1.585545722713864181e-01,1.123595505617977497e-02,5.888888888888889062e-01,2.259000125001188741e-01
1.414632350011491846e-01,7.865168539325842478e-02,2.666666666666666630e-01,1.538579993901299514e-01
2.740202275600505666e-01,1.685393258426966245e-01,5.333333333333333259e-01,8.425234605109939434e-02
1.073535608933839092e-01,2.359550561797752743e-01,3.333333333333333148e-01,1.172683060483594719e-01
1.995364517488411316e-01,2.134831460674157244e-01,5.111111111111110716e-01,2.842660456195629792e-01
6.342182890855457833e-02,6.404494382022472010e-01,4.444444444444444198e-01,1.061716555928488293e-01
1.212600084281500179e-01,2.696629213483145993e-01,4.888888888888888729e-01,1.061031577505308632e-01
2.037505267593763270e-01,2.247191011235954994e-01,5.888888888888889062e-01,1.801493252962531599e-01
1.477033291192583198e-01,2.134831460674157244e-01,4.666666666666666741e-01,4.822248099184875403e-02
1.628739991571850065e-01,3.258426966292135019e-01,3.777777777777777679e-01,1.768614288649907607e-01
1.719342604298356447e-01,4.606741573033708015e-01,6.777777777777778123e-01,9.534899650661003701e-02
3.370424590100484785e-01,6.067415730337079038e-01,4.666666666666666741e-01,3.376021201959319429e-01
2.251918758687558864e-01,3.370786516853932491e-02,6.153938126811018261e-01,2.376756904391395253e-01
3.375481000324331848e-01,2.247191011235954994e-01,5.147494790601343517e-01,3.363453323433290842e-01
2.044879898862199674e-01,3.370786516853932491e-01,5.444444444444443976e-01,2.171381601479553392e-01
2.246101980615254901e-01,7.865168539325842478e-02,7.111111111111111382e-01,2.471794319730100109e-01
1.066160977665402410e-01,2.247191011235954994e-01,7.444444444444444642e-01,8.658127268991026859e-02
2.855035819637589678e-01,4.157303370786517016e-01,2.888888888888888618e-01,2.626719221577111796e-01
1.910029498525073755e-01,2.022471910112359494e-01,6.555555555555555580e-01,1.750804849647236150e-01
2.206068268015170808e-01,1.123595505617977497e-02,5.444444444444443976e-01,1.633673539283512499e-01
3.013667392011836199e-01,4.044943820224718989e-01,5.532622830600582020e-01,3.185067886791194125e-01
2.826590813316476880e-01,1.573033707865168496e-01,5.777777777777777235e-01,2.253380919518159498e-01
1.769911504424778736e-02,5.393258426966291985e-01,4.222222222222222210e-01,2.208216377845795830e-01
1.667038915480795191e-01,1.460674157303370746e-01,4.111111111111110938e-01,1.557724316703549272e-01
2.330383480825958809e-01,1.348314606741572996e-01,5.777777777777777235e-01,4.979793136516199453e-02
2.588495575221239076e-01,3.820224719101123489e-01,4.666666666666666741e-01,1.408315638057401065e-01
1.697218710493046678e-01,6.741573033707864981e-02,5.333333333333333259e-01,8.973217343653675307e-03
2.871892119679730349e-01,1.460674157303370746e-01,6.333333333333333037e-01,1.238440989108843121e-01
3.982957192661687462e-01,4.425791625768283333e-01,6.817315796049158161e-01,4.057585030572997686e-01
1.408513284835496704e-01,2.134831460674157244e-01,2.444444444444444364e-01,1.398682049420664208e-01
3.277059435976703572e-01,5.617977528089888040e-01,6.082891818783060511e-01,3.363783036520145431e-01
2.114275844317049236e-01,3.595505617977527990e-01,3.666666666666666408e-01,2.278207235790098428e-01
2.989886219974715598e-01,1.460674157303370746e-01,6.666666666666666297e-01,1.486403178299883499e-01
1.114622840286557115e-01,2.134831460674157244e-01,5.999999999999999778e-01,2.009194523079512185e-01
2.247981746548562421e-01,1.123595505617977497e-01,5.555555555555555802e-01,2.279506822934720955e-01
1.901601348504003419e-01,4.943820224719100986e-01,5.000000000000000000e-01,2.796461337576346962e-01
8.965444584913610793e-02,2.471910112359550493e-01,6.555555555555555580e-01,5.068840331529556736e-02
2.504318192587964287e-01,1.235955056179775247e-01,5.444444444444443976e-01,2.655151872206377162e-01
2.034344711335861755e-01,5.617977528089887485e-02,5.444444444444443976e-01,1.773409137612165232e-01
1.223139068745592584e-01,1.471355468524879750e-01,2.620459250657719563e-01,1.225506455823141827e-01
2.787580351122966871e-01,4.382022471910112515e-01,4.222222222222222210e-01,2.658419348822285699e-01
1.436999578592498827e-01,3.370786516853932491e-01,1.888888888888888840e-01,8.014247551202137443e-02
1.214707121786767763e-01,6.741573033707864981e-02,3.777777777777777679e-01,7.219672580313719890e-02
2.706044508507642887e-01,1.235955056179775247e-01,5.444444444444443976e-01,2.780934696037494769e-01
1.861567635903919049e-01,2.921348314606741492e-01,4.777777777777778012e-01,1.304883896157271184e-01
4.426048817113820144e-01,5.505617977528090012e-01,7.222222222222222099e-01,4.406207939373393279e-01
3.086169699837637004e-01,5.505617977528090012e-01,5.333333333333333259e-01,3.162781053989896507e-01
2.738426042806418881e-01,2.436477936066128169e-01,7.048756857283570154e-01,2.821713775028022453e-01
3.261216590764438039e-01,2.359550561797752743e-01,5.888888888888889062e-01,3.268288227488186370e-01
2.931942688579856626e-01,6.292134831460673983e-01,2.888888888888888618e-01,2.534037114308852479e-01
2.878840872867193812e-01,2.723189882373112658e-01,6.423914495238853828e-01,3.004316222840135997e-01
3.672611111315708943e-01,4.583615960829909297e-01,7.194346258831434415e-01,3.701464567288865193e-01
2.379332102268490456e-01,5.056179775280899014e-01,5.576569943159400689e-01,2.357063893166265189e-01
3.061142099375373515e-01,3.370786516853932491e-02,8.222222222222221877e-01,3.146019696425514933e-01
2.052254530130636356e-01,5.842696629213482984e-01,2.999999999999999889e-01,1.511062401534351562e-01
2.362061223802527921e-01,2.247191011235954994e-01,5.222222222222222543e-01,2.499973014704364727e-01
5.394016013485040256e-02,1.123595505617977497e-01,3.777777777777777679e-01,3.212548804712651862e-02
4.582806573957016322e-02,5.617977528089887485e-02,5.111111111111110716e-01,4.424960613740667320e-02
3.761061946902654607e-01,3.370786516853932491e-02,6.666666666666666297e-01,2.527394853679065800e-01
3.813737884534344758e-02,6.629213483146066954e-01,4.666666666666666741e-01,2.813655492817209725e-01
9.155077960387694724e-02,6.741573033707864981e-02,4.888888888888888729e-01,1.354202342626207312e-01
1.707753898019384875e-01,4.494382022471909988e-02,7.222222222222222099e-01,1.503527638879375294e-01
2.326868177377730829e-01,1.573033707865168496e-01,5.333333333333333259e-01,2.280907299768598906e-01
2.047421081154898737e-01,2.471910112359550493e-01,3.861031761690715824e-01,2.006825350052918178e-01
2.652760219131900521e-01,1.573033707865168496e-01,7.222222222222222099e-01,3.417185683424110998e-01
1.775179098187947835e-01,4.157303370786517016e-01,6.444444444444444864e-01,3.327291974949822539e-01
5.141171512852928810e-02,2.696629213483145993e-01,1.000000000000000056e-01,8.394836971701176431e-02
2.623261694058154347e-01,2.808988764044944020e-01,2.999999999999999889e-01,1.865448882418451193e-01
2.504915193760084424e-01,8.988764044943819975e-02,5.555555555555555802e-01,2.473573883747576252e-01
7.237673830594185120e-02,2.359550561797752743e-01,5.444444444444443976e-01,8.041646688129323872e-02
0.000000000000000000e+00,5.505617977528090012e-01,4.888888888888888729e-01,2.701045596140327909e-01
4.709228824273072045e-02,3.146067415730336991e-01,2.222222222222222099e-01,1.477916932308659670e-01
2.134428992836072403e-01,5.730337078651684957e-01,5.555555555555555802e-01,1.354202342626207312e-01
1.420143278550358157e-01,1.123595505617977497e-01,3.111111111111111160e-01,1.169943146790876076e-01
1.494943109987357799e-01,1.685393258426966245e-01,4.777777777777778012e-01,9.123912596753201709e-02
3.437631689844078964e-01,4.943820224719100986e-01,5.000000000000000000e-01,3.097361875373408902e-01
1.080455471315080462e-01,3.595505617977527990e-01,0.000000000000000000e+00,1.183289318509151700e-01
6.274757690686894041e-01,4.494382022471909988e-01,5.222222222222222543e-01,1.068566340160284900e-01
2.540794518881355213e-01,5.617977528089887485e-02,6.666666666666666297e-01,2.503164580198142808e-01
2.569813531849027832e-01,1.685393258426966245e-01,4.210503554092280831e-01,2.593484013230322183e-01
1.774125579435313904e-01,1.011235955056179747e-01,4.888888888888888729e-01,1.076101102815261307e-01
3.218256753128231340e-01,1.797752808988763995e-01,5.483997848604369452e-01,3.318933236980622370e-01
3.718467627879774029e-01,5.617977528089888040e-01,7.884229043947066362e-01,3.817964544487926215e-01
2.425057567169769945e-01,4.044943820224718989e-01,5.000000000000000000e-01,2.463329658666159605e-01
3.266961651917404397e-01,3.483146067415730518e-01,5.000000000000000000e-01,3.053987082423259558e-01
1.964008564691699377e-01,2.471910112359550493e-01,4.333850213087980796e-01,1.812997341932048034e-01
1.028234302570585762e-01,6.404494382022472010e-01,5.555555555555555802e-01,3.591594749953759824e-01
1.846818373367045962e-01,9.662921348314607028e-01,5.222222222222222543e-01,1.036372354270840429e-01
4.888174917253542695e-01,7.528089887640448952e-01,1.000000000000000000e+00,4.744785093353561800e-01
4.013906447534765914e-02,4.044943820224718989e-01,4.222222222222222210e-01,6.610041783683813510e-02
6.531816266329540377e-02,6.741573033707864981e-02,4.666666666666666741e-01,1.174308828490047696e-01
1.615128396476636086e-01,2.542703331145271251e-01,2.614010709907029217e-01,1.632915937620021407e-01
6.531816266329540377e-02,1.460674157303370746e-01,2.777777777777777901e-01,4.781149393794095759e-02
2.403076274757690589e-01,6.741573033707864981e-01,1.222222222222222182e-01,2.300645338453323752e-01
4.066587453653486839e-01,3.932584269662921517e-01,7.111111111111111382e-01,4.087154963437746868e-01
5.319728241267793756e-01,1.000000000000000000e+00,1.013294370956752122e+00,5.432374245628313059e-01
1.724610198061525546e-01,7.078651685393257953e-01,1.555555555555555580e-01,2.295378834870739349e-01
4.966954578582161162e-01,1.000000000000000000e+00,9.894124615360673225e-01,4.957312063687535630e-01
1.556047197640118007e-01,2.359550561797752743e-01,5.777777777777777235e-01,2.947115389597849688e-01
2.479465073079862303e-01,1.460674157303370746e-01,6.333518541362077592e-01,2.489109875641456193e-01
1.115676359039190907e-01,5.168539325842697041e-01,5.555555555555555802e-01,2.950976911642286815e-01
4.040395124990357467e-01,5.505617977528090012e-01,8.067221372476554020e-01,3.859886416126296904e-01
2.352666130346112161e-01,1.910112359550561745e-01,3.910222496544752402e-01,2.510477136624889583e-01
5.288664138221660371e-02,2.921348314606741492e-01,5.666666666666666519e-01,7.397766970340434456e-02
